original_question,modified_question,short_answer,model_original_answer,classifier_reasoning,original_f1,original_em,original_AA,model_new_answer,new_em,new_f1,new_AA
"""Which Gilbert and Sullivan operetta is sub titled 'The Witches Curse""""?""","Which Gilbert and Sullivan operetta, originally subtitled ""The Witch's Curse,"" is also known by titles such as ""Ruddigore"" or ""Ruddygore""?",['ruddigore' 'ruddigore witch s curse' 'rudigore' 'ruddygore'],['The Sorcerer'],"The query seeks to identify a specific Gilbert and Sullivan operetta by its subtitle 'The Witches Curse'. While Gilbert and Sullivan produced numerous operettas, none are widely documented to have this exact subtitle. Possible confusion may arise from titles like 'The Mikado' (which features witches in its plot) or 'The Yeomen of the Guard', but these do not match the specified subtitle. Additionally, the phrasing 'sub titled' might imply a secondary title, but standard sources list primary titles only. Without explicit confirmation of an operetta bearing this subtitle, the query lacks sufficient specificity to yield a definitive answer.",0.0,0,0.0,['Ruddigore'],1,1.0,1.0
Wolf Mankowitz wrote the 1953 novel ‘A Kid For Two….’what’?,"What is the full title of the 1953 novel written by Wolf Mankowitz, starting with 'A Kid For Two'?",['farthings' 'farthing' 'farthing disambiguation' 'farthing coin'],['Farthings'],"The query contains multiple issues that make it underspecified. First, the title of the novel is truncated ('A Kid For Two….') and appears to be incorrectly formatted. Second, the final word 'what’?' is likely a typographical error (should be 'what?'), creating ambiguity about the exact question being asked. While the query includes the author, publication year, and partial title, these elements alone do not form a coherent, unambiguous question. Additionally, the reference to 'Wolf Mankowitz' may be misleading, as he is primarily known as a businessperson rather than a novelist, raising potential inaccuracies in the premise. Without clarification on the intended question (e.g., 'What is the full title?', 'Who is the publisher?', etc.), the query remains insufficiently defined.",1.0,1,1.0,['A Kid For Two Farthings'],0,0.4,1.0
Who is the patron saint of dancers?,"Who is recognized as the patron saint of dancers in Christian tradition, particularly in European cultural and historical contexts?","['saint crescentia' 'saint vitus' 'vitus' 's vito' 'vít'
 'vitus modestus and crescentia' 'st vito' 'vitus saint'
 'crescentia modestus and vitus saints' 'st vitus' 'saint guy'
 'sts vitus modestus and crescentia' 'modestus vitus and crescentia'
 'crescentia modestus and vitus' 'saint vitus day'
 'modestus vitus and crescentia saints' 'monastery of st vito'
 'saint vito']",['*   Saint Vitus'],"The query asks for a specific individual (a patron saint) associated with dancers. While 'patron saint' typically refers to a religious figure revered for protection or guidance within a particular field, the concept of a dedicated patron saint for dancers is not universally recognized in mainstream Christian tradition. Different cultures or regional practices may assign varying answers, but there is no singular, broadly accepted answer. The query lacks contextual clarification (e.g., specific denomination, cultural background, or historical reference), which introduces ambiguity. Without additional constraints, the question remains open to interpretation or incomplete information.",1.0,1,1.0,['*   Saint Vitus'],1,1.0,1.0
"When Mr Benn was looking for an adventure, what type of shop did he visit?","In the children's television series ""Mr Benn,"" what type of shop did the titular character visit when looking for an adventure?",['fancy dress shop'],['*   Costume shop\n*   Fancy dress shop'],"The query references 'Mr Benn,' a name that does not correspond to a widely recognized historical figure, literary character, or public persona. Without explicit contextual clarification (e.g., a specific book, movie, or cultural reference), the identity of 'Mr Benn' remains ambiguous. Additionally, the scenario of 'looking for an adventure' and visiting a 'shop' introduces speculative elements not grounded in established narratives. The lack of definitional clarity about 'Mr Benn' and the absence of contextual anchors render the query unable to be resolved definitively.",0.75,0,1.0,['Fancy dress shop'],1,1.0,1.0
What was made and repaired by a Wainwright?,What types of wagons and related components were historically made and repaired by a craftsman known as a Wainwright?,"['wagon' 'front axle assembly' 'wagon vehicle' 'horse drawn wagon'
 'waggon' 'farm wagon' 'delivery wagon' 'wagons' 'circus wagon']",['*   Wagons\n*   Carts\n*   Wheels'],"The query references 'a Wainwright,' which is ambiguous without clarification. A 'Wainwright' could refer to: (1) a historical figure (e.g., Thomas Wainwright, a railway engineer), (2) a mechanical device (e.g., a type of gear train used in 19th-century engineering), or (3) a company/name brand. The lack of contextual specification prevents determining whether the query pertains to objects made/repaired by a person, machine, or entity. Additionally, the phrase 'made and repaired by' implies a subject performing actions, further requiring clarification on the nature of 'Wainwright.'",0.5,0,0.75,"['*   Wagons (various types)\n*   Wheels (including spokes, felloes, hubs)\n*   Axles\n*   Chassis/Underframes\n*   Shafts and poles\n*   Brakes (wooden components)\n*   Other wooden structural parts of vehicles']",0,0.0869565217,1.0
Which company produced the Hastings and Herald aircraft?,"Which British company, known for its historic aircraft production during the mid-20th century, manufactured the Hastings and Herald aircraft models?","['handley page aircraft company' 'o 100 and o 400 handley page'
 'handley page slat' 'handley page reading' 'handley page o 100 and o 400'
 'handley page limited' 'handley page ltd' 'handley page']",['Handley Page'],"The query asks for the manufacturer of two aircraft models ('Hastings' and 'Herald'). While the terms 'Hastings' and 'Herald' may reference specific aircraft (e.g., historic British models), the query lacks critical contextual clues such as: 1) Time period of manufacture, 2) Country of origin, 3) Technical specifications, or 4) Clarification that these are distinct models. Without such details, multiple companies could potentially produce aircraft with similar names, leading to ambiguity. Additionally, the term 'Herald' is not definitively linked to a singular aircraft model in public records, further contributing to uncertainty.",1.0,1,1.0,['Handley Page'],1,1.0,1.0
What was the name of the Prime Minister of Egypt who was assassinated in 1910?,"What was the name of the Egyptian political figure, serving as Prime Minister under the khedival system, who was assassinated in 1910?",['boutros ghali pasha' 'boutros pasha ghali' 'boutros ghali'],['* Boutros Ghali'],"The query seeks a specific historical figure. While Egypt did not have a 'Prime Minister' in the modern sense during the early 20th century (the country was a British protectorate with a khedival system), the term 'Prime Minister' may not accurately describe the role. Historical records indicate no prominent individual holding such a title was assassinated in 1910. Additionally, the assassination of figures like Saad Zaghloul occurred in 1919, not 1910. The lack of clarity around the political structure and the non-existence of a matching historical event make the query underspecified.",1.0,1,1.0,['Boutros Ghali'],1,1.0,1.0
Who is the father-in-law of Manchester City footballer Sergio Kűn Aguerro?,"What is the name of the father-in-law of former Manchester City footballer Sergio Agüero, who was married to Giannina Maradona?","['maradona diego' 'diego armando maradona' 'maradonna' 'diego marradonna'
 'd10s' 'diego marradona' 'diego maradonna' 'diego maradona' 'el diego'
 'maradona']",['*   Diego Maradona'],"The query references 'Sergio Kűn Aguerro,' which appears to be a misspelled version of 'Sergio Agüero' (a real footballer). While the subject is identifiable, the query does not explicitly state the name of Sergio Agüero's spouse, which is required to determine his father-in-law. Without explicit information about his partner, the query relies on external knowledge that may not be universally accessible or verified. Additionally, the spelling inconsistency could lead to ambiguity about the intended individual.",1.0,1,1.0,['Diego Maradona'],1,1.0,1.0
Elizabeth Taylor made a fortune from what business aside from acting?,"What specific business venture, aside from acting, significantly contributed to Elizabeth Taylor's fortune, particularly in the fragrance and perfume industry?","['perfume bottles' 'eau de parfume' 'perfumedly' 'perfuming' 'perfumery'
 'perfumes' 'parfum' 'parfume' 'perfume industry' 'eau de toilet'
 'mens fragrance' 'perfume' 'perfume bottle' 'perfumed' 'men s fragrance'
 'eau de parfum' 'perfumingly' 'perfumeries' 'extrait de parfum']",['*   Perfume'],"The query seeks information about a specific business venture (other than acting) that contributed significantly to Elizabeth Taylor's wealth. While historical records indicate she was involved in fashion (e.g., 'Taylor Made' clothing line and 'Taylors' fragrance brand), the query does not explicitly clarify whether it refers to all such endeavors or the most prominent one. Additionally, while some sources mention real estate investments, these are less substantiated compared to her fashion-related enterprises. The ambiguity lies in whether the query expects a single primary source of income or multiple potential answers.",1.0,1,1.0,"['Elizabeth Taylor Fragrances (e.g., White Diamonds)']",0,0.0,1.0
What is the name of the charity for single parents founded in the 1970s which currently has J K Rowling as its President?,"What is the name of the charity for single parents, founded in the 1970s, that is named ""Gingerbread"" and is associated with J.K. Rowling as its current President?","['gingercake' 'pierniki' 'gingerbread' 'ginger cake' 'gingerbread cookie'
 'ginger breads' 'gingerbreads' 'ginger bread']",['*   Gingerbread'],"The query specifies three critical attributes: (1) a charity for single parents, (2) founded in the 1970s, and (3) current president is J.K. Rowling. While J.K. Rowling is publicly associated with charitable work (e.g., the Lumina Foundation), no widely recognized charity meets all three criteria simultaneously. The Lumina Foundation, which she chairs, was founded in 1983, not the 1970s. Other potential candidates either do not align with the timeline or have unclear leadership roles. Additionally, the phrasing 'currently has J.K. Rowling as its President' introduces ambiguity regarding her current role and the charity’s exact identity. These inconsistencies suggest the query lacks sufficient specificity to yield a definitive answer.",1.0,1,1.0,['Gingerbread'],1,1.0,1.0
Who was the UK Poet Laureate or the longest period?,"Which individual served as the UK Poet Laureate for the longest period, and what was their name?","['alfred tennyson' 'lord tennyson' 'tennyson poet' 'lord tennyson alfred'
 'tennysonian' 'alfred lord tennyson' 'tennyson' 'alfred lord tennison'
 'tennyson alfred 1st lord' 'alfred tennyson tennyson'
 'lord alfred tennyson' 'alfred tennyson lord tennyson'
 'baron alfred tennyson' 'alfred tennyson 1st baron tennyson']","['Alfred, Lord Tennyson']","The query contains structural ambiguity due to the use of 'or' connecting two distinct concepts: identifying a specific UK Poet Laureate and referencing 'the longest period.' This phrasing fails to clarify whether the intent is to find (1) the Poet Laureate associated with the longest tenure, (2) the maximum duration of service among Poets Laureate, or (3) a misinterpretation of the role itself. Additionally, the term 'longest period' lacks contextual specificity (e.g., years, terms, etc.). Without explicit clarification, the query cannot be definitively answered.",1.0,1,1.0,"['Alfred, Lord Tennyson, who served for 42 years.']",0,0.5454545455,1.0
A creance is the name of the long fine cord used in which sport?,"In the context of falconry, what is the name of the long fine cord used to tether a bird during training?","['falconry' 'imping' 'day old cockerel' 'austringer' 'falconeering'
 'hawking falconry' 'telwah']",['*   Falconry'],"The term 'creance' is not recognized in standard sports terminology. While 'creance' may appear to be a misspelled variant of 'crescent' or 'crepe,' neither of these terms corresponds to a long, fine cord in any widely known sport. Additionally, the absence of clear definitions or contextual clues regarding 'creance' leaves ambiguity about its intended meaning. Without further clarification or confirmation of the term's correctness, the query cannot be resolved definitively.",1.0,1,1.0,['Creance'],0,0.0,0.5
In June 2013 US Texas State Senator Wendy Davis filibustered for 10 hours to obstruct Texas state laws concerning?,"In June 2013, US Texas State Senator Wendy Davis filibustered for 10 hours to obstruct Texas state laws concerning abortion and related regulations.","['abortus provocatus' 'induced miscarriage' 'third trimester abortion'
 'abortion and health' 'abortionists' 'aborting' 'surgical abortion'
 'induced abortions' 'abortion in animals' 'aborted fetuses'
 'surgical termination of pregnancy' 'abortion induced' 'abortions'
 'abortion complications' 'abortion' 'aborted fetus'
 'termination of pregnancy' 'complications of abortion' 'abortionist'
 'abortion physical effects of' 'pine needle abortion' 'induced abortion'
 'pregnancy abortion' 'elective termination of pregnancy' 'abortus'
 'total abortion rate' 'medical termination of pregnancy'
 'physical effects of abortion' 'pregnancy termination'
 'elective abortion']",['*   Abortion access'],"The query provides sufficient contextual details about the event: the time (June 2013), the individual (Wendy Davis as a Texas State Senator), the action (filibusting for 10 hours), and the intent (to obstruct Texas state laws). However, the critical detail缺失is the specific subject matter of the laws being obstructed. While the query ends with 'concerning?', it does not explicitly state what the laws pertained to. This omission creates ambiguity about the precise focus of the filibuster, making the query technically underspecified due to the lack of clarity on the target legislation.",0.6666666667,0,1.0,['No question was asked.'],0,0.0,0.0
Who first drew Mickey Mouse when ?Disney first supplied the voice?,"Who was the first artist to draw Mickey Mouse, and which studio was involved in its creation when Walt Disney first provided the character's voice?","['celebrity productions' 'iwerks ub' 'ub iwerks' 'ubbe ert iwwerks'
 'ub iwerks studio']",['*   Ub Iwerks\n*   1928'],"The query contains multiple ambiguities and incomplete phrases. First, 'when ?Disney' appears to be a fragmented sentence with missing context. Second, the phrase 'first supplied the voice' is unclear—it may reference Disney's role in licensing voices for Mickey, but this is not explicitly tied to the earlier question about the artist. The query also mixes unrelated elements (creation vs. vocalization) without clear boundaries between them. These inconsistencies prevent precise interpretation of the user's intent.",0.8,0,1.0,['*   Ub Iwerks\n*   Walt Disney Studio'],0,0.75,1.0
Which of the Queen's horses won the 2013 Ascot Gold Cup?,"Which horse won the 2013 Ascot Gold Cup, and is there any evidence linking it to Queen Elizabeth II's ownership or association?","['estimating' 'estimated' 'estimate' 'overestimate' 'calculated guess'
 'estimation']",['*   Estimate'],"The query hinges on two potentially ambiguous references: 'the Queen's horses' and the 2013 Ascot Gold Cup. First, the Queen is not widely documented as owning racehorses, though she may have been associated with equestrian events. Second, the Ascot Gold Cup is a prestigious flat race where the winner is determined by performance, not ownership ties. While the 2013 winner was Tiz the Law, there is no credible evidence linking him to the Queen's stables. The query assumes a connection between the Queen and the race outcome that is not substantiated by historical records, rendering the question underspecified due to lack of clear, verifiable premises.",1.0,1,0.5,"['*   Estimate\n*   Yes, Estimate was owned by Queen Elizabeth II.']",0,0.2,1.0
The word Tet in the Tet Offensive (N Vietnam/Viet Cong against S Vietnam/US forces on 30 Jan 1968) referred to the national?,"What does the word ""Tet"" in the name ""Tet Offensive"" (a military campaign launched by North Vietnam and the Viet Cong against South Vietnam and U.S. forces on January 30, 1968) refer to in the context of Vietnamese culture?","['new year' 'new year festival' 'new year s' 'turn of year' 'new years'
 'annunciation style' 'annunciation style dating']",['*   New Year holiday'],"The query appears to seek clarification on the meaning of 'Tet' in the context of the Tet Offensive. While the phrase 'Tet Offensive' is well-documented historically as referring to a 1968 military campaign during the Vietnam War, the term 'Tet' itself originates from the Vietnamese Lunar New Year (Tết Nguyên Đán). The query ambiguously combines factual elements (dates, participants) with a conceptual question ('referred to the national?') that may imply confusion between the holiday (Tết) and the offensive's name. Additionally, the reference to 'national' suggests ambiguity about whether the question seeks clarification on the holiday, the offensive's origin, or another concept. The lack of clarity around the intended focus (holiday vs. offensive naming convention) makes the query underspecified.",0.8,0,1.0,['*   Vietnamese New Year'],0,0.8,1.0
By what first name is West Indian cricketer Sarwan known?,What is the first name of the West Indian cricketer Ramnaresh Sarwan?,['ramnaresh'],['Ramnaresh'],"The query seeks the first name associated with a West Indian cricketer whose surname is 'Sarwan.' While 'Sarwan' may refer to a lesser-known athlete, the most plausible interpretation involves checking for potential typos or alternative names. A notable West Indian cricketer with a similar surname is Darren Sammy (last name 'Sammy'), but 'Sarwan' does not match any widely recognized cricketer. Without explicit confirmation of the individual's identity or additional contextual clues (e.g., nickname, team, era), the query remains ambiguous. The lack of definitive references to 'Sarwan' as a cricketer introduces uncertainty about the correct answer.",1.0,1,1.0,['Ramnaresh'],1,1.0,1.0
"""Which American President used the slogan: """"It's the economy, stupid"""" for his presidential campaign?""","Which American President, during his 1992 presidential campaign, was associated with the phrase ""It's the economy, stupid,"" popularized as a key message by his campaign strategist James Carville?","['william jefferson blythe iv' 'william clinton' 'clinton bill'
 'william jefferson blythe iii' 'bill blythe iv'
 'willam jefferson blythe iii' 'president clinton' 'billll clinton'
 'clintonesque' 'william blythe iii' 'billl clinton' 'bubba clinton'
 'bill clinton 5c' 'bull clinton' 'virginia clinton'
 'bill jefferson clinton' 'william 22bill 22 clinton'
 '42nd president of united states' 'bill j clinton'
 'us president bill clinton' 'clinton gore administration'
 'virginia clinton kelly' 'billclinton' 'billy clinton' 'bill klinton'
 'buddy clinton s dog' 'bill clinton' 'williamjeffersonclinton'
 'william j blythe' 'mtv president' 'william jefferson bill clinton'
 'klin ton' 'william j clinton' 'bill clinton s post presidency'
 'william jefferson 22bill 22 clinton' 'willy clinton' 'bil clinton'
 'virginia cassidy blythe' 'william j blythe iii' 'president bill clinton'
 'virginia kelly' 'bill clinton s sex scandals'
 'william jefferson clinton']","['*   ""Bill Clinton""']","The query seeks to identify an American president associated with the slogan 'It's the economy, stupid.' This phrase originates from a 1988 Washington Post article mocking Democratic nominee Michael Dukakis' focus on economic issues. While Dukakis ran against Republican George H.W. Bush in that election, the slogan was not officially adopted by Dukakis nor any other president. The query incorrectly attributes the slogan to a president, leading to ambiguity about its proper contextual usage and source.",1.0,1,1.0,['Bill Clinton'],1,1.0,1.0
'Yellow River' was a May 1970 No.1 for who?,"Which artist had a No.1 hit on the UK Singles Chart in May 1970 with the song ""Yellow River""?",['christie disambiguation' 'christie'],['Christie'],"The query specifies the song title ('Yellow River'), the chart position (No.1), and the date (May 1970). However, 'Yellow River' is not uniquely identified as a single song in mainstream music history. Multiple artists have released songs with similar titles, and the lack of clarification regarding the chart (e.g., Billboard, UK Top 40) introduces ambiguity. Without further constraints, the query could refer to different songs or chart systems, leading to potential multiple valid answers.",1.0,1,1.0,['Christie'],1,1.0,1.0
On which Italian track was the Formula One San Marino Grand Prix held?,"On which Italian track, specifically the Autodromo Internazionale Enzo e Dino Ferrari in Imola, was the Formula One San Marino Grand Prix held during its tenure from 1981 to 2006?",['rocca sforzesca' 'imolensis' 'forum cornelii' 'ìmola' 'imola'],"['*   ""Autodromo Internazionale Enzo e Dino Ferrari"" (Imola)']","The query asks for the 'Italian track' of the San Marino Grand Prix. While the race has historically been held at the Autodromo Internazionale di Monza (Italy), this is incorrect as Monza is in Lombardy, not San Marino. The actual correct track is the Imolese Circuit (Autodromo di Imola) in Emilia-Romagna, Italy. However, the San Marino Grand Prix has also been held at the Misano World Circuit Marco Simoncelli in Italy since 2007. Without specifying a particular year, the query is ambiguous because the track varied over time. Additionally, the term 'San Marino' refers to a sovereign city-state, not a region, so the connection between the race and Italy is context-dependent.",0.25,0,1.0,['Autodromo Internazionale Enzo e Dino Ferrari'],0,0.0,0.5
What is the principal charity for single parent families in the UK?,"What is the name of the leading UK-based charity specifically dedicated to supporting single parent families, widely recognized for its impact and advocacy work?","['gingercake' 'pierniki' 'gingerbread' 'ginger cake' 'gingerbread cookie'
 'ginger breads' 'gingerbreads' 'ginger bread']",['*   Gingerbread'],"The query seeks the 'principal' charity serving single parent families in the UK. While it specifies the geographic scope (UK), the target demographic (single parent families), and the organizational type (charity), it lacks critical parameters to definitively identify a singular entity. Ambiguities include: 1) What defines 'principal'? (e.g., largest donor, most impactful, highest profile?) 2) Are governmental bodies excluded despite their role in support? 3) Does 'charity' encompass non-profit organizations, NGOs, or other entities? Additionally, the UK hosts multiple charities with overlapping missions, making it unclear which qualifies as 'primary.'",1.0,1,1.0,['Gingerbread'],1,1.0,1.0
Who were the first League Cup winners,Who were the first winners of the English Football League Cup?,"['aston villa fc' 'avfc' 'aston villa football club' 'aston villa'
 'aston villa f c' 'villa football club' 'aston vil'
 'aston villa hall of fame' 'villa news and record']",['*   Aston Villa'],"The term 'League Cup' is not uniquely defined across sports or regions. It could refer to multiple competitions: e.g., the FA Cup in England, the Coupe de France in France, the Spanish Copa del Rey, or other national league cups. Without specifying the sport, country, or competition, the query lacks sufficient context to identify the correct historical event or organization. Additionally, 'League Cup' may overlap with terms like 'FA Cup' or 'Champions League,' further causing ambiguity.",1.0,1,1.0,['Aston Villa'],1,1.0,1.0
The existance of which planet was mathematically,Which planet in our solar system was first discovered through mathematical predictions rather than direct observation?,['neptune'],['*   Neptune'],"The query is incomplete and contains grammatical errors ('existance' instead of 'existence'). Additionally, it lacks critical contextual information such as the field of study (e.g., astronomy, astrophysics), the specific mathematical method employed (e.g., Kepler's laws, orbital dynamics), or constraints on the planetary candidate (e.g., within our solar system, exoplanets, etc.). The question also fails to specify what aspect of the planet's existence is being questioned (discovery, classification, theoretical prediction). These omissions prevent the query from being unambiguously answered.",1.0,1,1.0,['Neptune'],1,1.0,1.0
On a motorway what is the speed limit for a car towing a caravan?,What is the speed limit for a car towing a caravan on a motorway in the UK?,['60 mph' '60 speed' 'sixty speed'],['*   60 mph'],"The query asks for the speed limit for a vehicle towing a caravan on a motorway. While the core elements (motorway, car, caravan) are clear, the critical missing detail is the geographical jurisdiction. Speed limits vary significantly across countries (e.g., UK: 60 mph, Germany: 100 km/h). Without specifying a region, the answer cannot be definitively determined. Additionally, local traffic laws may impose further restrictions, but the lack of contextual specificity renders the query underspecified.",1.0,1,1.0,['60 mph'],1,1.0,1.0
In which city was the wheelchair bound Robert Ironside Chief of detectives?,"In which city, depicted in the 1967-1975 American television series ""Ironside,"" did the fictional wheelchair-bound Chief of Detectives Robert Ironside work?","['san francisco city and county'
 'mckinley elementary school san francisco' 'san francisco california u s'
 'san fransciso' 'city by bay' 'friscoe' 'climate of san francisco'
 'san francisco calif' 'san francisco california us' 'san francisco usa'
 'weather in san francisco' 'san franciso' 'san francisco us ca'
 'county of san francisco' 'san franscisco' 'san franciscan'
 'county of san francisco california' 'san fran california'
 'san francisco ca united states' 'city that knows how'
 'san francisco california usa' 'un locode ussfo' 'san fransico'
 'baking arts' 'san francisco united states' 'san fran'
 'city county of san francisco' 'sanchez street'
 'san fransico county california' 'san pancho' 'baghdad by bay'
 'san fransisco' 'sanfracisco' 'more reading about san francisco'
 'san francisco county ca' 'san fransisco ca'
 'demographics of san francisco'
 'city and county of san francisco california' 'san fransico california'
 'crime in san francisco' 'san francisco ca' 'san francisco'
 'san francisco california' 'city and county of san francisco'
 'city of san francisco california' 'san francisco radio stations' 'sf ca'
 'mclaren california' 'old gold mountain' 'san franciscans'
 'san francisco united states of america' 'city of san francisco'
 'san fransisco california' 'san francisco california united states'
 'san francisco county' 'radio stations in san francisco'
 'san francisco county california' 'hamlin school']",['San Francisco'],"The query seeks to identify the city associated with Robert Ironside, described as 'wheelchair bound' and serving as 'Chief of Detectives.' While the name 'Robert Ironside' may reference a historical or fictional figure, critical contextual information is missing: (1) The specific country/jurisdiction where this role exists (e.g., UK, US, Canada, etc.), as 'Chief of Detectives' varies by system; (2) Temporal context (when Ironside held the role); and (3) Verification of whether 'Robert Ironside' is a historically documented individual with this title. Additionally, the phrase 'wheelchair bound' introduces ambiguity about the nature of his disability and its relevance to his professional role. Without these details, the query lacks specificity to yield a definitive answer.",1.0,1,1.0,['San Francisco'],1,1.0,1.0
The expression 'Go West' originally (mid-1800s) encouraged people to move from/within?,"In the mid-1800s, the expression 'Go West' originally encouraged people to migrate from the eastern regions of the United States to the western territories within the United States as part of the westward expansion movement. What country does this historical context pertain to?","['u s of america' 'u–s–' 'estatos unitos' 'amarica'
 'america united states of' 'v s amerika' 'states of america' 'amurika'
 'unitesd states' 'estados unidos de america' 'america'
 'united states of america oldpage' 'america us' 'nited states'
 'etats unis d amerique' 'united stated' 'verenigde state van amerika'
 'america united states' 'merica' 'amurka' 'amurica' 'v s america' 'us'
 'americophile' 'états unis d amérique' 'united states america'
 'الولايات المتحدة الأمريكية' 'eeuu' 'amercia'
 'united states of america u s' 'unitd states' 'us america'
 'estados unidos' 'etymology of united states' 'america magazine'
 'u s american' 'united states of america usa' 'united states of amerca'
 'united states u s' 'us and' 'etats unis' 'untied states of america'
 'united states introduction' 'america usa' 'u s of' 'iso 3166 1 us'
 'federal united states' 'usofa' 'americia' 'untied states'
 'america class' 'american united states' 'nagkaisang mga estado'
 'estaos unios' 'vs america' 'united states' 'united states country'
 'los estados unidos de america' 'los estados unidos de américa'
 'america country' 'yankee land' 'usoa' 'u s' 'united states us'
 'united states of america redirect' 'vereinigte staaten'
 'estados unidos de américa' 'ee uu' 'unites states'
 'stati uniti d america' 'los estados unidos' 'estaos uníos' 'amerka'
 'us country' 'usa' 'unitedstates' 'unite states of america' 'états unis'
 'united state of america' 'united staets of america' 'us of'
 'unites states of america' 'united sates' 'u–s' 'name of united states'
 'u s america' 'us of america' 'u –s –' 'united states of american'
 'united states of america introduction' 'verenigde state' 'americaland'
 'vs amerika' 'these united states of america' 'unite states'
 'unietd states' 'united states of america' 'united–states' 'u –s']",['*   Eastern United States to the Western United States'],"The query seeks clarification on the geographical scope of the phrase 'Go West' as a motivational slogan during the mid-1800s. While the temporal reference ('mid-1800s') provides contextual precision, the core ambiguity lies in interpreting 'move from/within.' Historically, 'Go West' was tied to American westward expansion, particularly encouraging migration from the Eastern U.S. (e.g., Appalachians, Midwestern settlements) toward the Western frontier (e.g., Oregon Territory, California). However, the phrasing 'from/within' introduces potential ambiguity: Does it refer to origins (eastern U.S.), destinations (Western territories), or internal movements within a specific region? Without further constraints, the query lacks specificity regarding the exact geographic boundaries or intent behind the phrase's original use.",0.4444444444,0,1.0,['United States'],1,1.0,1.0
"What is a name for a type of private club in city outskirts or rural areas that usually offers a variety of recreational sports facilities such as golf, tennis, swimming and polo?","What is the commonly used term for a type of private club, typically located on the outskirts of cities or in rural areas, that provides recreational sports facilities such as golf, tennis, swimming, and polo, and is recognized globally without specific regional or cultural variations?","['tropicana country club' 'golf club institution' 'country club'
 'country clubs']",['*   Country club'],"The query seeks a specific term for a private club with defined characteristics (location: city outskirts/rural; amenities: golf, tennis, swimming, polo). While 'country club' is a strong candidate that fits these attributes globally, the query lacks contextual specificity (e.g., regional variations, cultural nuances) that may influence the precise terminology. Additionally, the phrase 'type of private club' implies a categorical label rather than a unique entity, suggesting potential ambiguity in defining a singular, universally applicable name. The absence of constraints (e.g., geographic focus, industry standards) leaves room for alternative interpretations, making the query partially open-ended.",1.0,1,1.0,['Country club'],1,1.0,1.0
Which month of the year came second in the Roman calendar?,"Which month of the year was considered the second in the ancient Roman calendar before the Julian reforms, when the year began in March?","['㋃' 'april month' 'april' 'aprill' 'cruellest month' '31 april'
 'april 31' 'apr' 'mali traven' 'апрель']",['April'],"The query asks for the second month in the 'Roman calendar,' but does not clarify which specific version of the Roman calendar being referenced. The ancient Roman calendar initially began with March as the first month, making February the second. Later reforms, such as the Julian calendar introduced by Julius Caesar, reorganized the calendar to start with January as the first month, making February the second again. Without specifying the calendar system (e.g., pre-Julian vs. post-Julian), the answer hinges on historical interpretation. Additionally, the Roman calendar underwent further modifications in the early Common Era, adding February as a separate month and adjusting orderings. This ambiguity regarding the timeline and exact calendar structure renders the query underspecified.",1.0,1,1.0,['Aprilis'],0,0.0,1.0
How many ‘Triangles’ are there on the logo of car manufacturer BMW?,"How many distinct geometric triangles can be identified within the design of the BMW logo, considering only explicit triangular shapes and not implied patterns?",['four' '4'],['* 0'],"The BMW logo features three interlocked circles arranged in a symmetrical triangular pattern. While the circles form a triangular silhouette, they are not actual geometric triangles. The ambiguity lies in interpreting 'triangles' as literal shapes versus conceptual arrangements. Additionally, the logo’s design does not include any explicit triangular elements beyond the implied symmetry of the circular arrangement. This lack of clarity regarding the definition of 'triangle' in the context of the logo makes the query underspecified.",0.0,0,0.0,['0'],0,0.0,0.0
"""In the film of the same name, what was the name of """"The Hustler""""?""","In the 1961 film *The Hustler*, what was the name of the main character nicknamed ""The Hustler""?",['fast eddie felson'],"['*   ""Fast Eddie"" Felson']","The query appears to refer to the 1961 film *The Hustler* (directed by Robert Rossen), but the phrasing is ambiguously recursive. The phrase 'film of the same name' suggests the film's title is 'The Hustler,' yet the question asks for the 'name of ""The Hustler,""' which is redundant since the film is already titled 'The Hustler.' Additionally, the reference to 'The Hustler' may allude to the character Eddie Futch (played by Paul Newman), but the query does not clarify whether it seeks the film's title or the character's name. This ambiguity creates uncertainty about the exact intent of the question.",1.0,1,1.0,['Fast Eddie Felson'],1,1.0,1.0
Mrs Darrell Waters books were translated into 120 languages. What was her pen name?,"What was the pen name of the author Enid Mary Blyton, who wrote books that were translated into 120 languages and was also known by her married name, Mrs. Darrell Waters?","['enid mary blyton' 'little lose hen' 'enid bylton' 'mary pollock'
 'little lost hen' 'enid blyton s short stories' 'enid blyton'
 'blyton enid' 'enid blighton']",['Agatha Christie'],"The query asks for the pen name of an author identified only by their real name 'Mrs. Darrell Waters,' along with contextual information about book translations. While the number of language translations (120) may imply widespread recognition, it does not inherently link to a specific pen name. The critical issue lies in the ambiguity of 'Mrs. Darrell Waters': there is no established literary figure with this exact name in mainstream literature, and the connection between the translation detail and the pen name remains unclear. Without explicit confirmation of the author’s identity or prior association with a pen name, the query lacks sufficient specificity to yield a definitive answer.",0.0,0,0.0,['Enid Blyton'],1,1.0,0.5
"In 1986, whilst facing England which West Indian batsman scored the fastest ever Test century in just 56 balls?","In 1986, during a Test match against England, which West Indian batsman, known as Sir Isaac Vivian Alexander Richards, scored the fastest Test century at the time in just 56 balls?","['sir viv' 'sir isaac vivian alexander richards knh' 'sir vivian richards'
 'viv richards' 'sir viv richards' 'iva richards'
 'isaac vivian alexander richards' 'vivian richards'
 'sir isaac vivian alexander richards']",['*   Viv Richards'],"The query specifies the critical contextual elements needed to identify the correct answer: the year (1986), the opposing team (England), the player's nationality (West Indian), and the unique achievement (fastest Test century in 56 balls). While historical accuracy requires verification, the query provides sufficient constraints to pinpoint the batsman. The term 'fastest ever Test century' refers to Brian Lara's record of 102* off 56 balls against Sri Lanka in 1994, but this contradicts the stated year (1986). This discrepancy suggests potential underspecification, as the query may contain conflicting facts. However, the structure of the question remains logically complete—assuming the premise is accurate, all required variables are included.",1.0,1,1.0,['Viv Richards'],1,1.0,1.0
"G-BOAG, G-BOAC, and F-BVFC and the tragic F-BTSC designated what iconic 20thC invention?","Which iconic 20th-century supersonic passenger aircraft, known for its advanced engineering and luxury service, is associated with the registrations G-BOAG, G-BOAC, F-BVFC, and the tragically crashed F-BTSC?","['bae aerospatiale concorde' 'f wtsa' 'f bvff' 'aerospatiale bac concorde'
 'aérospatiale concorde' 'g boaf' 'concorde' 'f wtsb' 'airbus concorde'
 'speedbird one' 'concorde sst' 'g boad' 'bae aérospatiale concorde'
 'aerospatiale bac concorde 206' 'g axdn' 'f bvfb' 'f bvfc' 'f bvfa'
 'g boaa' 'f wtss' 'aerospatiale british aerospace concorde'
 'bac concorde' 'concorde aeroplane' 'concorde airplane' 'son of concorde'
 'g boae' 'concorde plane' 'g boac' 'aérospatiale bac concorde' 'g boab'
 'g bsst' 'aerospatiale concorde' 'f btsd' 'g boag'
 'aerospatiale bac concorde sst' 'f bvfd'
 'aérospatiale british aerospace concorde']",['*   Concorde'],"The query references specific aircraft registrations (G-BOAG, G-BOAC, F-BVFC, F-BTSC) and asks about a 20th-century invention. While the exact connection between these aircraft and the invention is not explicitly clear, the inclusion of 'tragic' with F-BTSC hints at a historical accident or event tied to aviation history. The term 'designated' implies association rather than direct causation. Key clues include: 1) G-BOAG and G-BOAC are British Royal Air Force (RAF) registrations for earlier aircraft; 2) F-BVFC is a De Havilland DH82A Tiger Moth (trainer); 3) F-BTSC is a Boeing B-17E, a WWII bomber. Despite ambiguity, the phrase 'iconic 20thC invention' strongly aligns with the **jet engine** or **aviation advancements**, particularly the de Havilland Comet (first jet airliner), which faced tragedies and innovations. The lack of explicit contextual links (e.g., dates, events) means the query relies heavily on external knowledge, making it underspecified.",1.0,1,1.0,['Concorde'],1,1.0,1.0
"What was the name of the character played by Michael Caine in a total of five films, the first of which was ‘The Ipcress File’?","What was the name of the recurring character played by Michael Caine in exactly five films, starting with the 1965 movie ‘The Ipcress File’?",['palmer harry' 'harry palmer'],['*   Harry Palmer'],"The query seeks the name of a character played by Michael Caine in exactly five films, with the first being *The Ipcress File*. While *The Ipcress File* (1965) features Michael Caine as Richard Marcus, the challenge lies in verifying if there is a character he played in precisely five films, including this one. Michael Caine has appeared in numerous films, often in distinct roles. A critical ambiguity arises: does the query refer to a single character repeated across five films (unlikely, as Caine typically plays different roles), or a set of five films where he played varying characters, with the first being *The Ipcress File*? Without additional constraints (e.g., specifying the five films or narrowing down the character), the query remains underspecified due to insufficient context to uniquely identify the intended character.",1.0,1,1.0,['Harry Palmer'],1,1.0,1.0
Who created the ‘A’ Line in 1955?,Who created the ‘A’ Line fashion collection in 1955?,['jacques benita' 'dior monsieur' 'christian dior'],['*   Christian Dior'],"The query contains three key components: the subject ('A' Line), the timeframe (1955), and the verb (created). However, the term 'A Line' is ambiguous without contextual clarification. It could refer to various entities such as a subway line (e.g., Washington Metro's 'A' line), a business/product, a technological system, or a fictional concept. Additionally, while 1955 provides a temporal constraint, the lack of specificity regarding the nature of the 'A' Line introduces uncertainty. The query also fails to specify the domain or field of operation (e.g., transportation, technology, art) which further complicates identifying the correct entity. These ambiguities prevent the query from being unambiguously resolved.",1.0,1,1.0,['Christian Dior'],1,1.0,1.0
What is the family home of the Spencer family for over 500 years?,"What is the historic family home of the Spencer family, located in Northamptonshire, England, and associated with their lineage for over 500 years?","['lancelot edward wood' 'althorp northamptonshire' 'althorp house'
 'althorp']",['*   Althorp House'],"The query refers to the 'Spencer family,' which is a broad term encompassing multiple historic lineages (e.g., the Dukes of Marlborough, Duke of Buccleuch, etc.). The phrase 'family home' lacks specificity regarding geographic location, architectural style, or historical context. Additionally, while the timeframe ('over 500 years') narrows possibilities, it does not uniquely identify a single property among potential Spencer ancestral homes across Europe. The absence of explicit regional or chronological anchors creates ambiguity.",1.0,1,1.0,['Althorp'],1,1.0,1.0
With which pop group is Lou Reed associated?,With which avant-garde rock band from the 1960s and 1970s is Lou Reed most famously associated?,['velvet underground'],['The Velvet Underground'],"The query seeks to associate Lou Reed with a 'pop group,' but Lou Reed is primarily known as a singer-songwriter and member of the avant-garde rock band the Velvet Underground (1960s-1970s), not a pop group. While he later pursued a solo career and worked with artists across genres, there is no significant historical association between him and a traditional 'pop' group. The query's reliance on the term 'pop group' introduces ambiguity, as it may mislead or overlook his non-pop artistic affiliations. Additionally, the lack of contextual specificity (e.g., time period, genre nuances) makes the query unclear without further clarification.",1.0,1,1.0,['The Velvet Underground'],1,1.0,1.0
"Name the year in which Driving Miss Daisy won the Best Picture Oscar, Mikhail Gorbachev is elected as the first executive President of the Soviet Union and Iraq invaded Kuwait?","In what year did Iraq invade Kuwait, Mikhail Gorbachev become the first executive President of the Soviet Union, and the film ""Driving Miss Daisy"" win the Academy Award for Best Picture?",['one thousand nine hundred and ninety' '1990'],['1990'],"The query asks for a single year that simultaneously satisfies three distinct historical events. 'Driving Miss Daisy' won Best Picture in 1986. Mikhail Gorbachev became General Secretary of the Soviet Union in 1985 (not explicitly termed 'executive President'). Iraq's invasion of Kuwait occurred in 1990. These events span non-overlapping timeframes (1985-1986 vs. 1990), making it impossible for all three to coincide in a single year. The query lacks clarity on whether overlapping years are acceptable or if the user expects separate answers for each event.",1.0,1,1.0,['1990'],1,1.0,1.0
Which golf club is designed to hit the ball the furthest distance?,"Which golf club, specifically designed for maximizing distance off the tee in standard conditions, is most commonly used by players?",['driver disambiguation' 'driver film' 'driver' 'drivers' 'key driver'],['*   Driver'],"The query seeks to identify a golf club optimized for maximizing distance. While common knowledge suggests the driver (a wooden club with a large head) is typically associated with longest shots, the question lacks critical contextual details. Factors such as ball type, player skill, terrain, and even wind conditions significantly impact actual distance. Additionally, modern alternatives like fairway woods or hybrids may perform differently under specific scenarios. Since the query does not define 'design' criteria (e.g., material, weight, loft), nor clarify usage context, multiple valid answers exist depending on assumptions.",1.0,1,1.0,['Driver'],1,1.0,1.0
Star Trek: TOS was cancelled in 1969 after how many years on the air?,How many years was Star Trek: The Original Series (TOS) on the air from its premiere in 1966 until its cancellation in 1969?,['three' '3'],['3 years'],"The query seeks to calculate the number of years Star Trek: TOS aired before its cancellation in 1969. To answer this, the start year of the series is required. While the user may implicitly assume the show premiered in 1966 (a widely known fact), the query itself does not explicitly state this critical piece of information. Without specifying the debut year, the calculation depends on external knowledge, making the query reliant on assumptions rather than directly providing all necessary data.",0.6666666667,0,1.0,['3 years'],0,0.6666666667,1.0
Over how many complete furlongs is the Chester Cup now run?,"As of 2023, over how many complete furlongs is the Chester Cup officially run?",['eighteen' '18'],['*   18'],"The query seeks information about the current distance of the Chester Cup race in furlongs. While 'now' suggests the present, the question is underspecified because it relies on contextual knowledge of the race's historical modifications. The Chester Cup's distance may have changed over time (e.g., from 1 mile [8 furlongs] to different distances), and without specifying a particular year or source of authority (e.g., official racing regulations), the answer hinges on external, potentially evolving data. A fully specified query would include additional constraints such as a specific year or governing body's rules.",1.0,1,1.0,['18'],1,1.0,1.0
In which year did St George die?,"In which year did Saint George, the Roman military officer executed during Diocletian's persecution of Christians, die?",['303' 'three hundred and three'],['c. 303 AD'],"The query refers to 'St George' as a proper noun, but the name 'St George' is ambiguous due to multiple historical figures bearing this name. The most common reference is Saint George (c. 280–303 AD), a Roman military officer executed during Diocletian's persecution of Christians. However, there exists Saint George of Lykonia (circa 1st century AD), a Christian martyr, and other lesser-known variants. The lack of contextual clarification (e.g., region, era, or specific historical role) means the query could refer to any of these individuals, making the answer dependent on interpretation. Thus, the query is underspecified.",0.5,0,1.0,['303 AD'],0,0.6666666667,1.0
"Who has been President of France twice, but never been elected to the position?",Who is the only person to have served twice as the interim President of France without ever being elected to the position?,['alain poher'],['Alain Poher'],"The query seeks a person who has held the French presidency twice but was never elected. According to historical records, all Presidents of France since the Fifth Republic (established in 1958) have been directly elected by the public. Even instances where a President assumed office after the resignation or death of a predecessor required subsequent election. Notable exceptions include Charles de Gaulle, who was elected twice but also served a third term through political maneuvering rather than election. However, no individual has ever been President of France twice without having been elected at least once. Thus, the premise of the query is logically inconsistent with established facts.",1.0,1,1.0,['Alain Poher'],1,1.0,1.0
"As well as gold, silver and platinum, objects made of what other material have to be hallmarked by an Assay Office?","In the context of modern UK law, as well as gold, silver, and platinum, objects made of what other material are required to be hallmarked by an Assay Office?",['palladium'],['*   Palladium'],"The query asks about materials requiring assay office hallmarking beyond gold, silver, and platinum. While historical UK regulations (e.g., pre-1973) included copper and nickel for articles over £10, modern UK law (post-1973) requires hallmarking only for gold, silver, and platinum. However, the query lacks critical contextual details: (1) geographic jurisdiction (UK vs.其他国家), (2) temporal scope (pre/post-1973), and (3) regulatory framework (e.g., European Union standards). These omissions make the query ambiguous, as requirements vary by region and time period.",1.0,1,1.0,['Palladium'],1,1.0,1.0
Chi is the Chinese year of what?,"What Chinese zodiac sign is associated with the term 'Chi,' and could it refer to the year of the Rooster?",['cock' 'cock disambiguation' 'cocks'],['Pig'],"The query appears to ask for the Chinese zodiac year associated with the term 'Chi.' However, 'Chi' is not a recognized zodiac sign in the traditional 12-year cycle (Rat, Ox, Tiger, Rabbit, Dragon, Snake, Horse, Goat, Monkey, Rooster, Dog, Pig). While 'Chi' may refer to the Chinese character '氣' (qi, vital energy), this is unrelated to the zodiac system. Furthermore, the query lacks specificity regarding the intended year being referenced, as the zodiac cycle repeats every 12 years and requires contextual information (e.g., specific year or era) to identify the correct sign. The ambiguity in terminology ('Chi') and lack of temporal context render the query underspecified.",0.0,0,0.0,"[""*   Rooster (if 'Chi' is a phonetic approximation of 'Jī')\n*   Yes, it could refer to the year of the Rooster if 'Chi' is a phonetic approximation of 'Jī'.""]",0,0.0,1.0
"Born 'Lucille LeSueur' , By what name is this actress better known?","What is the better-known stage name of the American actress born as Lucille Fay LeSueur, who rose to fame during the Golden Age of Hollywood and is widely recognized for her roles in classic films such as ""Mildred Pierce""?",['lucille lesueur' 'joan crawford' 'crawford joan' 'lucille fay lesueur'],"['*   ""Joan Crawford""']","The query seeks the better-known name of an actress born as Lucille LeSueur. While the birth name provides a starting point, it lacks critical contextual information such as the full legal name, profession, era, or distinguishing traits. Multiple individuals may share this birth name, and without additional constraints (e.g., notable works, historical period), the query cannot uniquely identify the intended subject. This ambiguity renders the query underspecified.",1.0,1,1.0,['Joan Crawford'],1,1.0,1.0
According to Latin grammatical rules what is the singular of candelabra?,"According to the rules of Latin grammar and the etymology of the word, what is the singular form of the English term 'candelabra,' which is derived from the Latin word 'candelabrum'?",['candelabra' 'candleabra' 'candelabrum' 'candleabrum' 'candelabra tower'],['candelabrum'],"The query is underspecified because 'candelabra' is not a Latin word. It originates from Greek ('kandela'), and Latin does not have a direct equivalent. Applying Latin grammar to this non-Latin term creates confusion. Additionally, the question lacks clarification on whether the user intends to use the English borrowing 'candelabra' (which may derive from Latin 'candelabrum') or the Greek root. Without specifying the linguistic source, the query cannot be fully resolved under strict Latin grammatical rules.",1.0,1,1.0,['*   candelabrum'],1,1.0,1.0
Which of the London Livery Companies is first in order of preference?,Which London Livery Company holds the first position in the Order of Precedence as established by historical ceremonial ranking?,"['mercers guild' 'mercers hall' 'mercers company'
 'worshipful company of mercers' 'mercers']","[""*   The Mercers' Company""]","The query asks for the 'first in order of preference' among London Livery Companies, but it fails to define what criterion determines this ordering. While there exists a historical chronology of the companies' founding dates, the term 'order of preference' could theoretically relate to multiple factors such as alphabetical arrangement, ceremonial priority, economic significance, or other unquantified metrics. Without explicit clarification of the sorting mechanism, the query remains ambiguous and unable to produce a definitive answer.",1.0,1,1.0,"[""The Mercers' Company""]",1,1.0,1.0
"Terry Molloy, David Gooderson and Julian Bleach have all portrayed which villain in the UK television series Dr Who?","Which singular villain, known as the creator of the Daleks, has been portrayed by Terry Molloy, David Gooderson, and Julian Bleach in the UK television series Doctor Who?",['davros' 'creator of daleks'],['*   Davros'],"The query asks for a single villain that all three actors have portrayed in 'Doctor Who'. However, based on historical casting records: Terry Molloy played Raskal (a Dalek) in Season 10; David Gooderson portrayed Davros in the first season; and Julian Bleach played various Cybermen (not a singular villain). Since none of these actors share the same specific villain role, the query contains inconsistent premises. Additionally, the term 'villain' is vague without specifying a particular antagonistic character. The query assumes a shared role where none exists.",1.0,1,1.0,['Davros'],1,1.0,1.0
"What separates Wales from Devon, England?","What body of water geographically separates Wales from Devon, a county in southwestern England?","['bristol channel' 'aber henfelen' 'môr hafren' 'welsh channel'
 'mor hafren']",['*   Bristol Channel'],"The query asks for the 'separator' between Wales and Devon, England. While Wales is a country located to the northwestern edge of the UK, Devon is a county in southwestern England. These two locations are not directly adjacent, but they share a common geopolitical context (both part of the UK). The phrase 'separates' implies a physical or conceptual boundary, but the question lacks clarity on the type of separation being sought: a geographical feature (e.g., ocean, mountain range), political boundary, or metaphorical distinction. Additionally, the relationship between Wales and Devon is inherently ambiguous due to their shared national identity, making the query insufficiently defined.",1.0,1,1.0,['Bristol Channel'],1,1.0,1.0
The 'impossible' Penrose Stairs and Devil's Pitchfork are famous?,Are the 'impossible' Penrose Stairs and the Devil's Pitchfork famous examples of optical illusions or visual tricks that challenge perceptual organization and create a trick of the eye?,"['cube dilemma' 'visual illusion' 'optic illusion' 'eye illusion'
 'optical illusion' 'trick of eye' 'optical illusions' 'circularvection'
 'perceptual organization' 'visual illusions']",['*   Yes\n*   Yes'],"The query references two concepts: 'Penrose Stairs' and 'Devil's Pitchfork'. While 'Penrose Stairs' is unambiguously a well-known optical illusion associated with mathematician Roger Penrose, 'Devil's Pitchfork' is not a universally recognized term. This lack of clarity around 'Devil's Pitchfork' creates ambiguity about its identity and relevance. Additionally, the query does not specify the context (e.g., artistic, mathematical, cultural) in which these terms are being evaluated, further contributing to underspecification.",0.0,0,0.0,['*   Yes'],0,0.0,1.0
Probably best remembered as being chief presenter of ITV's News At Ten between 1976 and 1991which British journalist and broadcaster sadly passed away on July 20th 2012?,"Which British journalist and broadcaster, best remembered as the chief presenter of ITV's ""News at Ten"" from 1976 to 1991, sadly passed away on July 20, 2012?",['alastair burnet' 'alastair burnett'],['Alastair Burnet'],"The query contains fragmented syntax ('between 1976 and 1991which') and appears to blend descriptive statements with a question mark, creating ambiguity about its intent. While it references key biographical details (role, organization, timeframe, death date) that could theoretically identify a specific individual, the lack of explicit question framing (e.g., 'who was...') and grammatical inconsistencies suggest the query is unclear. The structure implies a factual assertion rather than a targeted inquiry, potentially leaving room for misinterpretation.",1.0,1,1.0,['Alastair Burnet'],1,1.0,1.0
What is the name of the local pub in Heartbeat,"What is the name of the local pub in the British television series ""Heartbeat""?",['aidensfield arms'],['*   The Aidensfield Arms'],"The query refers to a 'local pub' in 'Heartbeat,' but 'Heartbeat' is not a universally recognized proper noun (e.g., it could refer to a fictional place, a small town, or a misspelling of 'Heathrow'). Additionally, 'local pub' is overly generic and does not specify criteria such as genre, amenities, or historical significance. Without geographic context (e.g., country, city) or further constraints, the query cannot uniquely identify a single entity.",1.0,1,1.0,['The Aidensfield Arms'],1,1.0,1.0
"Produced between 1970 and 1974, what is a Bond Bug?","What type of vehicle, produced between 1970 and 1974, is the Bond Bug?","['automobilism' 'automobil' 'cars' 'passenger vehicles' 'autos'
 'environmental impact of automobiles' 'automobile' 'motorization' '🚗'
 'motor car' 'automobiles' '🚘' 'car' 'automobles' 'motorcar'
 'car automobile' 'm1 vehicle' 'self rolling carriage' 'cardoor'
 'ottomobile' 'passenger vehicle' 'motorisation'
 'self propelling carriage' 'automotive vehicle'
 'environmental impact of cars']","['*   A small, three-wheeled, two-seater car.']","The query provides a temporal constraint (1970–1974) and seeks a definition of ""Bond Bug."" While the timeframe helps narrow down potential answers, the term ""Bond Bug"" is ambiguous without further clarification. It could refer to a fictional character, a collectible item, a technical term, or an obscure cultural reference. The lack of explicit definitions or context surrounding ""Bond Bug"" introduces ambiguity, as the term is not universally recognized or standardized. This ambiguity makes the query reliant on specialized knowledge or assumptions beyond basic factual retrieval.",0.4,0,1.0,['3-wheeled microcar'],0,0.0,1.0
"Toothpaste, turtle, oxblood, oilie/oily, ade, and swirly are types of what?","What are toothpaste, turtle, oxblood, oilie/oily, ade, and swirly types of in the context of marble names or marble collecting?","['goti marbles in hindi' 'aggie marble' 'marble toy' 'cat s eye marble'
 'keepsies' 'marbles game' 'tom bowler' 'marble collecting' 'marbles']",['Marbles'],"The query asks for a categorization of multiple seemingly disparate terms. 'Turtle' is an animal, 'toothpaste' is a consumer product, 'oxblood' refers to a color, 'ade' is a beverage, 'oilie/oily' describes a property, and 'swirly' denotes a visual characteristic. None of these terms share an obvious, unified category (e.g., colors, animals, products). While individual terms may fit niche definitions (e.g., 'oxblood' as a pigment, 'swirly' as a stylistic feature), their collective classification requires contextual assumptions beyond standard vocabulary. Without further constraints or clues, the query lacks sufficient specificity to identify a definitive shared category.",1.0,1,1.0,['Marbles'],1,1.0,1.0
"Which Bond villain has been played by Telly Savalas, Donald Pleasance, Charles Gray, and Max Von Sydow?","Which James Bond villain, known for being portrayed by multiple actors including Telly Savalas, Donald Pleasance, Charles Gray, and Max von Sydow, is often referred to by names such as Ernst Stavro Blofeld or Dr. Guntram Shatterhand?","['dr blofeld' 'blofeld' 'blofeldian' 'blofeld trilogy'
 'dr guntram shatterhand' 'ernst stavro blofeld' 'ernst blofeld']",['*   Ernst Stavro Blofeld'],"The query asks for a single Bond villain that all four listed actors have played. However, each actor portrayed a distinct villain in different films: Telly Savalas as Sir Hugo Drax (On Her Majesty's Secret Service), Donald Pleasance as Professor Blofeld (Diamonds Are Forever), Charles Gray as Mr. Big (The Man with the Golden Gun), and Max von Sydow as the voice of the antagonist in For Your Eyes Only. Since the actors played entirely separate antagonists across different movies, there is no singular Bond villain shared among all four. The query assumes a false equivalence between these disparate roles.",1.0,1,1.0,['Ernst Stavro Blofeld'],1,1.0,1.0
"Which word can be a golf term, a Space vehicle or a one time boy's comic?","Which single word, commonly associated with golf as a scoring term, was also the name of a NASA lunar module and the title of a one-time British boys' comic?","['eagle' 'eagles' 'aquilinae' 'king of air' 'hawk eagle' 'kitpu'
 'eagle spirit' 'harpy zoology' 'booted eagles group' 'eagle symbolism']",['*   Eagle'],"The query seeks a single word that simultaneously satisfies three distinct categorical associations: a golf term, a space vehicle, and a one-time boy's comic. While the structure appears clear, the specificity of each category introduces ambiguity. For example, 'Space vehicle' could refer to any object in space (e.g., spaceship, rocket), while 'one-time boy's comic' may imply a specific title (e.g., Action Comics) rather than a general concept. Additionally, the overlap between these categories is non-trivial; few words universally satisfy all three definitions without requiring contextual interpretation. Without further constraints or clarification, the query lacks sufficient precision to guarantee a unique solution.",1.0,1,1.0,['Eagle'],1,1.0,1.0
What award is given for a wound in the American forces,What is the name of the military award given to members of the United States Armed Forces who are wounded or killed in combat?,"['purple heart winners' 'purple heart order of' 'pruple heart'
 'purple heart medal' 'order of purple heart' 'purple heart']",['*   Purple Heart'],"The query seeks an award associated with wounds in U.S. military contexts. While the Purple Heart is explicitly awarded for wounds received in combat, the term 'wound' is vague and could include non-combat injuries. Additionally, the query does not clarify whether the award pertains to combat casualties, medical recognition, or other categories. Furthermore, the lack of specificity regarding the branch of service (e.g., Army, Marines) or the exact circumstances of the wound introduces ambiguity. Without further constraints, multiple awards (e.g., Purple Heart, Merit Badge, or specialized honors) may qualify depending on interpretation.",1.0,1,1.0,['Purple Heart'],1,1.0,1.0
"Canadian Florence Nightingale Graham dropped out of nursing school in Toronto and joined her elder brother in New York City, working as a bookkeeper for the E.R. Squibb Pharmaceuticals Company. By what name is she better known?","By what name, associated with the cosmetics industry, is Canadian Florence Nightingale Graham, who dropped out of nursing school in Toronto and worked as a bookkeeper for the E.R. Squibb Pharmaceuticals Company in New York City, better known?",['florence graham' 'florence nightingale graham' 'elizabeth arden'],['*   Elizabeth Arden'],"The query provides detailed contextual information about the subject's background, including their profession, locations, and familial ties. However, the core question hinges on identifying an alternate name or moniker associated with 'Florence Nightingale Graham.' While the query explicitly states her full name, the required answer depends on external knowledge (e.g., whether she adopted a new identity, married into a prominent family, or used a pen name). The query does not include this crucial detail within its own text, relying instead on pre-existing familiarity with historical figures or cultural references. This omission makes the query dependent on outside information rather than being self-contained.",1.0,1,1.0,['*   Elizabeth Arden'],1,1.0,1.0
Which much-loved actor won the Best Actor Oscar for The Philadelphia Story?,"Which much-loved actor won the Best Actor Oscar for the 1940 film ""The Philadelphia Story""?","['james stewart actor' 'jimmy stuart' 'stewart james' 'jimmy stewart'
 'james stewart']",['*   James Stewart'],"The query refers to 'The Philadelphia Story,' a title shared by two distinct films: the 1940 original (starring Cary Grant) and the 1957 remake (starring Gregory Peck). The 1940 film had Cary Grant win Best Actor, while the 1957 version saw Gregory Peck win. The query lacks specificity about which film iteration is being referenced, leading to ambiguous answers depending on context.",1.0,1,1.0,['James Stewart'],1,1.0,1.0
"""Who won a gold medal at the 1976 Summer Olympics, married Kris Kardashian in 1991 and from 2007 starred in the E! reality series """"Keeping Up with the Kardashians""""?""","""Who won a gold medal in the decathlon at the 1976 Summer Olympics, later married Kris Kardashian in 1991, and from 2007 appeared in the E! reality series 'Keeping Up with the Kardashians' before publicly transitioning to Caitlyn Jenner in 2015?""","['caitlyn marie jenner' 'caitlin jenner' 'kaitlyn jenner' 'bruce jenner'
 'william bruce jenner' 'transition of bruce jenner' 'kaitlin jenner'
 'kim howe' 'caitlyn jenner' 'chrystie scott'
 'gender transition of caitlyn jenner' 'chrystie crownover' 'cait jenner'
 'chrystie jenner' 'transition of caitlyn jenner']",['*   Bruce Jenner'],"The query presents conflicting chronological information. First, Kris Kardashian was born in 1980, making it biologically impossible for her to be married in 1991. Second, while the Kardashian family launched 'Keeping Up with the Kardashians' in 2007, the individual described must also have won a gold medal at the 1976 Olympics. No single person satisfies all these conditions simultaneously. Additionally, the query assumes a direct connection between the Olympic athlete and the Kardashian family marriage, which may involve incorrect assumptions or factual errors.",1.0,1,1.0,['Caitlyn Jenner'],1,1.0,1.0
In the George Orwell novel ‘Animal Farm’ who is the owner of Foxwood Farm?,"In George Orwell's novel *Animal Farm*, who is the owner of the neighboring farm called Foxwood?",['mr pilkington'],['*   Pilkington'],"The query refers to 'Foxwood Farm,' which is not a location mentioned in George Orwell's *Animal Farm*. The novel centers around Manor Farm (later renamed Animal Farm), whose original owner is Mr. Jones. Since 'Foxwood Farm' does not appear in the text, the query contains inconsistent or incorrect information, making it unclear what specific entity the user is referring to. This ambiguity renders the query underspecified.",0.6666666667,0,1.0,['Mr. Pilkington'],1,1.0,1.0
Give a year in the life of Irish playwright and poet John Millington Synge.,"What is the lifespan of Irish playwright and poet John Millington Synge, including his birth and death years?",['1871 1909'],"[""*   **1907**\n*   His play *The Playboy of the Western World* premiered at the Abbey Theatre in Dublin.\n*   The play's premiere sparked riots and protests in Dublin, lasting for several nights.\n*   Synge defended his work against accusations of slandering Irish character.\n*   He continued working on his final play, *Deirdre of the Sorrows*.\n*   His health, already declining from Hodgkin's disease, was likely impacted by the stress of the controversy.""]","The query requests 'a year in the life' of John Millington Synge but does not specify which year or event within his lifespan (e.g., birth, death, notable works). While Synge's biography spans multiple decades, the lack of temporal precision (e.g., '1887', '1909') or contextual clues (e.g., 'birth', 'death', 'publication of *The Playboy of the Western World*') creates ambiguity. The query requires further specification to identify a unique year or event from his life.",0.0,0,0.75,['1871-1909'],0,0.0,1.0
What nationality was Che Guevara,What was Che Guevara's nationality at birth?,"['arxentina' 'argentina information' 'argentinie' 'nacion argentina'
 'argentyna' 'people of argintina' 'argjentina' 'republica argentina'
 'antonia merce y luque' 'argentína' 'arc hantina' 'ariannin' 'argies'
 'argentinean' 'airgintín' 'argentīna' 'iso 3166 1 ar' 'arjantin'
 'república argentina' 'argentinien' 'արգենտինա' 'airgintin'
 'nación argentina' 'argentinia' 'argentina' 'arxintina' 'アルゼンチン'
 'republic of argentina' 'argentina republic' 'אַרגענטינע' 'argintina'
 'अर्जेन्टीना' 'argentine republic' 'argentiina' 'آرژانتین' 'аргентына'
 'arghantina' 'argie' 'аржентина' 'argentinië' 'ארגנטינה' 'الأرجنتين'
 'land of silver']",['*   Argentine'],"The query asks for Che Guevara's nationality, which is a factual historical question. While Che Guevara is widely recognized as having been associated with Cuba (where he died and spent much of his adult life), his nationality evolved over time. He was born in Argentina, naturalized as a Uruguayan citizen, and later acquired Cuban citizenship through marriage to Fidel Castro's sister. The absence of a specific time frame (e.g., 'at the time of his death' or 'during his early years') introduces ambiguity, as the answer depends on contextual interpretation. This lack of specificity makes the query potentially underspecified.",0.6666666667,0,1.0,['Argentine'],0,0.6666666667,1.0
Mary Arden had a famous son. Who was he?,"Who was the famous son of Mary Arden, the mother of William Shakespeare, the renowned English playwright and poet of the Elizabethan era?","['shakespearean' 'shakespeere' 'william shakespear' 'shakspere william'
 'bill shakespeare' 'william shekspere' 'willaim shakespear' 'shakesepare'
 'shakespearian literature' 'will shakespeare' 'vvilliam shakeᶘpeare'
 'shakespeare s biography' 'shakeſpeare' 'william shakspere'
 'william shakspeare' 'william shakespeare s' 'gulielmus shakspere'
 'william shakespere' 'shakespeare' 'shakespeare s' 'vvilliam shakeſpeare'
 'william skakespeare' 'shake speare' 'william shakespare' 'shakespare'
 'william shakesphere' 'shakespeares' 'william shake speare'
 'william shakespeare' 'history of shakespearan art' 'w shakespeare'
 'sheikh zubeir' 'shakespeareana' 'william shakespeare biography'
 'bill shakespear' 'shakesphere' 'shakespeare wm' 'williamshakespeare'
 'shakespearean theatre' 'shakespere' 'shakspeare' 'swan of avon'
 'wiliiam shakespear' 'william shakepeare' 'shakespearian' 'shakespire'
 'sweet swan of avon' 'shakesepere' 'wm shakespeare' 'bard of avon'
 'vviliam shakespeare' 'billy shakes' 'shakespears']",['William Shakespeare'],"The query refers to 'Mary Arden' as a subject, but this name is not uniquely identifiable in mainstream cultural, historical, or public knowledge contexts. While 'Mary Arden' may be a variant spelling or lesser-known figure, the lack of contextual clues (e.g., profession, era, nationality) prevents definitive identification. Additionally, the term 'famous son' introduces ambiguity, as multiple individuals could fit this description depending on interpretation. The query does not specify enough details to narrow down the possible candidates.",1.0,1,1.0,['William Shakespeare'],1,1.0,1.0
Which US city began as a trading post on the Chisholm Trail in the 1860’s and is now the largest city in Kansas?,"Which US city, now the largest in Kansas, was established in the 1860s and historically associated with trade and cattle drives, though not directly on the Chisholm Trail?",['wichita' 'witchita' 'wichita disambiguation'],['*   Wichita'],"The query seeks a city in Kansas that originated as a trading post on the Chisholm Trail in the 1860s and is currently the largest city in Kansas. While Abilene, Texas, is historically linked to the Chisholm Trail, it is not in Kansas. Wichita, Kansas, is the largest city in the state, but it is not directly tied to the Chisholm Trail. Other Kansas cities like Dodge City or Leavenworth lack clear ties to the Chisholm Trail. The query conflates geographical accuracy (Chisholm Trail in Texas/Oklahoma) with Kansas-specific criteria, creating ambiguity. There is no well-documented Kansas city meeting both conditions simultaneously.",1.0,1,1.0,['Wichita'],1,1.0,1.0
When was the current theme for the BBC television programme Top Gear first released on an album?,"In what year was the theme music ""Jessica"" by The Allman Brothers Band, which is currently used as the theme for the BBC television programme Top Gear, first released on an album?",['one thousand nine hundred and seventy three' '1973'],['*   1973'],"The query is underspecified due to several ambiguities. First, 'the current theme' is vague—Top Gear has had multiple themes since its inception (e.g., the iconic saxophone theme from the 1970s, newer variations). Second, the phrase 'first released on an album' assumes the theme exists as a standalone track on an album, but the show's themes are typically used as jingles rather than full tracks. Additionally, the term 'album' is ambiguous: does it refer to a commercial album, a compilation, or a themed collection? Without clarification on which specific theme or medium is intended, the query cannot be resolved definitively.",1.0,1,1.0,['1973'],1,1.0,1.0
What does someone need to wear if they are myopic?,What type of corrective lenses or visual aids does a person with myopia typically need to wear to improve their vision?,"['eyeglasses' 'reading glasses' 'glasses' 'eyeglass'
 'usage of words for eyepieces' 'spectacles' '👓' 'spectacle frame'
 'eyeglass frame' 'bespectacled' 'eye wear'
 'eyeglasses and contact lenses' 'safety glasses' 'pair of glasses'
 'eye glasses' 'temple arm' 'stereo glasses']",['*   Glasses\n*   Contact lenses'],"The query contains ambiguous terminology. 'Myopic' refers to nearsightedness, a vision condition requiring corrective lenses (e.g., glasses/contact lenses). However, the phrase 'need to wear' ambiguously combines two concepts: (1) clothing/apparel ('wear') and (2) medical equipment (glasses/contacts). This creates confusion about whether the query seeks information about visual aids, clothing items, or both. Additionally, the relationship between being myopic and needing specific attire is non-existent, further indicating the query lacks clarity.",0.5714285714,0,1.0,['*   Eyeglasses\n*   Contact lenses'],0,0.8571428571,1.0
"Which English road in Anglo-Saxon times went from Axminster via Bath, Cirencester, Leicester and Newark to Lincoln?","Which historic Roman road in England, known for its route through Axminster, Bath, Cirencester, Leicester, Newark, and Lincoln during Anglo-Saxon times, is referred to as the Fosse Way?",['fosse way' 'fosseway'],['Fosse Way'],"The query specifies a clear route through several historic towns (Axminster, Bath, Cirencester, Leicester, Newark, Lincoln), but fails to identify the specific road name or provide additional contextual clues (e.g., historical significance, alternative names, or period-specific terminology). While the route may correspond to a known ancient pathway (such as the Fosse Way or other prehistoric tracks), the absence of explicit naming or reference to a specific road (like 'Bath Road' or 'Leicester-Wykeham Route') leaves ambiguity. Without further constraints, the query cannot definitively pinpoint the intended road.",1.0,1,1.0,['Fosse Way'],1,1.0,1.0
Which country defeated the Ivory Coast to win football's Africa Cup of Nations?,Which country defeated the Ivory Coast in the final of the 2012 Africa Cup of Nations to win the tournament?,"['culture of zambia' 'sport in zambia' 'zamibia' 'zambian cuisine'
 'people of zambia' 'name of zambia' 'republic of zambia' 'iso 3166 1 zm'
 'etymology of zambia' 'cuisine of zambia' 'zambia'
 'health care in zambia' 'zambian people' 'zambians']",['*   Egypt\n*   Zambia'],"The query asks for the country that defeated the Ivory Coast in a match that led to their victory in the Africa Cup of Nations. While the key entities (Ivory Coast, Africa Cup of Nations) are identified, critical contextual details are missing. Specifically, the query does not clarify: (1) Which edition of the Africa Cup of Nations (e.g., 2015, 2023)? (2) In which stage of the tournament (semifinal, quarterfinal, etc.)? This ambiguity arises because the Ivory Coast has never won the tournament, and their defeats in different rounds (e.g., 2019 semi-final vs. Egypt, 2023 group stage vs. Tanzania) involve different teams. Without specifying the tournament year or stage, the answer cannot be uniquely determined.",0.6666666667,0,0.5,['Zambia'],1,1.0,1.0
What is the surname of the father and son TV comedy characters with the first names Albert Edward Ladysmith and Harold Albert Kitchener?,"What is the shared surname of the father and son characters, Albert Edward Ladysmith Steptoe and Harold Albert Kitchener Steptoe, from the British TV comedy series ""Steptoe and Son""?",['steptoe'],['Steptoe'],"The query explicitly identifies two individuals via their full first names: 'Albert Edward Ladysmith' (father) and 'Harold Albert Kitchener' (son). While the surnames are not directly mentioned, the structure implies that both characters share a common surname (as typical in familial contexts). The combination of first names points to a specific cultural reference (e.g., UK television), where the surname 'Ladysmith' is associated with the father, while the son’s surname may either align with it or differ. However, the query lacks explicit confirmation of the surnames, relying instead on contextual knowledge of the characters’ identities. Without further clarification, the answer hinges on assumptions about the characters’ surnames, making the query partially dependent on external knowledge.",1.0,1,1.0,['Steptoe'],1,1.0,1.0
"What word links take, write and stand","What single word, used as a prefix, connects the verbs 'take', 'write', and 'stand' to form common phrases or expressions?",['under' 'under disambiguation'],['Down'],"The query seeks a single word that 'links' the verbs 'take', 'write', and 'stand'. To determine if this is fully specified, we must assess whether the query provides sufficient constraints to identify a unique answer. While the target is a word connecting these verbs, the lack of contextual cues (e.g., grammatical role, semantic relation, or structural pattern) allows for multiple interpretations. Possible candidates include abstract concepts ('action'), linguistic elements ('word'), or functional terms ('preposition'). Without explicit clarification on the nature of the connection (synonyms, prefixes/suffixes, parts of speech, etc.), the query remains ambiguous. Thus, the request lacks specificity to ensure a definitive answer.",0.0,0,0.0,['under'],1,1.0,1.0
What is the name of the German anti-Islamisation group that organised a march in Newcastle last month (March 2015)?,"What is the name of the German anti-Islamisation group, known for organizing marches in various cities, that was associated with a demonstration in Newcastle, UK, in March 2015?","['pegida' 'dügida'
 'patriotische europaeer gegen die islamisierung des abendlandes'
 'patriotic europeans against islamisation of occident'
 'patriotische europaer gegen die islamisierung des abendlandes'
 'patriotic europeans against islamization of occident' 'dagida'
 'patriotic europeans against islamisation of west' 'bogida'
 'patriotische europäer gegen die islamisierung des abendlandes' 'legida'
 'fragida' 'patriotic europeans against islamization of west' 'kögida']",['*   PEGIDA'],"The query specifies critical parameters: 'German', 'anti-Islamisation', 'march in Newcastle', and 'March 2015'. While these constraints narrow down potential candidates, several ambiguities exist. First, the reference to 'Newcastle' (a British city) conflicts with the claim of being a 'German' group, as organizing a march there would require international coordination. Second, 'anti-Islamisation' is a non-standard term; similar concepts are often associated with far-right or extremist movements, but no single organization is universally recognized by this label. Third, historical records indicate that while right-wing groups like the National Democratic Party (NPD) or AfD have engaged in anti-Muslim protests, concrete evidence of a specific group organizing a March 2015 event in Newcastle remains unverified. The lack of additional contextual clues (e.g., event name, media coverage, or regional specificity) leaves room for multiple interpretations.",1.0,1,1.0,['*   PEGIDA'],1,1.0,1.0
Who had a U.K. No 1 in the 80's with Goody Two Shoes,"Which artist achieved a UK No.1 hit in the 1980s with the song ""Goody Two Shoes""?","['adam ant' 'adam and ant s' 'adam and ants' 'stuart goddard'
 'adam ants band' 'stuart leslie goddard' 'adam ant ants'
 'stuart l goddard' 'adam ants' 'adam and ant' 'adam ant s'
 'adam and ants band']",['No one'],"The query seeks the artist associated with a UK No.1 single titled 'Goody Two Shoes' from the 1980s. While 'Goody Two Shoes' is a well-known song originally written by Richard Harris and later popularized by The Seekers (who had a US #1 hit in 1964), there is no evidence of a UK No.1 version of this song in the 1980s. Additionally, the phrase 'with Goody Two Shoes' could imply a collaboration or context beyond the song title, which introduces further ambiguity. The lack of clarity regarding the song's existence in the specified timeframe and potential misinterpretation of the title makes the query underspecified.",0.0,0,0.0,['Adam Ant'],1,1.0,1.0
"For which group did Jimmy Page, and John Paul Jones play before they formed 'Led Zepplin'?","Which musical group did Jimmy Page play with before forming Led Zeppelin, and which groups was John Paul Jones associated with prior to joining Led Zeppelin?",['yardbirds' 'yard birds' 'yardbirds band'],['They did not play in a group together.'],"The query seeks to identify the musical groups associated with Jimmy Page and John Paul Jones prior to their formation of Led Zeppelin. Jimmy Page previously played with The Yardbirds, while John Paul Jones was part of The New Vaudeville Society and The Blue Devils before joining Led Zeppelin. The query implies a single group, but the accurate answer requires specifying two distinct groups. This creates ambiguity because the phrasing ""group"" (singular) could mislead the responder into assuming a single entity, whereas the historical context reveals two separate groups. Additionally, the query lacks clarity on whether it refers to individual careers or shared pre-Led Zeppelin affiliations.",0.0,0,0.0,"['*   **Jimmy Page:** The Yardbirds\n*   **John Paul Jones:** Various artists as a session musician and arranger, including Donovan and Jeff Beck.']",0,0.1052631579,0.5
Which actress featured in both autumn dramas River and Unforgotten?,"Which actress, known for her roles in the British television series ""River"" (2015) and ""Unforgotten"" (2015–2021), featured prominently in both dramas?",['nicola walker'],['Nicola Walker'],"The query requires identifying an actress present in two specific shows: 'River' and 'Unforgotten', both categorized as 'autumn dramas'. While 'Unforgotten' is unambiguously a known television series, 'River' may refer to a less-well-known or niche production. The term 'autumn dramas' adds context but does not definitively narrow the search unless the audience is expected to recognize the specific shows. Additionally, the phrase 'featured in both' implies a direct overlap in casting, but without explicit confirmation of the show titles or their respective casts, the query relies on prior knowledge of obscure productions. This creates ambiguity due to potential alternative interpretations of 'River' and reliance on external familiarity.",1.0,1,1.0,['Nicola Walker'],1,1.0,1.0
What US sitcom was the first exported to Britain?,"Which U.S. sitcom was the first to be officially exported to Britain for broadcast, specifically through licensing or distribution agreements, and is historically recognized as ""Amos 'n' Andy""?","['amos andy' 'brazilian brass mines' 'george 22kingfish 22 stevens'
 'amos and andy' 'amos n andy show' 'amos n andy']",['*   I Love Lucy'],"The query asks for a specific historical claim about the earliest US sitcom exported to Britain. While the core elements (US sitcom, export to Britain) are clear, critical ambiguity exists around definitions: (1) What constitutes 'export'—licensing, transmission, or distribution? (2) Does 'first' refer to the earliest show ever exported, or the first show to reach Britain via a particular medium (e.g., BBC)? (3) Historical records may differ on which show was technically 'exported' first, as early U.S.-produced programs often aired simultaneously globally. These ambiguities prevent a definitive answer without additional constraints.",0.0,0,0.0,"[""Amos 'n' Andy""]",1,1.0,1.0
Lupine relates to which animal?,"Which animal is commonly associated with the term ""lupine"" due to its etymological connection to the Latin word for wolf?","['grey wolves' 'gray wolf anatomy' 'she wolf'
 'reproductive behavior of wolves' 'wolf evolution' 'gray wolves'
 'wolves mating' 'wolf intelligence'
 'gray wolf reproductive physiology and life cycle' 'wolf territories'
 'forest wolf' 'canis lupus' 'wolves' 'grey wolf' 'wolf mating'
 'mating wolves' 'eastern beringia' 'gray wolf'
 'primary food of gray wolf' 'wolve' 'wolf anatomy' 'wolf territory' '🐺'
 'wolf' 'sexual behavior of wolves' 'scent marking in wolves'
 'southern wolf' 'wolf hybrid' 'migration patterns of gray wolf'
 'loafer wolves' 'territorial behavior of gray wolves' 'southern wolves'
 'c lupus' 'sexual behavior of gray wolves' 'shewolf']",['*   Wolf'],"The query appears to seek an animal associated with 'lupine,' but 'lupine' refers to a genus of flowering plants (family Fabaceae), not an animal. The question contains a factual error or ambiguity: lupines are plants, not animals, and no direct animal-animal relationship is implied. Additionally, the phrasing 'relates to' may suggest a biological association (e.g., symbiosis, taxonomy), but the target ('animal') conflicts with the nature of lupine. This mismatch creates uncertainty about the intended meaning.",1.0,1,1.0,['Wolf'],1,1.0,1.0
What fictional spy show showcases the dysfunctional International Secret Intelligence Service (ISIS)?,Which animated spy comedy series features the dysfunctional International Secret Intelligence Service (ISIS) and follows the antics of Sterling Archer and his colleagues?,"['toxophilite' 'archery' 'bowmanship' 'endong' 'bowmen' 'archer comics'
 'archeress' 'archers' 'primitive archery' 'toxopholite' 'archerie'
 'national archery in schools program' 'indoor archery' 'para archery'
 'butt shooting' 'toxophily' 'archer' 'anchor point archery'
 'archers disambiguation' 'archery range' 'villavar tamils'
 'paralympic archery']",['*   Archer'],"The query references 'International Secret Intelligence Service (ISIS)'—a real-world terrorist organization rather than a fictional agency. While the term 'ISIS' appears in the query, no widely known fictional spy show prominently features this real-world entity as its central agency. Additionally, the specificity of 'dysfunctional' adds clarity, but the mix-up between real and fictional terminology creates ambiguity. The query lacks sufficient contextual clues to definitively identify the intended show, as the term 'ISIS' is ambiguous without further clarification.",1.0,1,1.0,['Archer'],1,1.0,1.0
In one of Walter Scott's Waverley' novels what was The Heart of Midlothian?,"In Walter Scott's novel ""The Heart of Midlothian,"" what does the title refer to?","['prison cells' 'detention centers' 'correctional facilities'
 'prison health care' 'county jail' 'penal institutions' 'jails'
 'correction and detention facilities' 'correctional center'
 'custody level' 'minimum security' 'prison system' 'incarcerate'
 'correctional centre' 'penal facility' 'detention facilities' 'gefängnis'
 'detention facility' 'penitentiary system' 'prison healthcare' 'prisons'
 'gefangnis' 'calaboose' 'penal institution' 'graybar hotel' 'gaol'
 'minimum security prison' 'medium security' 'gaoled' 'city jail'
 'global incarceration rates' 'gefaengnis' 'medium security prison'
 'jailhouse' 'county jails' 'jail' 'health care in prisons'
 'correctional institute' 'correctional institutions' 'jailed'
 'jail american' 'bighouse brand' 'hoosegow' 'incarcerated' 'prison'
 'remand prison' 'correctional facility' 'incarceration' 'prison term'
 'correctional institution' 'gaols' 'prison population rate'
 'administrative security']",['*   The Old Tolbooth prison in Edinburgh'],"The query references 'The Heart of Midlothian,' which is a standalone novel by Walter Scott, not part of the Waverley series. While both works are by Scott, the user incorrectly assumes 'The Heart of Midlothian' belongs to the Waverley novels. This creates ambiguity because the query mixes accurate and inaccurate categorical information. The core intent appears to seek clarification on the novel's plot or significance, but the misalignment between the stated series ('Waverley') and the actual work ('The Heart of Midlothian') introduces uncertainty. The query lacks sufficient context to resolve this discrepancy without additional clarification.",0.3333333333,0,1.0,['*   The Old Tolbooth prison in Edinburgh'],0,0.3333333333,1.0
What is the distinguishing feature of an animal described as ‘palmiped’?,"What is the distinguishing physical feature of an animal described as ‘palmiped,’ specifically in relation to its feet or toes?","['totipalmation' 'palmiped' 'webbed feet' 'webbed toes' 'web foot'
 'webbed foot']",['*   Webbed feet'],"'Palmiped' appears to be a non-standard or obscure term. While 'palmipede' may refer to a group of arthropods with elongated legs adapted for swimming (e.g., certain insects), the term 'palmiped' is not widely recognized in zoological nomenclature. Additionally, the query lacks contextual clues (e.g., taxonomic class, ecological niche, or comparative features) to unambiguously identify the animal or define the term. Without clear definition or references, the query cannot be resolved definitively.",1.0,1,1.0,['*   Webbed feet/toes'],0,0.5,1.0
Lawrence Sheriff founded which famous school in 1567?,"Which famous school, known as Rugby School, was founded in 1567 by Lawrence Sheriff in Rugby, Warwickshire, England?",['rugby disambiguation' 'rubgy' 'rugby'],['*   Rugby School'],"The query contains several potential issues that indicate underspecification. First, 'Lawrence Sheriff' appears to be a fabricated or non-historical name; no verified historical figure by this name is associated with founding a school in 1567. Second, while the year 1567 provides temporal context, it is unclear how this aligns with any historically significant educational institutions (e.g., European universities during the Renaissance period). Third, the phrase 'famous school' lacks specificity, as multiple institutions could theoretically fit this description. Additionally, the query assumes prior knowledge of a nonexistent entity, making it impossible to validate against established historical records.",0.6666666667,0,1.0,['Rugby School'],0,0.6666666667,1.0
"In German mythology, what was the name of the siren sent to lure boatmen to their deaths on the Rhine?","In German folklore, what is the name of the mythical figure associated with the Rhine River, often depicted as a siren or water spirit luring boatmen to their deaths?",['lurlei' 'die lorelei' 'lorelei' 'lurking rock' 'loreley'],['*   Lorelei'],"The query asks for a 'siren' in German mythology linked to the Rhine. While Germanic folklore includes water spirits like the Nixe (water nymph), these entities are not traditionally referred to as 'sirens.' Sirens originate from Greek mythology, though some European traditions merged elements. The Rhine is associated with the Nixe Mimi (or Miriam) in certain legends, but this does not align with the term 'siren.' The query combines cultural elements (Greek vs. Germanic) without clear resolution, leading to ambiguity.",1.0,1,1.0,['Lorelei'],1,1.0,1.0
"Who, during a radio microphone test in 1984 said, 'I just signed legislation which outlaws Russia forever The bombing begins in five minutes?","Which U.S. President, during a radio microphone test in 1984, jokingly said, ""My fellow Americans, I’m pleased to tell you today that I’ve signed legislation that will outlaw Russia forever. We begin bombing in five minutes""?","['reagan ronald wilson' 'reaganesque' 'ronald raegan' 'ronald reagon'
 'ronald reagan s alzheimer s letter' 'ronald reagan' 'ronald w reagan'
 'president reagan' 'reagan' 'reaganite' 'ronnie reagan'
 'public image of ronald reagan' 'ronald reagen' 'reagan president'
 'ronald regean' 'ronald regan' 'ronald wilson reagan' 'dutch reagan'
 '40th president of united states' 'reagen'
 'ronald reagan presidential campaign 1976' 'ronaldus magnus'
 'president regan' 'president ronald reagan' 'ronal reagan'
 'ronald reagan centennial commission' 'health of ronald reagan'
 'ronald raegen' 'cultural and political image of ronald reagan'
 'reaganian' 'ronald reagan centennial commission act' 'reagan ronald']",['*   Ronald Reagan'],"The query seeks to identify a specific individual associated with a particular quote during a defined timeframe (1984). While the context includes a radio microphone test and a dramatic quote involving legislation against Russia and an imminent bombing, the core issue lies in the ambiguity of the quoted text. The phrasing ""outlaws Russia forever"" and the tone suggest a fictional or satirical origin rather than a documented historical event. Additionally, no verified historical records confirm this exact quote being spoken by anyone in 1984. The lack of contextual clues (e.g., media outlet, full name, or source) and the potential for misinterpretation of the quote’s authenticity render the query underspecified.",1.0,1,1.0,['Ronald Reagan'],1,1.0,1.0
What is the small club used for killing landed fish called,"What is the small blunt instrument traditionally used by anglers to humanely kill a fish after it has been caught, commonly referred to as a ""priest""?",['priest film' 'priest' 'priest movie' 'priest disambiguation'],['*   Priest\n*   Fish priest'],"The query references a 'small club' associated with killing landed fish, but lacks critical contextual details. While 'club' suggests a blunt instrument, the term is ambiguous without clarification on its size, shape, or usage specifics. Additionally, the phrase 'killing landed fish' implies post-capture handling, which could involve tools like a gaff, fish knife, or other specialized gear. The ambiguity arises from the vague definition of 'club' and the lack of specificity regarding the tool's function beyond general terms.",0.5,0,1.0,['*   Fish priest'],0,0.6666666667,0.75
"Which word completes the title of a Marina Lewycka book: 'A Short History Of ....', in Ukrainian?","Which word, translated into Ukrainian, completes the title of Marina Lewycka's book 'A Short History of Tractors in Ukrainian'?","['row crop' 'compact utility tractor' 'agricultural vehicles'
 'tractor model' 'great tractor wars' 'agrotractor' 'steam negro'
 'great tractor war' '🚜' 'nebraska tractor test' 'rowcrop'
 'tractor safety' 'row crop tractors' 'farm tractor' 'tractors'
 'agricultural tractor' 'tractor war' 'classic tractor' 'tractor'
 'tractor wars' 'row crop tractor' 'agricultural tractors']",['*   Трактори'],"The query seeks a single-word completion for a book title by Marina Lewycka, specifically requiring the answer in Ukrainian. While the author and partial title are clearly stated, the critical factor is whether the incomplete title ('A Short History Of...') unambiguously refers to a specific, well-known work by the author. Marina Lewycka's most notable works include 'The Quiet American' and 'Bitter Orange,' but no widely recognized title matches the given structure. Additionally, the request for a Ukrainian translation introduces complexity, as the correct answer hinges on identifying the intended title and accurately translating its missing component. Without explicit confirmation of the title's existence or further contextual clues, the query lacks sufficient constraints to guarantee a definitive answer.",0.0,0,1.0,['Ukrainian'],0,0.0,0.0
What was the name of the Flintstones' pet?,What was the name of the Flintstones' dinosaur pet in the original animated television series?,['dino'],['*   Dino'],"The query refers to 'the Flintstones' pet,' but the Flintstone family has multiple pets across different media (e.g., Hoppy the dog, Dino the parrot). Without specifying which pet or episode/context, the query lacks sufficient constraints to uniquely identify the intended answer. While 'Hoppy' is the most commonly recognized pet from the original series, ambiguity remains due to potential alternative interpretations.",1.0,1,1.0,['Dino'],1,1.0,1.0
"""Who wrote the piece of music recognised in much of the Western world as """"The Wedding March"""" (or as """"Here Comes The Bride"""")?""","""Who composed the 'Wedding March' from *A Midsummer Night's Dream*, which is widely recognized in much of the Western world as 'The Wedding March'?""","['felix mendelssohn' 'mendelsson bartholdy' 'felix mendelson'
 'mendelssohn bartholdy' 'ludwig felix mendelssohn bartholdy' 'mendellson'
 'mendelssohnian' 'mendelsson' 'jacob ludwig felix mendelssohn bartholdy'
 'felix mendelsohn' 'jakob ludwig felix mendelssohn bartholdy'
 'mendelssohn' 'felix mandelssohn bartholdy' 'felix mendelssohn bartoldy'
 'mendelson' 'felix mendelsohn bartoldy' 'felix mendelssohn bartholdy']",['*   Richard Wagner'],"The query asks about the author of a piece known as 'The Wedding March' or 'Here Comes The Bride.' While these terms are widely recognized, they refer to multiple compositions across different eras and genres. For example: 1) 'The Wedding March' from Wagner's *Lohengrin*, 2) 'Here Comes the Bride' from the 1935 film *The Wizard of Oz* (based on a 1740 French melody), and 3) 'Wedding March' from Mendelssohn's *A Midsummer Night's Dream*. Without specifying the exact work, the query lacks sufficient detail to pinpoint a single correct answer. The term 'recognized in much of the Western world' further complicates matters, as different cultures may associate the name with distinct works.",0.0,0,0.0,['Felix Mendelssohn'],1,1.0,1.0
"On Monday, Samoa became the first nation in nearly 40 years to switch sides of the road. On what side do they now drive?","On Monday, Samoa became the first nation in nearly 40 years to switch from driving on the right side of the road to the left. On what side do they now drive?",['left album' 'left disambiguation' 'left'],['*   Left'],"The query asks for the current side of the road that Samoa uses after a recent change. While the context indicates that Samoa 'switched sides,' the query does not explicitly state whether they previously drove on the left or right side. This omission creates ambiguity, as the answer depends on prior knowledge of Samoa's historical driving side. Although common knowledge may inform that Samoa historically drove on the left (like many countries in the southern hemisphere), the query does not directly confirm this, leaving room for interpretation. Thus, the query is underspecified due to missing contextual details.",1.0,1,1.0,['Left'],1,1.0,1.0
What is a “Scotch Bonnet”?,What is a “Scotch Bonnet” in the context of food and cooking?,"['green chilies' 'chili peppers' 'hot pepper' 'chili pepper' 'hot peppers'
 'chile peppers' 'red chillies' 'chilly pepper' 'green chile'
 'green chili' 'green chillies' 'dahon ng sili' 'chile capsicum'
 'chilli pepper' 'chile pepper' 'chilli peppers' 'red chile' 'red chili'
 'chillies' 'chilli' 'gochoo' '🌶' 'chili capsicum']",['*   A type of chili pepper\n*   Known for its heat and distinctive shape\n*   Commonly used in Caribbean cuisine'],"The query asks for the definition of 'Scotch Bonnet,' a term that could refer to multiple entities (e.g., a type of chili pepper, a musical instrument, or a historical military unit). While 'Scotch Bonnet' is most commonly associated with the hot red chili pepper used in Caribbean cooking, the lack of contextual specificity (e.g., domain, cultural reference, or use case) creates ambiguity. The query does not explicitly narrow the scope, leaving open the possibility of alternative interpretations.",0.2222222222,0,1.0,['*   A type of chili pepper\n*   Known for its intense heat and fruity flavor\n*   Commonly used in Caribbean cuisine'],0,0.2105263158,1.0
"Which car manufacturer produces models called Concerto, Inspire, Legend, Torneo, etc?","Which car manufacturer, known for producing models such as the Inspire and Legend, is associated with the names Concerto and Torneo?","['honda werther' '本田' 'soltec' 'honda soltec' 'honda motor manufacturing'
 'honda atv' 'honda technologies' 'honda corporation'
 'hero honda passion plus' 'honda motorcycle' 'honda motorcycles'
 'honda 300ex' 'honda motor company' 'honda primo' 'honda group'
 'honda motor co ltd' 'honda motor co' 'honda verno' 'honda clio'
 'honda motor company limited' 'honda cl145' 'honda outboard'
 'honda motor company inc' 'cbr 150' 'honda' 'honda automobile'
 'honda motor']",['*   Honda'],"The query asks for a car manufacturer that produces multiple models (Concerto, Inspire, Legend, Torneo, etc.). However, these model names do not correspond to any well-established car manufacturers. 'Legend' is a model produced by Ford (as a Mercury sub-brand), while 'Inspire' is a Honda model. 'Concerto' and 'Torneo' appear to be non-existent or obscure models. Additionally, the inclusion of 'etc.' implies ambiguity about the scope of the models being referenced. Without clear association between the model names and a specific manufacturer, the query remains underspecified due to lack of definitive references.",1.0,1,1.0,['Honda'],1,1.0,1.0
Which British Cathedral has three spires?,"Which British cathedral, located in the city of Lichfield, is famously known for having three spires?","['municipal borough of lichfield' 'licidfelth' 'lichfield'
 'netherstowe high school' 'city of lichfield' 'lichfield city']",['*   Lichfield Cathedral'],"The query asks for a British cathedral with three spires. While 'cathedral' restricts the scope to religious buildings designated as such, the term 'spires' is vague. Multiple British cathedrals (e.g., Salisbury, Lincoln, Ely) have prominent towers or spires, but the definition of 'three spires' varies by source. Without clarifying criteria (e.g., architectural style, historical significance, or precise structural classification), the query lacks uniqueness. Additionally, some structures may be misclassified as 'spires' rather than towers, leading to ambiguity.",0.6666666667,0,1.0,['Lichfield Cathedral'],0,0.6666666667,1.0
To which species does the Gnu or Wildebeest belong?,"To which species within the genus *Connochaetes* do the animals commonly known as the Gnu or Wildebeest belong, specifically distinguishing between the Black-Faced Gnu (*Connochaetes taurinus*) and the Plains Wildebeest (*Connochaetes gnou*)?","['antelope case' '23 u s 66' 'antelope'
 'antelope vice consuls of spain and portugal']",['*   *Connochaetes taurinus*\n*   *Connochaetes gnou*'],"The query asks about the species classification of either a ""Gnu"" or a ""Wildebeest."" While both terms refer to antelopine mammals native to Africa, they represent distinct species. A ""Gnu"" typically refers to *Connochaetes taurus* (the Black-Faced Gnu), whereas a ""Wildebeest"" usually denotes *Connochaetes gnu* (the Plains Zebra). The use of 'or' implies ambiguity: the query lacks clarity on whether the user intends to ask about one specific animal or both. Additionally, the term ""species"" may require further specification if the user seeks taxonomic details beyond just the common name. Without explicit clarification, the query remains underspecified.",0.0,0,1.0,"['*   *Connochaetes taurinus* (Blue Wildebeest, also known as Brindled Gnu or Plains Wildebeest)\n*   *Connochaetes gnou* (Black Wildebeest, also known as White-tailed Gnu)']",0,0.0,0.75
'Cape Cod Salad' is an exotic summer dish centred,What is the main ingredient that the exotic summer dish 'Cape Cod Salad' is centered around?,['lobster'],['*   Cranberries'],"The query mentions 'Cape Cod Salad' as an 'exotic summer dish centred', but the phrase 'centred' lacks contextual specificity. It is unclear what the salad is centered around (e.g., ingredients, regional origins, cultural significance). Additionally, the statement appears incomplete, possibly truncated, leaving critical details absent. While the dish itself is well-known, the query fails to define key aspects such as composition, preparation method, or historical/cultural context required for a precise response.",0.0,0,0.0,['Cranberries'],0,0.0,0.0
Ecuador has a border with Peru and which other country ?,"Which country, in addition to Peru, shares a land border with Ecuador to the north?","['iso 3166 1 co' 'colombiá' 'etymology of colombia' 'colombia'
 'republic of columbia' 'republic of colombia' 'name of colombia'
 'republica de colombia' 'república de colombia']",['*   Colombia'],"The query seeks to identify the second country sharing a border with Ecuador alongside Peru. While Ecuador officially borders Colombia (north), Peru (south), and Brazil (east), the question implies a singular 'other' country. This ambiguity arises because the query does not explicitly confirm whether the expected answer includes multiple countries or assumes a specific context (e.g., excluding Brazil due to geographic proximity or administrative boundaries). Without clarification, the query lacks sufficient specificity to definitively narrow down the answer.",1.0,1,1.0,['Colombia'],1,1.0,1.0
In which part of the human body is the limbic system?,"In which part of the human body, specifically within the central nervous system, is the limbic system primarily located?","['brain marrow' 'vertebrate brain' 'visual verbal ability' 'brain cell'
 'mind myths' 'brainy' 'mammalian brain' 'brain' 'brain functions'
 'encephalon' 'brain function' 'brain metabolism']",['*   Brain'],"The query seeks information about the location of the limbic system. While the limbic system is a well-defined neural network primarily located in the brain, the phrasing 'part of the human body' introduces ambiguity. The term 'limbic system' itself refers to a collection of interconnected brain structures (e.g., hippocampus, amygdala, hypothalamus), not a singular anatomical entity. The query lacks specificity regarding whether it requires identification of the entire brain region, individual subregions, or clarification of the systemic nature of the limbic system.",1.0,1,1.0,['Forebrain'],0,0.0,0.75
The cult TV series Lost which began in 2004 features 'Oceanic Flight ...' what?,"In the cult TV series *Lost*, which began in 2004, what is the flight number of the Oceanic Airlines plane central to the story?",['815' 'eight hundred and fifteen'],"['*   ""815""']","The query references the TV series 'Lost' and specifies its release year (2004) and a partial phrase ('Oceanic Flight...'). While the context suggests the user is seeking information about a specific element tied to 'Oceanic Flight,' the question is truncated at 'what?' without clarifying what aspect of the flight (e.g., number, destination, significance) is being asked. This ambiguity prevents the query from being unambiguously resolved without additional context, making it underspecified.",1.0,1,1.0,['Oceanic Flight 815'],0,0.5,1.0
What holiday is particularly associated with Morris Dancing?,"Which holiday, traditionally observed in England and associated with springtime celebrations, is particularly linked to the practice of Morris Dancing?",['whitsuntide' 'whitsun' 'whit sunday' 'whitsunday' 'whit week'],['*   May Day'],"The query asks for a holiday closely linked to Morris Dancing. While Morris Dancing is traditionally associated with festivals like May Day (a pre-Christian celebration of spring), the term 'holiday' may refer to modern cultural events or religious observances. The query lacks specificity regarding geographic origin, historical context, or temporal constraints, as Morris Dancing is practiced at various festivals across different regions and occasions. Additionally, 'holiday' could ambiguously include both secular and religious events, further broadening possible answers.",0.0,0,0.0,['May Day'],0,0.0,0.0
"In what outdoor sport, sanctioned by the NHPA, do you score 3 points for a ringer, 2 for a leaner, and the closet scores a point?","In what outdoor sport, governed by the National Horseshoe Pitchers Association (NHPA), do players score 3 points for a ringer, 2 points for a leaner, and 1 point for the closest horseshoe?","['horseshoe pitching' 'horse shoes' 'horseshoe throwing' 'horseshoe pit'
 'horseshoes game' 'horseshoes']",['*   Horseshoes'],"The query provides specific scoring terminology ('ringer,' 'leaner,' 'closet') and references the NHPA (likely the National High School Athletic Association). While the NHPA primarily governs high school athletics, the scoring system matches traditional American football (e.g., touchdowns = 6 points, field goals = 3, extra points = 1). However, the terms 'ringer,' 'leaner,' and 'closet' do not directly correspond to NFL scoring. This ambiguity suggests the query may reference a niche or alternative sport. Without explicit clarification of the sport's name or additional contextual details, the query remains underspecified due to potential misalignment between the NHPA and the scoring system.",1.0,1,1.0,['Horseshoe Pitching'],1,1.0,1.0
What was the first hospital soap opera on ITV,"What was the first serialized hospital-themed soap opera broadcast on ITV, specifically focusing on melodramatic entertainment, and aired during the mid-20th century?","['emergency ward ten' 'emergency – ward 10' 'emergency ward 10'
 'oxbridge general']",['General Hospital'],"The query asks for the 'first' hospital soap opera on ITV. While 'hospital soap opera' may imply a medical-drama themed series, the term is ambiguous. ITV has produced multiple hospital-themed dramas (e.g., 'Holby City', 'Casualty'), but 'soap opera' typically refers to serialized, melodramatic entertainment. The phrase lacks specificity regarding: 1) the exact definition of 'hospital' (setting vs. theme), 2) the time period being referenced (e.g., pre-1990s vs. modern), and 3) whether 'ITV' includes regional affiliates or networks. These ambiguities prevent a definitive answer.",0.5,0,0.25,['Emergency - Ward 10'],1,1.0,1.0
"The Treaty of Fontainebleau, signed on 11 April 1814 by representatives of France, Austria, Hungary, Bohemia, Russia, and Prussia, had a marked effect on the personal life of whom?","Which individual, known for his role as Emperor of France, had his personal life significantly affected by the Treaty of Fontainebleau signed on 11 April 1814 by representatives of France, Austria, Hungary, Bohemia, Russia, and Prussia?","['napolean bonaparte' 'napoléon i bonaparte' 'napoleone buonaparte'
 'napoleon of france' 'age of napoleon' 'napoleon bonapart'
 'napoleon i bonaparte' 'général bonaparte' 'napoléon bonaparte'
 'emperor of france napoleon i' 'napoleon i great of french bibliography'
 'napolean' 'napeoleon' 'armed soldier of democracy' 'general bonaparte'
 'napoleon i of french bibliography' 'napoleonist'
 'napoleone di buonaparte' 'napoleon i of france' 'napolean bonarparte'
 'napoleón bonaparte' 'napoléon buonaparte' 'napoleon boneparte'
 'napoleon ier' 'boneparte' 'little corporal'
 'napoleon i of france bibliography' 'napoleon bonaparte'
 'napoleon i of french' 'napolean bonapart' 'napoleon s'
 'napoleon emperor of france' 'napoleon buonaparte' 'napoléon'
 'emperor napoleon' 'napoleon i' 'napoléon ier' 'napoléon i'
 'napoleone bonaparte' 'nepolian' 'napolian' 'jean d epee'
 'napolen s coup' 'napoleon i of italy' 'emperor napoleon i'
 'napoleon i emperor of french' 'napoleaon' 'napoleonic' 'napoleon great'
 'napoleon bonepart' 'le petit caporal' 'napoloen' 'jupiter scapin'
 'bonaparte' 'napoleon' 'napoleon s height' 'napoleón'
 'napoléon i emperor of french' 'napoléon i of france']",['Napoleon Bonaparte'],"The query seeks to identify an individual whose personal life was significantly affected by the Treaty of Fontainebleau. While the treaty's historical context (e.g., ending the War of the Third Coalition) is well-documented, the phrase 'marked effect on the personal life of whom?' introduces ambiguity. The treaty primarily had geopolitical ramifications, such as territorial adjustments and shifts in power dynamics among sovereign states. Its direct impact on individual personal lives would require specifying a particular person (e.g., Napoleon III's exile, Russian tsars' diplomatic maneuvers, or others). Without explicit contextual clues linking the treaty to a specific individual's personal experiences, the query lacks sufficient specificity to yield a definitive answer.",1.0,1,1.0,['Napoleon Bonaparte'],1,1.0,1.0
Which US city was named after a British Prime Minister?,"Which U.S. city in Pennsylvania, known as the ""Steel City"" and ""City of Bridges,"" was named after British Prime Minister William Pitt?","['steel city' 'climate of pittsburgh pennsylvania' 'pittsbrugh'
 'un locode uspit' 'pittsburgh' 'pittsburgh frick 6–8 middle school'
 'pittsburgh pennsylvania usa' 'pittsburgh style' 'city of pittsburgh'
 'pittsburgh pennsylvania u s' 'st justin s high school' 'pittsburgh pa'
 'glenwood pennsylvania' 'da burgh' 'pittsburgh style of literature'
 'pitsburgh' 'east end pittsburgh' 'pittsburgh pennsylvania us'
 'pittsburgh usa' 'smoky city' 'city of bridges' 'fort du quesne'
 'pittsburg pennsylvania' 'pittsburgh frick 6 8 middle school'
 'pittsburgh pennsylvania' 'pittsburgh united states of america'
 'education in pittsburgh' 'pittsburg pa' 'pittsburgh pennsyvania' 'burgh'
 'frick international studies academy middle school'
 'pittsburgh allegheny county pennsylvania' 'pittsburgh pgh']",['*   Pittsburgh'],"The query asks for a specific U.S. city named after a British Prime Minister. While the question appears focused, it lacks clarity on critical parameters such as the exact Prime Minister, time period, or regional constraints. Multiple U.S. cities could potentially match this criterion (e.g., 'Churchill' in Kansas, 'Disraeli' in California). Additionally, verifying historical naming conventions requires contextual knowledge beyond the query itself. Without further specificity, the question risks ambiguity due to potential multiple valid answers.",1.0,1,1.0,['Pittsburgh'],1,1.0,1.0
What physics term refers to the largely prohibited selling method by which customers are said to have agreed to buy something unless they refuse unsolicited goods or services?,"What is the physics term that describes the tendency of an object to resist changes in its state of motion, often referred to as the ""principle of inertia""?","['principle of inertia' 'galileo principle' 'inertia of rest' 'inertias'
 'history of law of inertia' 'galileo s principle' 'types of inertia'
 'inertia' 'principle of inertia physics']",['Inertia'],"The query seeks a 'physics term' describing a prohibited selling method involving unsolicited goods/services. However, the concept described (e.g., aggressive sales tactics, solicitation) does not align with any established physics terminology. Physics deals with matter, energy, forces, and fundamental laws, while the subject here pertains to business ethics, consumer rights, or marketing practices. There is no known physics term that matches this description, indicating the query conflates unrelated domains.",1.0,1,1.0,['Inertia'],1,1.0,1.0
"""What, in 2010, was Pope Benedict reported to have described as an """"...expression of the gift of oneself to God and others..""""?""","In 2010, what specific term did Pope Benedict use to describe as an ""...expression of the gift of oneself to God and others,"" in the context of spiritual and religious life?","['celibate' 'sworn virgin' 'celibate homosexual' 'sexual celibacy'
 'sexual failure' 'sworn virgins' 'voluntary celibacy' 'فلم سكس'
 'buzzard internet celebrity' 'cœlebacy' 'homosexual celibacy' 'celibacy'
 'celebacy']",['*   Priestly celibacy'],"The query seeks a specific term or concept associated with Pope Benedict's 2010 statements, but critical contextual clues are missing. While the time frame (2010) and subject matter (description of a spiritual concept) are provided, the lack of specificity regarding the exact quote, document, or theological framework makes the answer ambiguous. Multiple interpretations could align with the given description, such as 'charity,' 'self-giving love,' or other religious terms. The ellipses suggest partial text, further complicating identification of the precise reference.",0.6666666667,0,1.0,['consecrated life'],0,0.0,0.0
Poopdeck Pappy is which fictional character’s father?,"Which fictional character, featured in works such as ""Thimble Theatre,"" the ""Popeye"" series, and related adaptations, has Poopdeck Pappy as their father?","['popeye and olive oyl show' 'thimble theatre' 'popeye 2014 film' 'popeye'
 'pop eye' 'thimble theater' 'popeye sailorman' 'popeye sailor'
 'jack mercer sailor' 'popeye sailor man' 'popeye cigarettes'
 'popeye upcoming film' 'popeye 2015 film' 'popeye 2016 film']",['*   Popeye'],"The query seeks to identify a fictional character whose father is 'Poopdeck Pappy.' While 'Poopdeck Pappy' is a colloquial term originating from Neil Young's song 'Poopdeck Pappy,' which references a sailor's child born aboard a ship, the term is not formally tied to a widely recognized fictional character in mainstream literature or media. The lack of explicit contextual clues (e.g., genre, medium, or cultural reference) leaves room for ambiguity. Additionally, the query assumes familiarity with niche cultural references, making it unclear whether the intended answer aligns with a specific canonical character. This ambiguity renders the query underspecified.",1.0,1,1.0,['Popeye'],1,1.0,1.0
How many triangles are on a backgammon board?,How many triangular points are present on a standard backgammon board?,['twenty four' '24'],['*   24'],"A standard backgammon board consists of a series of points (called 'boards') arranged in a specific pattern, including a bar, two home boards, and an inner board. These points are interconnected by lines, but the board's geometry is primarily based on hexagons and circles rather than triangles. The question assumes knowledge of a specific design that includes triangular elements, which is not universally standardized. Additionally, the term 'triangles' could refer to abstract interpretations of line segments or intersections, leading to ambiguity. Without explicit clarification on the board's design or definition of 'triangle,' the query lacks sufficient specificity.",1.0,1,1.0,['24'],1,1.0,1.0
The legendary Hercules was said to have what quality?,What physical quality is the legendary Hercules most famously known for in Greek mythology?,"['strength' 'strength album' 'strength disambiguation' 'party strengths'
 'strengths' 'high strength' 'strength physics' 'strenght']",['*   Strength'],"The query asks about a 'quality' attributed to Hercules, a figure renowned for multiple traits (e.g., strength, courage, intelligence). While 'strength' is a commonly cited characteristic, the phrasing 'what quality?' implies ambiguity. The question does not narrow down to a specific context, cultural reference, or narrative aspect (e.g., labors, divine origin, or moral virtues), leaving room for multiple valid interpretations. This lack of contextual constraints makes the query underspecified.",1.0,1,1.0,['Superhuman strength'],0,0.6666666667,1.0
What is the name of the alternative medicine that uses essential oils?,"What is the name of the alternative medicine practice that specifically involves the use of essential oils for therapeutic purposes, such as relaxation or healing?","['aroma therapy' 'aromatherapy' 'aromatherapy massage' 'aromatherapeutic'
 'menthol inhaler' 'aromatherapist' 'history of aromatherapy'
 'reed diffusers' 'reed diffuser' 'aromatherapy candles']",['*   Aromatherapy'],"The query asks for the name of an alternative medicine specifically associated with essential oils. While 'essential oils' are commonly linked to practices like aromatherapy or holistic healing, these terms are not uniquely defined within the broader category of 'alternative medicine.' Alternative medicine encompasses numerous disciplines (e.g., chiropractic care, naturopathy, acupuncture), none of which are explicitly tied to essential oils. Additionally, the phrase 'alternative medicine' itself is ambiguous and does not narrow down to a singular practice. Without further specificity (e.g., 'aromatherapy' or 'phytotherapy'), the query cannot yield a definitive answer.",1.0,1,1.0,['Aromatherapy'],1,1.0,1.0
"What is the name of the parson mentioned in the lyrics of the Christmas carol ""Winter Wonderland""?","What is the role or title of the religious figure mentioned in the lyrics of the Christmas carol ""Winter Wonderland""?","['orangeishblack' 'orangeish black' 'brownest' 'blackish oranges'
 'brownly' 'orangish blacks' 'orangish black' 'brown' 'black orange'
 'blackishoranges' 'brown color' 'orangeblack' 'dark brown' 'brownness'
 'orangishblacks' 'blackishorange' 'black oranges' 'orange black'
 'brownish' 'brownishness' 'blackish orange' 'orangishblack'
 'list of terms associated with color brown' 'brownishly' 'orange blacks'
 'pale sandy brown' 'reddish brown' 'blackorange' 'blackoranges'
 'orangeishblacks' 'light brown' 'brown colour' 'orangeish blacks'
 'pullman brown' 'orangeblacks']",['Parson Brown'],"The query asks for the name of a 'parson' referenced in the lyrics of 'Winter Wonderland'. A thorough examination of the song's lyrics reveals that while the term 'parson' appears in the second verse ('And he used to walk with his parson'), no specific name is assigned to this character. The song uses 'his parson' generically, implying a role rather than a distinct individual. Since the lyrics do not provide a named parson, the query lacks sufficient information to produce a definitive answer. Additionally, the use of 'parson' may reflect regional dialects or poetic license, further complicating identification of a specific person. The absence of explicit naming renders the query underspecified.",0.6666666667,0,1.0,['Parson'],0,0.0,0.0
What colour jumper does fictional character Rupert the Bear wear?,What colour coat does the fictional character Rupert the Bear wear in the original literature and canonical artwork?,"['red colour' 'incarnadined' 'reddened' 'aztec red' '255 0 0' 'color red'
 'incarnadines' 'reddeners' 'reddens' 'raudur' 'firebrick red'
 'incarnadine' 'redest' 'reddener' 'rauður' 'red political adjective'
 'redly' 'reddishness' 'redness' 'red' 'reddest' 'red color'
 'red movement' 'ff0000' 'redishness' 'rgb 255 0 0' 'reddishly'
 'list of terms associated with color red' 'incarnadining' 'redishly']",['*   Red'],"The query references 'Rupert the Bear,' a well-established character from Beatrix Potter's novels. In the original literature and canonical artwork, Rupert is depicted wearing a red coat, not a 'jumper' (sweater). The use of 'jumper' introduces ambiguity, as it conflicts with the established attire in the source material. Additionally, the query lacks contextual specificity regarding which iteration of the character (e.g., book, film, adaptation) is being referenced, further contributing to uncertainty. Without explicit confirmation of the correct terminology or medium, the query cannot be definitively answered.",1.0,1,1.0,['Red'],1,1.0,1.0
Pancetta is a type of what?,"What category of cured pork product is pancetta commonly classified as, particularly in Italian cuisine?","['hickory bacon' 'side bacon' 'back rashers' 'cottage bacon'
 'streaky rashers' 'bacon rind' 'gammon of bacon' 'rashers' 'bacon'
 'bacon fat' 'bacos' 'streaky rasher' 'streaky bacon' 'fresh bacon' 'bcon'
 'bacon bits' 'green bacon' 'bacon grease' 'bacons' 'barding and larding'
 'bac os' 'back rasher' 'italian bacon' 'slab bacon' 'boczek'
 'barding cooking technique']",['*   Cured pork'],"The query asks for the broader category or classification of 'pancetta.' While pancetta is commonly known as a cured pork product or Italian bacon, the term 'type of' allows for multiple valid answers depending on contextual specificity (e.g., 'cured meat,' 'sausage,' 'bacon,' or 'pork product'). Without additional constraints or clarification from the user, the question lacks sufficient detail to identify a single definitive answer. The ambiguity arises from the lack of context specifying the hierarchical or categorical framework being referenced.",0.0,0,0.5,['*   Salume'],0,0.0,0.5
The Larkspur is also known as what?,"What are the alternative names for the plant commonly known as Larkspur, specifically referring to species within the genus Delphinium?",['delphinium' 'staphisagria' 'staphysagria' 'delphiniums'],['*   Delphinium'],"The query asks for an alternative name for 'Larkspur,' but fails to specify which particular species or context (e.g., botanical classification, regional common names, or cultural references). The term 'Larkspur' encompasses multiple plant species within the genus Conoclinium, each with distinct scientific names and potential alternate common names. Without narrowing the scope (e.g., specifying a subspecies, geographic region, or usage context), the query cannot yield a singular, unambiguous answer.",1.0,1,1.0,"[""*   Delphinium\n*   Knight's Spur""]",0,0.5,0.5
A Paris grocer was jailed for two years in 1978 stabbing wife what?,"What object did a Paris grocer use to stab his wife in 1978, leading to a two-year jail sentence?",['wedge of hard cheese'],['*   Knife'],"The query contains critical gaps and ambiguities. While it specifies the subject (Paris grocer), timeline (1978), penalty (2-year jail term), and criminal act (stabbing wife), the final 'what?' fragment is syntactically incomplete and semantically unclear. This appears to be a misplaced or corrupted element, possibly due to a typing error or formatting issue. Additionally, no further contextual clues exist to clarify the intent behind the 'what?'—whether it refers to the motive, method, aftermath, or another aspect of the incident. Without resolution of this ambiguity, the query lacks sufficient specificity to unambiguously define the event.",0.0,0,0.0,['The specific object used in this incident is not widely documented in public records.'],0,0.0,0.0
"Who's missing: George Costanza, Elaine Bennes, Cosmo Kramer","What object did a Paris grocer use to stab his wife in 1978, leading to a two-year jail sentence?","['jerome seinfeld' 'jerome 22jerry 22 seinfeld' 'jerry seinfield'
 'jerry sienfeld' 'jerry seinfeld']",['*   Jerry Seinfeld'],"The query contains critical gaps and ambiguities. While it specifies the subject (Paris grocer), timeline (1978), penalty (2-year jail term), and criminal act (stabbing wife), the final 'what?' fragment is syntactically incomplete and semantically unclear. This appears to be a misplaced or corrupted element, possibly due to a typing error or formatting issue. Additionally, no further contextual clues exist to clarify the intent behind the 'what?'—whether it refers to the motive, method, aftermath, or another aspect of the incident. Without resolution of this ambiguity, the query lacks sufficient specificity to unambiguously define the event.",1.0,1,1.0,['The specific object used in this incident is not widely documented in public records.'],0,0.0,0.0
What name was given to the English Civil war in the 15th century between the rival houses of Lancaster and York?,"What name was given to the series of conflicts in the 15th century between the rival houses of Lancaster and York in England, which is historically known as a struggle for the English throne?",['war of roses' 'wars of cousins' 'rebellion of 1483' 'wars of roses'],['Wars of the Roses'],"The query appears to contain conflicting historical facts. The 'English Civil War' (1642–1651) occurred in the 17th century, while the rivalry between Lancaster and York (Wars of the Roses) took place in the 15th century. The query incorrectly conflates these two distinct periods. Despite this error, the core elements of the query—specific timeline (15th century), rival houses (Lancaster/York), and the request for a named conflict—are sufficiently detailed to pinpoint the correct historical reference (Wars of the Roses). The confusion arises from terminological misalignment rather than ambiguity in the question's parameters.",1.0,1,1.0,['*   Wars of the Roses'],1,1.0,1.0
Who presented Family Fortunes in the two years between Bob Monkhouse and Les Dennis?,"Who presented Family Fortunes during the two-year period from 1983 to 1985, after Bob Monkhouse and before Les Dennis?",['max bygraves'],['Max Bygraves'],"The query requires identifying the presenter(s) during a specific two-year period between Bob Monkhouse and Les Dennis. However, the timeline is ambiguous. While Monkhouse hosted *Family Fortunes* from 1982 to 1987, Les Dennis officially replaced him in 1987. The phrase 'two years between' could refer to either 1986–1987 (a single year) or a non-consecutive period, but the exact dates of Les Dennis's takeover are unclear. Without explicit start/end years for both presenters, the query lacks sufficient temporal specificity to pinpoint the correct answer.",1.0,1,1.0,['Max Bygraves'],1,1.0,1.0
What is the subject of the Surgeon's Photograph of 1934,"What creature is depicted as the subject of the famous 1934 photograph known as ""The Surgeon's Photograph,"" which is associated with the Loch Ness Monster?","['lnpib' 'nessie dragon' 'loch ness monster'
 'loch ness investigation bureau' 'loch ness leviathan' 'surgeon s photo'
 'lochness monster' 'loche ness monster' 'nessie' 'nessology'
 'nessy dragon' 'niseag' 'locless monster' 'lockness monster' 'nessy'
 'lock ness monster' 'nessiteras rhombopteryx' 'nessie loch ness monster'
 'surgeon s photograph' 'monster of loch ness' 'nessiteras'
 'operation deepscan' 'lochness monsters' 'nessie name']",['*   Loch Ness Monster'],"The query seeks to identify the 'subject' of a specific photograph titled 'The Surgeon's Photograph' from 1934. While the phrase includes temporal (1934) and contextual (Surgeon's) clues, critical ambiguities persist. First, 'The Surgeon's Photograph' is not a universally recognized or standardized title, suggesting potential ambiguity about which specific photograph is referenced. Second, the term 'subject' could refer to the primary visual focus (e.g., a patient, instrument, or procedural detail) rather than a person. Additionally, no unique identifiers (e.g., photographer, hospital, or geographic context) are provided to disambiguate between potentially numerous photographs matching the criteria. Without further constraints, the query lacks sufficient specificity to yield a definitive answer.",1.0,1,1.0,['Loch Ness Monster'],1,1.0,1.0
What is the name for the act of murdering of one's own sister?,What is the specific term used to describe the act of murdering one's own sister in English?,['sororicide'],['*   Sororicide'],"The query seeks a specific term for the act of murdering a sibling. While 'murder' is a general term, the addition of 'own sister' specifies the relationship between perpetrator and victim. However, there is no universally recognized singular term for this exact act in legal or linguistic databases. Terms like 'sibling murder' may describe it colloquially, but this is not a formally defined legal or sociological concept. The lack of a standardized nomenclature makes the query underspecified.",1.0,1,1.0,['Sororicide'],1,1.0,1.0
Which former Soviet republic is the largest land-locked county in the world?,"Which former Soviet republic is the largest landlocked country in the world by land area, despite having a coastline along the Caspian Sea?","['kazastan' 'ka3akctah' 'قازاقستان' 'kazahastan' 'khazakhstan' 'казакстан'
 'kazahkstan' 'khazakstani' 'kazakhia' 'kazakh republic' 'qazaqstan'
 'kazachstan' 'republic of kazakhstan' 'kazakhistan' 'kazakh yeli'
 'khazakstan' 'respublika kazakhstan' 'республика казахстан' 'қр'
 'kazakh eli' 'kazhakstan' 'қазақстан республикасы' 'iso 3166 1 kz'
 'khazakastan' 'kazajastan' 'public holidays in kazakhstan' 'kazakhstan'
 'qazaqstan respublïkası' 'казахстан' 'قازاقستان رەسپۋبلىيكاسى'
 'etymology of kazakhstan' 'administrative divisions of kazakhstan'
 'khazahstan' 'constitution day kazakhstan' 'name of kazakhstan'
 'kazakistan' 'day of capital' 'ka3axctah' 'kazahstan' 'kazakstan'
 'қазақстан']",['Kazakhstan'],"The query asks for a country that satisfies three conditions: (1) a former Soviet republic, (2) land-locked, and (3) the largest in the world. While the largest land-locked country is Mongolia, it is not a former Soviet republic. Other candidates like Kazakstan (a former Soviet republic) are not fully land-locked due to their coastline along the Caspian Sea. Additionally, the term 'county' appears to be a typographical error ('country'). The query lacks clarity on whether 'county' refers to a sovereign state or a smaller administrative division, further complicating the search. There is ambiguity in the criteria, making the query underspecified.",1.0,1,1.0,['Kazakhstan'],1,1.0,1.0
Whose 1995 best seller argues that our universe is part of a super universe?,"Which 1995 best-selling book by Stephen Hawking discusses the concept of our universe being part of a larger multiverse or ""super universe""?","['steven hawkins' 'stephen hawking' 'stephan hawking' 'steven hawkings'
 'steven hawkin' 'stephen william hawking' 'stephen hawkings'
 'stephen hawkins' 'steven hawking' 'stephen w hawking'
 'top down cosmology' 'isobel hawking' 's w hawking' 'steven w hawking'
 'stephen hawking space' 'steve hawking' 'hawking stephen' 'frank hawking'
 'stephen hawkin' 'hawking stephen william' 'steveen hawking']",['*   Michio Kaku'],"The query specifies three critical pieces of information: the year 1995, the term ""best seller,"" and the claim about the universe being part of a super universe. While these constraints narrow the search space, they do not uniquely identify a single book or author. Multiple scientific and philosophical texts from the early 1990s explored related ideas (e.g., multiverses, cosmic inflation, or quantum mechanics), but no widely recognized 1995 bestseller explicitly addresses the ""super universe"" as described. Additionally, the phrase ""super universe"" is vague and could refer to various theoretical frameworks (e.g., string theory, cosmological models) that lacked consensus during that time. Without further clarification on the specific context or terminology used, the query remains ambiguous.",0.0,0,0.0,['*Black Holes and Baby Universes and Other Essays*'],0,0.0,0.0
JB Who wrote the novel ‘Greenmantle’?,Who wrote the novel *Greenmantle* by John Buchan?,"['buchan john' 'buchan john sir' 'sir john buchan'
 'john scantlebury blenkiron' 'lord tweedsmuir'
 'john buchan 1st baron tweedsmuir' 'john buchan'
 'baron tweedsmuir of elsfield' 'john buchan baron tweedsmuir'
 'john sir buchan' 'buchanesque' 'john s blenkiron' 'john blenkiron']",['John Buchan'],"The query begins with ""JB"", which may represent a username, nickname, or acronym, but its relevance to the question is unclear. The core question is about identifying the author of *Greenmantle*, a novel whose author is historically known (John Buchan). However, the inclusion of ""JB"" introduces ambiguity. Unless explicitly defined (e.g., ""JB = John Buchan""), the term ""JB"" lacks contextual clarity, making the query underspecified due to potential misinterpretation of the abbreviations or missing explicit definitions.",1.0,1,1.0,['John Buchan'],1,1.0,0.5
'Cape Cod Salad' is an exotic summer dish centred,What is the main ingredient that the exotic summer dish 'Cape Cod Salad' is centered around?,['lobster'],['*   Cranberries'],"The query appears to be incomplete, ending abruptly with 'centred' without specifying what it is centered around. While contextual clues (e.g., 'exotic summer dish') suggest potential topics (ingredients, cultural significance, preparation method), the abrupt termination leaves critical information缺失. The phrase 'centred' is grammatically incomplete and lacks clarification, creating ambiguity about the core focus of the query.",0.0,0,0.0,['Cranberries'],0,0.0,0.0
Which of Puccini's operatic characters commits suicide with her father's sword?,"Which character in Puccini's opera ""Madama Butterfly"" commits suicide using a sword, which is implied to belong to her father?","['vogliatemi bene' 'un bel di vedremo' 'cio cio san'
 'lieutenant pinkerton' 'madame butterfly' 'un bel dì vedremo'
 'madam butterfly' 'madama butterfly' 'un bel di' 'b f pinkerton']",['Cio-Cio-San'],"The query seeks to identify a specific character from Puccini's operas who meets certain criteria: (1) commits suicide, (2) uses her father's sword. While Puccini's oeuvre includes notable tragedies, none of his major operas feature a character who explicitly suicides with their father's sword. Key candidates include characters like Cio-Cio-San (Madama Butterfly), Tosca, or Violetta, but these do not match the described method. Additionally, the query lacks contextual clues (e.g., opera title) to narrow down possibilities further. Without explicit references to a specific work or additional details, the query remains ambiguous.",0.0,0,1.0,['Cio-Cio-San'],0,0.0,1.0
"Which character has been played by Jack Lord, Cec Linder, Rik Van Nutter, Norman Burton, David Hedison, John Terry, David Hedison and Jeffrey Wright?","Which character from the James Bond franchise has been portrayed by Jack Lord, Cec Linder, Rik Van Nutter, Norman Burton, David Hedison (in two separate films), John Terry, and Jeffrey Wright?",['clarence leiter' 'felix lieter' 'cedar leiter' 'felix leiter'],['*   Felix Leiter'],"The query asks for a character shared among a list of actors (including duplicates). However, this list contains actors with distinct filmography roles. None of these actors are known to have shared a common character across all listed individuals. Additionally, the repetition of 'David Hedison' may indicate a typographical error rather than a meaningful distinction. Without further context (e.g., a specific media franchise or work), the query cannot uniquely identify a character, making it ambiguous.",1.0,1,1.0,['Felix Leiter'],1,1.0,1.0
Who is the patron saint of dancers?,"Who is recognized as the patron saint of dancers in Christian tradition, particularly within Catholic and Orthodox contexts?","['saint crescentia' 'saint vitus' 'vitus' 's vito' 'vít'
 'vitus modestus and crescentia' 'st vito' 'vitus saint'
 'crescentia modestus and vitus saints' 'st vitus' 'saint guy'
 'sts vitus modestus and crescentia' 'modestus vitus and crescentia'
 'crescentia modestus and vitus' 'saint vitus day'
 'modestus vitus and crescentia saints' 'monastery of st vito'
 'saint vito']",['*   Saint Vitus'],"The query asks for the patron saint of dancers, a role that may not have a universally recognized or established answer. While some religious traditions associate specific saints with artistic or professional fields (e.g., Saint Lucy for eyecare professionals), 'dancer' is not explicitly tied to a canonical patron saint in mainstream Christian tradition. The lack of contextual specificity (e.g., denomination, cultural background, or historical precedent) introduces ambiguity. Additionally, the term 'patron saint' implies a formal designation, which may not exist for dancers in most religious frameworks. This creates uncertainty about the intended reference, making the query potentially underspecified.",1.0,1,1.0,['Saint Vitus'],1,1.0,1.0
"The principal author of the US Constitution and writer of over 1/3 of the Federalist Papers, which US President, the 4th, was CIC during the War of 1812?","Which U.S. President, known as the principal author of the U.S. Constitution, writer of over one-third of the Federalist Papers, and the 4th President of the United States, served as Commander-in-Chief during the War of 1812?","['father of constitution' 'madison james' 'presidency of james madison'
 'madison administration' 'president madison' 'jimmy madison'
 'nelly conway madison' 'president james madison' 'james madison jun'
 'james madison' 'fourth president of united states' 'james madison jr'
 '4th president of united states']",['*   James Madison'],"The query contains multiple specific clues: 1) Identifies James Madison as the principal author of the U.S. Constitution and contributor to the Federalist Papers; 2) Directly references 'the 4th' U.S. President (John Adams, though historically incorrect); however, the correct 4th president is Thomas Jefferson, but the query mistakenly refers to John Adams. This creates inconsistency. Additionally, the phrase 'CIC' unambiguously refers to 'Commander-in-Chief,' a role held by presidents during wars. Despite the historical error in identifying the 4th president, the query provides sufficient context to deduce the intended answer (James Madison) through logical inference rather than direct lookup. The core elements required to resolve the query are explicitly provided.",1.0,1,1.0,['James Madison'],1,1.0,1.0
"In Japan, what is a hibachi used for?","In Japan, what is a hibachi traditionally used for when referring to its original purpose as a small heating device?","['cooking methods' 'cookery' 'par cooked' 'cooked' 'hot food'
 'cooking appliances' 'cooking ingredient' 'home cooked' 'cuisiner'
 'par cooking' 'home cooking' 'food heating' 'cookin' 'history of cooking'
 'home cook' '🍳' 'cooking' 'par cook']","['*   Heating (e.g., for warmth or boiling water for tea)']","The term 'hibachi' refers to at least two distinct concepts in Japan: 1) a typeset of charcoal-grilled skewered meat (yakitori) served in restaurant-style settings, and 2) a small electric or gas-heated kitchen appliance used for warming food or providing heat. While the query specifies 'Japan,' it does not clarify which interpretation of 'hibachi' is being referenced. Without further context, the ambiguity leaves room for multiple plausible answers, making the query underspecified.",0.1818181818,0,0.25,"['*   Heating a room\n*   Boiling water (e.g., for tea)\n*   Warming sake\n*   Lighting tobacco']",0,0.1538461538,1.0
'Sir Oliver Martext' is avicar in which of Shakespeare's comedies?,"In which of Shakespeare's comedies does the character Sir Oliver Martext, a vicar, appear?","['oliver martext' 'martext' 'sir oliver martext'
 'silvius fictional character' 'mar text' 'sir oliver mar text'
 'as you like it' 'oliver mar text' 'ducdame']",['As You Like It'],"The query contains several potential issues. First, 'avicar' appears to be a misspelling; the correct term in Shakespearean context is likely 'vicar,' a religious officer. Second, 'Sir Oliver Martext' is not a recognized character in any of Shakespeare's comedies. While Shakespeare's plays include characters like Sir Toby Belch or Sir Andrew Aguecheek, none match the name 'Sir Oliver Martext.' Additionally, the query lacks contextual clues (e.g., historical period, other characters, or plot references) that would help identify the play. Without accurate reference points, the query cannot be resolved definitively.",1.0,1,1.0,['As You Like It'],1,1.0,1.0
What is Bedloes Island in the USA used for?,"What is Bedloe's Island in New York, USA, historically and currently used for, particularly in relation to the Statue of Liberty?","['statue of liberty' 'free woman' 'frederick r law' 'freiheitsstatue'
 'mother of exiles' 'statue liberty' 'azadliq statue' 'liberty statue'
 'staute of liberty' 'liberty enlightening world' 'statue of liberty usa'
 '🗽' 'liberty statue of' 'fort wood national monument']",['*   Statue of Liberty National Monument'],"The query seeks information about the purpose or function of Bedloes Island in the United States. While 'USA' narrows the geographic scope, the specificity of 'Bedloes Island' requires verification of whether this is a recognized location. A quick check reveals no widely documented 'Bedloes Island' in the U.S., suggesting the possibility of a typographical error (e.g., 'Bedloe Island,' which does exist in New York). Even if the name is accurate, the query lacks contextual clues about the island's characteristics (e.g., size, history, ecological role) necessary to definitively answer 'what it is used for.' Additionally, without confirming the island's existence, the query remains ambiguous.",0.75,0,1.0,"['*   **Historically:** Site of Fort Wood, a star-shaped artillery fort.\n*   **Currently:** Home to the Statue of Liberty National Monument.']",0,0.4,1.0
"""What type of clothing is a """"sou-wester""""?""","What specific type of hat is referred to as a ""sou-wester""?","['hatbands' 'puggaree' 'hat' 'hat size' 'hats' '👒' 'hat bands' 'hat band'
 'paper hat' 'hatband' 'types of hats' 'titfer' 'sweatband hat' 'brim hat']",['*   A waterproof hat'],"The query asks for the classification of the term 'sou-wester,' which appears to be a variant or misspelling of 'southerner' (a colloquial term for someone from the Southern United States) rather than a recognized clothing type. While 'sou-wester' may superficially resemble a directional term ('southwest'), its use in the context of clothing is nonsensical. Additionally, the term lacks clarity as it does not correspond to any established garment category. The query depends on resolving an ambiguous or incorrect terminology, making it underspecified due to the lack of definitional precision.",0.6666666667,0,1.0,['Waterproof hat'],0,0.6666666667,0.25
Which was the longest moon landing?,Which Apollo mission had the longest duration of time spent on the lunar surface?,['apollo xvii' 'apollo17' 'apollo 17'],['*   Apollo 17'],"The query is ambiguously phrased due to the undefined metric for 'longest.' It could refer to (1) the total duration of the mission from launch to return, (2) the amount of time spent on the lunar surface, or (3) some other criterion like distance traveled or scientific output. WhileApollo 17 is commonly cited as having the longest lunar surface stay (75 hours), the lack of explicit definition for 'longest' makes the query underspecified. Without clarifying the metric, multiple interpretations are possible.",1.0,1,1.0,['Apollo 17'],1,1.0,1.0
"""What does the word """"fine"""" mean on sheet music?""","""What does the word 'fine' mean in the context of sheet music, specifically as a musical term used to indicate the end of a piece or section?""","['end' 'end band' 'end single' 'end song' 'end book' 'end television'
 'end album' 'end disambiguation' 'end film']",['*   End'],"The query asks about the meaning of the word 'fine' in the context of sheet music. While 'fine' is a valid English word (meaning acceptable or good quality), it is not a recognized term in standard musical notation systems such as treble clef, bass clef, or common musical abbreviations. Possible interpretations include confusion with other terms like 'ferma' (a hold sign), 'dolce' (sweetly), or 'allegro' (fast), but none align precisely with 'fine'. Additionally, the absence of contextual clues (e.g., genre, instrument, or specific score reference) makes it impossible to definitively answer without further clarification. The ambiguity arises from the lack of specificity regarding the notation system or cultural context in which 'fine' appears.",1.0,1,1.0,['*   The end'],1,1.0,1.0
Which is the largest city in Scandinavia by population ?,"What is the largest city by population within the traditional definition of Scandinavia (comprising Sweden, Norway, and Denmark) when considering the population of the city proper?","['stockholm sweden' 'stochholm' 'stockohlm' 'un locode sesto' 'stockolm'
 'sthlm' 'science in stockholm' 'sockholm' 'estocolmo'
 'weather in stockholm' 'british international primary school stockholm'
 'stokholm' 'grev turegatan' 'stockholm science' 'rehnsgatan stockholm'
 'stockholm' 'stockholm sw' 'stockholm city' 'capital of sweden'
 'fjollträsk' 'municipality of stockholm'
 'british international primary school of stockholm' 'tukholma'
 'europe stockholm']",['*   Stockholm'],"The query is underspecified due to two key ambiguities. First, 'Scandinaivia' is not universally standardized - it may include Iceland, Finland, or both, altering the candidate cities. Second, the term 'city' vs 'metropolitan area' is unclear; for example, Copenhagen (Denmark) is commonly cited as the largest city in Scandinavia, but Malmö (Sweden) is sometimes debated as larger when considering urban agglomerations. Without explicit definitions of geographic boundaries and measurement criteria, the answer remains context-dependent.",1.0,1,1.0,['Stockholm'],1,1.0,1.0
On which course were 'The Home of Racing Handicap Stakes' and 'The Rowley Mile Maiden Stakes' run at the end of May?,On which racecourse were 'The Home of Racing Handicap Stakes' and 'The Rowley Mile Maiden Stakes' run at Newmarket at the end of May in a recent racing season?,['newmarket' 'newmarket disambiguation'],['*   Newmarket Racecourse (Rowley Mile)'],"The query seeks to identify a racing course based on two specific event names and a temporal constraint (end of May). While the event names may hint at associations with particular tracks (e.g., 'The Home of Racing' potentially referencing Royal Ascot), the lack of definitive contextual clues—such as the year, explicit track names, or standardized terminology—introduces ambiguity. Additionally, the term 'The Rowley Mile Maiden Stakes' does not clearly correspond to a universally recognized track, further complicating identification. Since the query depends on external knowledge or assumptions not explicitly stated, it cannot be considered fully specified.",0.4,0,1.0,['The Rowley Mile'],0,0.0,0.25
"Are you going to come quietly, or do I have to use earplugs?","Was the phrase ""Are you going to come quietly, or do I have to use earplugs?"" famously associated with Terence Alan Patrick Seán Milligan, also known as Spike Milligan?","['terence alan patrick seán milligan'
 'terence alan patrick seán milligan kbe' 'spike milligan']","[""*   I'll always be quiet.""]","The query contains metaphorical language and ambiguity. 'Come quietly' implies a potential confrontation or negotiation, while 'use earplugs' introduces a physical element suggesting possible escalation. However, critical contextual clues are missing: the identity of the speaker/listener, the nature of the interaction (e.g., real-world scenario, fictional dialogue), and the underlying issue being addressed. The phrasing also hints at a power dynamic or threat, but without explicit clarification, the request remains vague and open to multiple interpretations.",0.0,0,0.0,['Yes'],0,0.0,1.0
"MC Romeo, Dan Da Man, Mr Akira and Mr C were members of which group?","Which UK garage and hip-hop group included members such as MC Romeo, Dan Da Man, Mr Akira, and Mr C?",['so solid crew'],['*   So Solid Crew'],"The query asks for the group membership of four individuals. While 'MC Romeo' and 'Dan Da Man' are recognizable UK drum and bass producers, 'Mr Akira' and 'Mr C' lack clear public associations with a singular, widely recognized group. Without additional contextual clues (e.g., cultural references, subcultures, or specific labels), the query relies heavily on niche or ambiguous connections. The ambiguity around 'Mr Akira' and 'Mr C' introduces uncertainty, making the query underspecified.",1.0,1,1.0,['So Solid Crew'],1,1.0,1.0
Macbeth belonged to which royal house or dynasty?,"To which royal house or dynasty did the historical figure Macbeth, King of Scotland from 1040 to 1057, belong?","['macmalcolm' 'canmore dynasty' 'canmores' 'dunkeld dynasty'
 'house of canmore' 'house of dunkeld']",['*   House of Alpin'],"The query asks about Macbeth's royal affiliation. While Macbeth is a historical figure who became King of Scotland, he did not originate from an established royal dynasty. Historically, he was a thane who rose to power through regicide and lacked direct ties to a hereditary royal house. Additionally, the query does not specify whether it refers to the literary character from Shakespeare's 'Macbeth' or the historical figure. For the play, the narrative often associates Macbeth with the House of Banquo (as per the witches' prophecy), but this is fictional. Without clarification on context (historical vs. literary) or explicit reference to a specific dynasty, the query remains ambiguous.",0.6666666667,0,0.0,['House of Alpin'],0,0.6666666667,0.75
How many pints are there in a 'Winchester'?,"How many pints are there in a Winchester bushel, using the imperial measurement system?","['four' 'four tv channel nz' 'four new zealand'
 'four new zealand tv channel' 'fourtv']",['* 64 (dry pints in a Winchester bushel)'],"'Winchester' is not a standardized unit of measurement for volume. While 'Winchester bushel' may reference a historical dry measure (e.g., 8 imperial gallons), this term is ambiguous without clarification. The query lacks specificity regarding whether 'Winchester' refers to a unit of volume, a container size, or a typographical error (e.g., 'bushel'). Additionally, conversions depend on whether the context uses imperial or US customary units, further complicating the answer.",0.0,0,0.0,['Approximately 62.02 imperial pints'],0,0.0,0.0
The books 'The Edge of Reason' and 'Mad About The Boy' are sequels to which novel?,"The books 'The Edge of Reason' and 'Mad About The Boy,' both written by Helen Fielding, are sequels to which novel featuring the character Bridget Jones?","['bridget joneses diary' 'bridget jones diary' 'bridget joness diary'
 'diary of bridget jones' 'bridget jones s diary']","[""Bridget Jones's Diary""]","The query asks for a single novel that both 'The Edge of Reason' and 'Mad About The Boy' are sequels to. However, these two books are authored by different writers (John le Carré and Ian McEwan respectively) and are sequels to distinct novels ('The Cider House Rules' and 'Atonement'). Since the query assumes a shared source novel for both works, it contains conflicting premises. The question lacks sufficient context to resolve ambiguity about potential cross-author connections or alternate interpretations of sequential relationships.",1.0,1,1.0,['Bridget Jones’s Diary'],0,0.6666666667,1.0
Motor Racing. Which team has announced that they are to withdraw from Formula One racing at the end of the year?,"Which motor racing team, specifically BMW, announced their withdrawal from Formula One racing at the end of 2009?","['bmw z2' 'bavarian motor works' 'bayerische motoren werke'
 'motoren werke ag' 'connecteddrive' 'bmw v series'
 'bayrische motoren werke' 'bmw automobile' 'bmw motorcyc le clubs'
 'bmw model designations' 'bmw group' 'bmw ag' 'bmw motorcycle clubs'
 'bayerische motorenwerke' 'b m w g' 'bmw company' 'bayer motoren werke'
 'bayerische motoren werke gmbh' 'b m w' 'bmw korea'
 'bayerische motoren werke ag' 'bmw']",['*   Alfa Romeo'],"The query seeks information about a specific team exiting Formula One by the end of the year. While it provides sufficient context (sport, competition, timeline), it lacks critical specificity: 'the end of which year?' Without a defined timeframe (e.g., 2023, 2024), the query remains ambiguous. Additionally, no prior knowledge of recent announcements is assumed, making the query reliant on external data not included in the prompt. This ambiguity around the temporal scope renders the query underspecified.",0.0,0,0.0,['BMW Sauber'],0,0.6666666667,0.75
"""What is the name of the short actor who plays the main role in the BBC2 comedy series""""Life's too short""""?""","What is the name of the actor, known for his short stature, who plays the main role of a fictionalized version of himself in the BBC2 comedy series ""Life's Too Short""?",['warwick ashley davis' 'warwick davies' 'warwick davis'],['Warwick Davis'],"The query specifies the television series ""Life's too short"" (a known BBC2 comedy) and seeks the name of an actor described as 'short' playing the main role. While the series and its main cast are identifiable, the term 'short' is ambiguously defined. It could refer to physical height, a nickname, or a non-physical characteristic (e.g., 'short-lived' or 'concise'). Additionally, the phrase 'main role' is vague, as the series features multiple actors. Without further clarification on 'short,' the query lacks sufficient specificity to uniquely identify the intended individual.",1.0,1,1.0,['Warwick Davis'],1,1.0,1.0
Which football manager as the nickname the bald eagle?,"Which English football manager, known for his career in the late 20th century and early 21st century, was nicknamed ""The Bald Eagle""?",['jim smith disambiguation' 'jim smith' 'smith jim' 'jim smith basketball'],['*   Gian Piero Gasperini'],"The query seeks to identify a football manager with the nickname 'the bald eagle.' While the terms 'football manager' and 'nickname' are clear, the specificity of the nickname ('the bald eagle') introduces uncertainty. This nickname does not correspond to a widely known or established football manager in mainstream sports history. Additionally, the absence of contextual clues (e.g., country, club, era) further complicates identification. Without definitive references or broader cultural context, the query lacks sufficient constraints to yield a unique answer.",0.0,0,0.0,['Roy Hodgson'],0,0.0,0.0
Who had chart hits which included Annie`s Song and Rocky Mountain High?,"Which artist, known by names such as John Denver or Henry John Deutschendorf Jr., had chart hits including ""Annie's Song"" and ""Rocky Mountain High""?","['john deutschendorf' 'henry john deutschendorf'
 'henry deutschendorf junior' 'annie denver' 'henry john deutschendorf jr'
 'for baby for bobbie' 'henry deutschendorf jr'
 'henry john deutschendorf junior' 'john denver' 'henry deutschendorf']",['*   John Denver'],"The query asks for an artist whose chart hits include both 'Annie's Song' and 'Rocky Mountain High.' While 'Rocky Mountain High' is definitively by the band America, 'Annie's Song' refers to multiple songs across various artists (e.g., 'I Don't Know How to Love Him' from the musical *Annie*). Without clarification on which specific versions of 'Annie's Song' are intended, the query lacks sufficient specificity to identify a single, definitive artist. Additionally, there is no widely known artist who has both songs on their chart-topping discography, further indicating ambiguity.",1.0,1,1.0,['John Denver'],1,1.0,1.0
In1918 women over what age were given the right to vote?,"In 1918, women over what age were given the right to vote in the United Kingdom?",['30' 'thirty'],['*   30'],"The query asks about the voting age for women in 1918 but does not specify a country or region. Voting rights historically varied by nation; for example, in the United Kingdom, women aged 21+ gained suffrage in 1918, whereas in其他国家 like New Zealand (which already granted women the right to vote in 1893) or Germany (where women received the right in 1919), the thresholds would differ. Without geographic context, the query cannot be answered definitively.",1.0,1,1.0,['30'],1,1.0,1.0
Which country has the international car registration code HKJ?,"Which country is represented by the international car registration code ""HKJ,"" commonly associated with the Hashemite Kingdom of Jordan?","['urdunn' 'kingdom of jordan' 'al mamlakah al' 'languages of jordan'
 'h k of jordan' 'jordanian kingdom' 'administrative divisions of jordan'
 'jordanie' 'state of jordan' 'الأردن' 'hashemite kingdom of transjordan'
 'أردنّ' 'المملكة الأردنّيّة الهاشميّة' 'jordan country' 'urdun'
 'ottoman jordon' 'iso 3166 1 jo' 'al urdun' 'jordan' 'al urdunn'
 'etymology of jordan' 'hkj' 'hashemite kingdom of jordan']",['*   Jordan'],"The query asks about an 'international car registration code' designated as HKJ. While international car registration codes often refer to ISO 3166-1 alpha-2 country codes (e.g., DE for Germany, US for United States), HKJ does not correspond to any valid ISO country code. Additionally, HK (Hong Kong) is a region under Chinese sovereignty, not an independent country. The inclusion of 'J' as the third character in HKJ suggests either a misunderstanding of coding systems or a non-standard, hypothetical reference. Since HKJ lacks recognition in established frameworks, the query cannot be resolved without further clarification.",1.0,1,1.0,['Jordan'],1,1.0,1.0
Horatio was a legendary Roman hero who defended a bridge against which army?,"Which legendary Roman hero, often associated with the defense of the Sublician Bridge in the early Roman Republic, held off the Etruscan army?",['etruscan' 'etruscan disambiguation'],['*   Etruscan army'],"The query references 'Horatio' as a Roman hero, but this conflicts with established historical/literary contexts (Horatio is a fictional character from William Shakespeare's *Hamlet*, not a Roman historical figure). Even assuming a hypothetical scenario, the query lacks critical specificity: it does not mention the geographic location of the bridge, the timeframe of the conflict, or any contextual clues linking Horatio to a particular military campaign. Without such details, multiple plausible answers could exist, making the question ambiguous.",0.6666666667,0,1.0,['Horatius Cocles'],0,0.0,0.5
"(As at 2012, and here translated into English) it is illegal to use the slogan 'One People, one Empire, one Leader' in what country?","As of 2012, in which country was it illegal to use the slogan ""One People, one Empire, one Leader,"" a phrase historically associated with Nazi Germany?","['tyskland' 'vokietija' 'germny' 'land der dichter und denker'
 'united states of germany' 'etymology of germany' 'němska' 'germany'
 'federal republic of germany' 'jermany' 'alemanha'
 'bundesrepublik deutschland' 'fr germany' 'teutonica' 'germeny' 'nemska'
 'geramny' 'niemcy' 'thyskaland' 'bundesdeutsch' 'nimska'
 'foederal republic of germany' 'deuchland' 'deutchland' 'germanio'
 'almanya' 'deutschland' 'duitsland' 'iso 3166 1 de' 'br deutschland'
 'f r germany']",['*   Germany'],"The query asks for the country where a specific slogan was legally prohibited as of 2012. While the year and the slogan itself are explicitly stated, the phrase 'One People, one Empire, one Leader' strongly resembles a reference to China's political rhetoric during the early 20th century, particularly associated with Mao Zedong's era. However, the query lacks contextual clues (e.g., cultural background, historical events) that definitively tie the slogan to a single country. Additionally, the phrasing may ambiguously refer to other nations with restrictive policies on nationalism or state symbolism. Though the year narrows the timeframe, the lack of direct references to legal statutes, regional specifics, or alternative interpretations makes the query partially ambiguous.",1.0,1,1.0,['Germany'],1,1.0,1.0
What is the most popular natural attraction in Alaska?,"What is the most visited and culturally significant natural landmark in Alaska, known for being the highest mountain in North America?","['denali south buttress' 'большая гора' 'mount mckinley south buttress'
 'mount mckinley alaska' 'denali' 'mt denali' 'mount mckinely'
 'mount mckinley' 'denali north peak' 'highest mountain in north america'
 'mount mckinley east buttress' 'mt mckinley denali'
 'mount mckinley north peak' 'churchill peaks' 'mount denali'
 'mt mckinley' 'denali east buttress']",['Denali National Park'],"The query specifies 'Alaska' as the geographic context, which is clear. However, 'natural attraction' is ambiguous—could refer to landmarks (e.g., Mount McKinley), ecosystems (e.g., glacial valleys), or recreational areas (e.g., Kenai Fjord). Additionally, 'most popular' depends on metrics (visitor numbers, media exposure, or cultural significance) not explicitly stated. These ambiguities allow for multiple interpretations, leading to potential conflicting answers.",0.5,0,1.0,['Denali'],1,1.0,1.0
Who also writes using the pseudonym 'Barbara Vine'?,"Which author, known for her crime and psychological thrillers, also writes using the pseudonym 'Barbara Vine'?","['baroness rendell' 'ruth barbara rendell baroness rendell of babergh'
 'ruth rendall' 'ruth barbara rendell' 'ruth rendell' 'lady rendell'
 'ruth rendell baroness rendell of babergh' 'barbara vine'
 'reason why anthology of murderous mind' 'baroness rendell of babergh']",['*   Ruth Rendell'],"The query seeks to identify individuals who use the pseudonym 'Barbara Vine.' While the pseudonym itself is explicitly mentioned, the question implies there may be additional writers beyond the known association (e.g., Ruth Rendell). However, the term 'also' introduces ambiguity: the query assumes the existence of multiple authors sharing the same pseudonym, which is factually incorrect (as Barbara Vine is uniquely attributed to Ruth Rendell). Without explicit clarification of the intended scope or additional contextual clues (e.g., genre, time period), the query risks misinterpretation or incomplete resolution.",1.0,1,1.0,['Ruth Rendell'],1,1.0,1.0
"Which was the final battle of King Arthur, at which he was mortally wounded?","Which battle, according to Arthurian legend as commonly depicted in sources like Malory's *Le Morte d'Arthur*, is considered King Arthur's final battle where he was mortally wounded?",['camlann' 'battle of camlann' 'battle of camlan' 'camlan'],['*   Battle of Camlann'],"The query asks for the 'final battle' of King Arthur where he was mortally wounded. However, King Arthur is a mythical figure whose story exists primarily in literary and oral traditions rather than confirmed historical record. Multiple sources (e.g., Malory's *Morte d'Arthur*, Welsh tales, French chronicles) present conflicting accounts of his death, with varying descriptions of the final battle (e.g., Camlann, Mount Badon, or other locales). Additionally, the cause of his mortality differs across versions (e.g., pierced by an arrow, struck by a sword, or poisoned). Since the query does not reference a specific source or narrative tradition, the answer depends on interpretation, leading to ambiguity.",1.0,1,1.0,['Battle of Camlann'],1,1.0,1.0
Who was the first man to win Olympic Gold Medals at 200 metres and 400 metres?,Who was the first male athlete to win Olympic gold medals in both the 200 metres and 400 metres events during the same Olympic Games?,"['michael johnson football' 'michael johnson footballer' 'johnson michael'
 'michael johnson' 'mike johnson' 'michael johnson disambiguation'
 'mike johnson football player']",['*   Michael Johnson'],"The query seeks the first male athlete to win Olympic gold in both the 200m and 400m events. While the events and their nature (Olympic gold) are clearly defined, the critical ambiguity lies in whether 'first' refers to achieving both titles in the same Olympiad or across different editions. The absence of explicit clarification about the scope (same Olympics vs. multiple Olympics) introduces uncertainty. Additionally, while the events themselves are well-defined, the term 'first' may require further contextual constraints to ensure uniqueness in historical achievement.",1.0,1,1.0,['Michael Johnson'],1,1.0,1.0
What type of animal can be found on a tin of 'Lyle's Golden Syrup'?,"What type of animal, depicted as a dead lion surrounded by bees, is featured on the packaging of 'Lyle's Golden Syrup'?","['litium ion battery' 'liio' '18650 li ion battery' 'li lon'
 'lithium ion batteries' 'liion' 'lithium ion battery recalls'
 'li ion cell' 'li ion batteries' 'lithum ion' 'lion battery'
 'lithium ion battery' 'li ion battery' 'laptop battery' 'lithium ion'
 'lithium ion cell' 'li ion' 'lion']",['*   Lion'],"The query seeks information about an animal depicted on the packaging of Lyle's Golden Syrup. While the product itself is a sugary substance, its packaging includes a recognizable mascot named 'Mr. Lyle,' a cartoonish character resembling a man with a mustache and bowtie. This character is not an animal but a fictionalized human figure. The query assumes prior knowledge of the product's branding, which is not explicitly stated in the question. Without additional contextual clues (e.g., specifying the exact design element or cultural reference), the query risks confusion between the mascot and an actual animal, making the specification ambiguous.",1.0,1,1.0,['Lion'],1,1.0,1.0
Which motor manufacturer produces the 'Sharan' model?,Which automotive manufacturer produces the 'Sharan' minivan model?,"['folksvagon' 'volkswagens' 'lamando' 'vw' 'das auto' 'volkswagen r'
 'v dub' 'folkswagon' 'gas auto' 'volkswagon' 'v w' 'volks wagen'
 'volkswagen roccan' 'volkswagen france' 'volkswagen' 'vw motorsport']",['*   Volkswagen'],"The query is ambiguous due to conflicting terminology. 'Sharan' is a vehicle model (a Volkswagen minivan), but the question references a 'motor manufacturer,' which typically relates to engine production. The query fails to clarify whether it seeks the automotive manufacturer (Volkswagen) or the specific engine/motor producer (e.g., BMW, Cummins). Furthermore, 'Sharan' is not a standard term for a motor or engine model, leading to potential misinterpretation. Without additional context (e.g., specifying the type of motor or vehicle variant), the query remains underspecified.",1.0,1,1.0,['Volkswagen'],1,1.0,1.0
If you had two eight enders in one bonspiel what are you playing,"If you achieved two perfect scores, known as ""eight-enders,"" during a single curling bonspiel, what sport are you playing?","['curling sheet' 'curling rink' 'curling shoes' 'button curling'
 'hammer curling' 'curling stone' 'roaring game' 'curling sport' 'curling'
 'sweeping sport' 'curling broom' 'chess on ice' 'curling rock'
 'history of curling' 'free guard zone']",['*   Perfect curling\n*   Exceptional curling'],"The query contains ambiguous terminology ('eight ender') that lacks contextual definition. 'Eight ender' likely refers to a variant of curling gameplay involving 8 ends per match, but this term is non-standard and its precise meaning is unclear. Additionally, a 'bonspiel' typically involves multiple games across several rounds, yet the query fails to specify how two 'eight enders' would integrate into this framework. The lack of clarity about rule variations, team composition, or competitive structure renders the scenario undefined.",0.4,0,0.5,['Curling'],1,1.0,1.0
"Which mammal has species called 'leopard', 'Grey' and 'Baikal'?","Which group of specialized military operatives is commonly referred to by names such as 'SEAL Team 1', 'SEAL Team 3', and 'SEAL Team 5'?","['american navy sea air and land teams' 'us navy seal s'
 'united states navy sea air and land forces' 'seal team three'
 'task force blue' 'usns task force' 'greenfaces'
 'armed forces navy seals' 'delta seals' 'u s navy seals'
 'armed forces seal' 'american navy seals' 'sealt'
 'united states navy seal s' 'seal team four'
 'basic underwater demolition seal training' 'navy seal s' 'us navy seal'
 'seal us navy' 'navy seal' 'armed forces navy seal' 'seals' 'navy seals'
 'seal team 1' 'seal team 3' 'seal team 7' 'seal team 5'
 'sea air and land teams' 'navvy seal' 'seal team eight' 'usnss'
 'osama bin laden killers' 'seal team 2' 'seal' 'u s navy seal'
 'seal teams' 'basic underwater demolition' 'seal team 9' 'seal team nine'
 'seal team seven' 'united states navy sea air and land'
 'naval commandos united states' 'seal team 8' 'usn seals' 'u s seals'
 'seal team ten' 'seal team 10' 'american navy seal' 'seals us navy'
 'usn principal special operations' 'seals u s navy'
 'united states navy seals' 'seal team 4' 'us navy seals' 'seal team one'
 'seal delivery vehicle teams' 'seal u s navy' 'united states navy seal'
 'seal team two' 'seal team five']",['*   Seal'],"The query asks for a single mammal that encompasses three distinct species: 'leopard', 'Grey', and 'Baikal'. However, these terms refer to different animals. 'Leopard' typically denotes the African leopard (Panthera pardus) or leopard cat (Prionailurus bengalensis). 'Grey' likely refers to the grey wolf (Canis lupus) or grey seal (Halichoerus grypus). 'Baikal' refers specifically to the Baikal seal (Pusa sibirica). None of these species belong to the same mammalian taxonomic group, making the query ambiguous and unable to identify a singular correct answer.",1.0,1,1.0,['Navy SEALs'],1,1.0,1.0
"Which preparation still in use today, was known in 4th century Egypt? Then, it was made from salt, pepper, iris flowers and mint leaves, but now mostly comprises Sodium Fluoride.","Which dental hygiene product, originally made in 4th-century Egypt from ingredients like salt, pepper, iris flowers, and mint leaves, has evolved into a modern preparation that primarily contains sodium fluoride?","['toothpaste tube' 'toothpaste' 'toofpaste' 'tube of toothpaste'
 'whitening toothpastes' 'tooth pastes' 'tooth paste' 'toothpastes'
 'whitening toothpaste']",['*   Toothpaste'],"The query seeks a preparation historically linked to 4th-century Egypt that evolved into a modern formulation containing sodium fluoride. While the ingredients (salt, pepper, iris, mint) suggest a possible herbal/spice-based remedy, the inclusion of sodium fluoride (a modern dental additive) creates ambiguity. Historical evidence linking these exact components to 4th-century Egypt is sparse, and the transition to sodium fluoride implies a modern rebranding or adaptation. The query lacks specificity regarding the final product’s identity, leaving room for multiple interpretations (e.g., toothpaste, medicinal salve).",1.0,1,1.0,['Toothpaste'],1,1.0,1.0
Dr. Benjamin Rush gave what expeditionary group mercury laced laxatives which proved to be excellent tracers by which archaeologists have now been able to track their actual route?,"Which expeditionary group, led by Meriwether Lewis and William Clark in 1803 as part of the Corps of Discovery, was provided mercury-laced laxatives by Dr. Benjamin Rush, which have since been used by archaeologists to trace their actual route?","['louis and clark expidition' 'louis and clark expedition'
 'lewis and clark' 'john robertson u s soldier'
 'lewis and clark expedition' 'corps of discovery'
 'lewis clark expedition' 'dates to lewis and clarks voyage' 'lewis clark'
 'corps of discovery expedition' 'lewis and clark s expedition'
 'silas goodrich' 'hugh mcneal' 'clark expedition'
 'lewis and clark s corps of discovery'
 'lewis and clark expedition in 1803']",['*   Lewis and Clark Expedition'],"The query requires identifying a specific historical expeditionary group linked to Dr. Benjamin Rush and the use of mercury-laced laxatives as tracers. While the query provides sufficient contextual clues (e.g., Dr. Rush, mercury-laced laxatives, tracing routes), the critical detail lies in knowing the precise name of the group. This hinges on external historical knowledge (e.g., the ""Lewis and Clark Expedition"" or other 19th-century exploratory groups). Without explicit reference to the group's name in the query, the specificity depends on pre-existing factual understanding rather than direct textual evidence. Thus, while the query contains relevant keywords, it lacks definitive identifiers to unambiguously resolve the term 'expeditionary group' within the given phrasing.",1.0,1,1.0,['The Corps of Discovery'],1,1.0,1.0
"Which rust free cars were built in Dunmurry, Northern Ireland in the late 1970s?","Which stainless steel-bodied cars, known for their resistance to rust, were manufactured at the DeLorean Motor Company factory in Dunmurry, Northern Ireland, during the late 1970s and early 1980s?","['de lorean' 'delorean' 'deloreans' 'de loreans' 'delorian'
 'delorean disambiguation']","['No cars were built in Dunmurry, Northern Ireland, in the late 1970s. The DeLorean factory was under construction during that period, with production of the stainless steel-bodied DMC-12 beginning in the early 1980s.']","The query contains geographic (Dunmurry, Northern Ireland), temporal (late 1970s), and product attributes (rust-free) constraints. However, critical ambiguities exist: 'rust-free' refers to production quality or post-sale preservation? 'Built in' implies assembly location, but no evidence exists of automotive manufacturing in Dunmurry during this era. Additionally, 'rust-free' lacks operational definition (e.g., corrosion-resistant materials vs. maintained condition). These gaps prevent precise retrieval of results.",0.0666666667,0,0.0,['*   DeLorean DMC-12'],0,0.6666666667,1.0
"In 2006, who became the second basketball player to score over 80 points in an NBA game?","Who became the second basketball player in NBA history to score over 80 points in a single game, achieving this milestone with an 81-point performance on January 22, 2006?","['vanessa laine' 'kobe bean bryant' 'kobe byrant' 'kobe b' 'gianna bryant'
 'kb24' 'bryant kobe' 'kode bryant' 'coby bryant' 'vanessa laine bryant'
 'kobe bryant philanthropy' 'kobe bryant s 81 point game' 'kobe bryant'
 'nba allstar 2007 mvp' 'kobe bryant song' 'kobe c bryant' 'kobe time']",['Kobe Bryant'],"The query seeks the second NBA player to score over 80 points in a single game, constrained to the year 2006. Historically, the first two players to achieve this milestone were Wilt Chamberlain (1962, 100 pts) and Keith Smart (1983, 83 pts). No NBA player scored over 80 points in a game during the 2006 season. While Shaquille O'Neal scored 81 points in a 2005 game, that occurred outside the specified year. The query’s focus on 2006 creates a contradiction, as no valid instance exists within that timeframe to identify a 'second' player. This lack of alignment between the query’s constraints and historical facts renders the question underspecified.",1.0,1,1.0,['Kobe Bryant'],1,1.0,1.0
