original_question,modified_question,short_answer,model_original_answer,classifier_reasoning,original_f1,original_em,original_AA,model_new_answer,new_em,new_f1,new_AA
where does the modern view of history originate from,"When did the critical, source-based approach to history, often considered the precursor to modern historiography, first emerge?",['approximately in the early 16th century'],"['The modern view of history originates from the Enlightenment period in the 17th and 18th centuries, emphasizing reason, evidence, and progress.']","The query asks about the 'modern view of history' but fails to specify critical parameters such as temporal boundaries (e.g., 18th-century Enlightenment vs. 20th-century postcolonial theory), geographic scope (e.g., Western Europe vs. global histories), disciplinary frameworks (e.g., Marxist historiography vs. traditional narrative), or key theoretical developments (e.g., source criticism vs. oral history). Additionally, 'modern view' is inherently subjective and contested among historians, further complicating the definition of an origin point.",0.0869565217,0,0.0,['19th century'],0,0.2857142857,0.0
when did the first wireless beats come out,When did Beats by Dre release its first wireless speaker?,['October 2012'],"['The first wireless Beats, the Beats by Dr. Dre Wireless, were released in 2012.']","The query is ambiguous due to several factors: 'Beats' refers to a broad range of consumer electronics brands (e.g., Beats by Dre, Beats Electronics), and 'wireless beats' could pertain to various product lines (e.g., headphones, speakers). The term 'first' requires clarification on the specific product lineage, as different companies have released wireless audio devices with varying timelines. Without specifying a particular brand, product type, or context, the query cannot be resolved uniquely.",0.1428571429,0,1.0,['November 2012'],0,0.5,0.25
this inventor co-created the film fred ott’s sneeze,"Which American inventor, whose pioneering work in motion picture technology led to the Kinetoscope, is credited with co-creating the early film 'Fred Ott’s Sneeze'?",['Edison'],['William K.L. Dickson'],"The query refers to an 'inventor' who co-created a film titled 'Fred Ott’s Sneeze.' While the film title is specific, the term 'inventor' is ambiguous in this context since filmmaking typically involves directors, writers, or producers rather than inventors. Additionally, the query lacks critical contextual clues: (1) the exact identity of the inventor (multiple individuals may be associated with the film), (2) the historical period or medium of the film (e.g., silent film, modern digital production), and (3) clarification of how 'inventing' relates to film creation. Without these details, the query remains underspecified due to ambiguity in terminology and insufficient constraints to uniquely identify the intended subject.",0.0,0,0.25,['Thomas Edison'],0,0.6666666667,1.0
what is the collection of the districts to the east of the jordan river,What are the major geographical or political entities situated to the east of the Jordan River?,['Golan Heights' 'Jordan'],['Transjordan'],"The query refers to 'the Jordan River,' which is a transnational water body spanning multiple regions (Israel, Palestine, Jordan, etc.). The term 'districts' is vague without specifying a geopolitical entity (e.g., Israel, Jordan, Palestine) or administrative division system. Additionally, 'to the east of the Jordan River' could imply varying boundaries depending on perspective (e.g., from the river's course in the Dead Sea vs. its upper reaches). The lack of contextual clarification about geography, political entities, or specific criteria for defining 'districts' renders the query ambiguously defined.",0.0,0,0.5,['The Hashemite Kingdom of Jordan'],0,0.4,0.75
factories that assemble parts made in other countries,What are the designated zones or areas that allow factories to import components from various foreign countries for assembly and subsequent export?,['special economic zones'],['Assembly plants'],"The query lacks specificity regarding critical parameters such as geographic scope (e.g., which countries), industry sectors (e.g., automotive, electronics), time frames (current/future/past), or operational contexts (e.g., export/import). 'Other countries' is ambiguous—it could refer to global sourcing, regional partnerships, or localized assembly. Additionally, the query does not define what constitutes 'parts' (raw materials vs. finished components) or specify the purpose of assembly (end-product type). These omissions prevent precise retrieval of relevant data.",0.0,0,0.5,"['Free Trade Zones (FTZs)' 'Special Economic Zones (SEZs)'
 'Export Processing Zones (EPZs)']",0,0.8571428571,1.0
who sang it my party and i'll cry if i want to in the 80,"Who sang the 1981 hit song ""It's My Party,"" which includes the lyric ""I'll cry if I want to""?",['Dave Stewart and Barbara Gaskin'],['Lesley Gore'],"The query appears to reference two distinct song fragments: 'My Party' (by The Police) and 'I Cry If I Want To' (also by The Police), combined with a vague reference to 'the 80'. However, the phrasing is ambiguous. It is unclear if these are two separate songs, a single song containing both lyrics, or if the user is referencing a non-existent hybrid title. Additionally, the phrase 'in the 80' could refer to the 1980s era or the year 1980, further complicating the specificity. Without explicit clarification on the song title or context, the query remains underspecified.",0.0,0,0.0,['Lesley Gore'],0,0.0,0.0
who plays the dad in pretty in pink,Who plays the dad in the 1986 film Pretty in Pink?,['Harry Dean Stanton'],['Harry Dean Stanton'],"The query refers to 'Pretty in Pink,' a 1986 cult classic, but does not explicitly clarify which version (original 1986 film or 2018 remake) is being referenced. While the original features John Travolta as the father figure, the 2018 remake casts a different actor (James Marsden). Without specifying the version, the query lacks sufficient detail to definitively identify the correct answer, leading to ambiguity.",1.0,1,1.0,['Harry Dean Stanton'],1,1.0,1.0
how many writes does a flash drive have,"What is the typical number of program-erase cycles a flash drive can endure, and how does this differ for single-level cell (SLC) based memory?","['around 3,000-5,000 program-erase cycles,[51] but some flash drives have single-level cell (SLC) based memory that is good for around 100,000 writes']","['Flash drives typically support 3,000 to 100,000 write cycles, depending on the type and quality.']","The query asks for the number of write cycles a flash drive can endure, but it lacks critical specifications needed to provide a definitive answer. Flash drive endurance varies by technology (e.g., TLC vs. NVMe), manufacturer, quality, and usage patterns. Factors such as wear-leveling algorithms, file system overhead, and actual operational conditions also impact lifespan. Without specifying the drive's type, brand, model, or intended use case, the question cannot be answered with precision.",0.1714285714,0,1.0,"['- Typical flash drives endure around 3,000 to 10,000 program-erase cycles.  \n- Single-level cell (SLC) memory can endure up to 100,000 program-erase cycles.']",0,0.4285714286,0.5
a legislative act passed by congress is an example of,What type of law is a legislative act passed by Congress an example of?,['statutory law'],['Statutory law'],"The query presents a partial statement ('a legislative act passed by congress is an example of') and appears to seek completion of the 'example of' clause. While the subject (a legislative act passed by Congress) is well-defined, the query lacks specificity regarding the category or concept being referenced. The intended answer depends on contextual assumptions (e.g., 'a statute', 'federal law', or 'legislation'), which are not explicitly stated. Without additional constraints, multiple valid answers exist, making the query ambiguous.",1.0,1,1.0,['Statutory law'],1,1.0,1.0
what is the significance of the sahara desert,What is the Sahara Desert's significance in terms of its global ranking and classification among deserts?,['the largest hot desert and the third largest desert in the world after Antarctica and the Arctic'],"['- Largest hot desert in the world.  \n- Acts as a climate barrier between North and Sub-Saharan Africa.  \n- Rich in natural resources like oil, gas, and minerals.  \n- Home to unique ecosystems and biodiversity.  \n- Significant for historical trade routes, such as the Trans-Saharan trade.']","The query asks for the 'significance' of the Sahara Desert, but the term 'significance' is overly broad and vague. The Sahara has multiple potential significances across environmental, geological, historical, economic, and cultural contexts. The query does not specify which particular aspect(s) of significance the user is referring to (e.g., ecological role, historical trade routes, climate impact, biodiversity, human migration patterns). This lack of specificity makes it impossible to craft a targeted or accurate response without further clarification.",0.2745098039,0,1.0,"['The Sahara Desert is the largest hot desert in the world.'
 'It is the third-largest desert overall, after Antarctica and the Arctic.']",0,0.5714285714,1.0
where is nathan's hotdog eating contest held,Where is the Nathan's Hot Dog Eating Contest traditionally held?,"[""at Nathan's Famous Corporation's original, and best-known restaurant at the corner of Surf and Stillwell Avenues in Coney Island, a neighborhood of Brooklyn, New York City""]","['Coney Island, New York']","The query asks for the location of the Nathan's Hot Dog Eating Contest. While 'Nathan's' refers to the iconic Coney Island hot dog stand, the contest itself is an annual event that has historically been held at the same location (Coney Island, Brooklyn). However, the query lacks specificity regarding the year or exact venue, as the contest may occasionally change locations or have special editions. Without additional context, the answer could be ambiguous between historical locations or variations.",0.2857142857,0,1.0,"['Coney Island, New York']",0,0.2857142857,1.0
all the gases in the earth's atmosphere,"What are the primary and significant trace gases, including water vapor, found in Earth's atmosphere?","['Nitrogen' 'Oxygen' 'Argon' 'Carbon dioxide' 'Neon' 'Helium' 'Methane'
 'Water vapor']","['Nitrogen (78%)' 'Oxygen (21%)' 'Argon (0.93%)' 'Carbon dioxide (0.04%)'
 'Neon' 'Helium' 'Methane' 'Krypton' 'Hydrogen' 'Water vapor (varies)']","The query asks for a list of all gases in Earth's atmosphere, but it lacks critical specifications. Key ambiguities include: 1) Whether to exclude trace gases (e.g., neon, helium), 2) Whether to consider water vapor as a separate component, 3) How to handle variable compositions (e.g., seasonal changes in CO₂ levels), and 4) Whether to distinguish between dry air and moist air. Additionally, the term 'gases' could imply either molecular species (N₂, O₂, etc.) or broader atmospheric constituents (including aerosols). Without clarification, the request cannot be precisely fulfilled.",1.0,1,1.0,"['Primary gases: Nitrogen (78%), Oxygen (21%), Argon (0.93%)'
 'Significant trace gases: Carbon dioxide (0.04%), Neon, Helium, Methane, Krypton, Hydrogen'
 'Water vapor: Variable, typically 0-4%']",0,0.5714285714,0.5
who was the mexican commander who surrendered to the texans at the capturing of san antonio,"Who was the Mexican commander, serving as Santa Anna's chief of staff, who surrendered to the Texans, an event that solidified Texan control over San Antonio during the Texas Revolution?",['Sanchez Navarro'],['General Martín Perfecto de Cos'],"The query seeks information about a specific historical event: the Surrender of San Antonio during the Texas Revolution (1835). While the broader context is clear, the term 'Mexican commander' requires clarification. Two primary figures are associated with this event: General Santa Anna (supreme Mexican commander) and Colonel José de Urrea (local commander of the Mexican garrison). Santa Anna technically authorized the surrender via telegram, but Urrea physically signed the document. The query does not specify whether it refers to the higher authority (Santa Anna) or the direct commander (Urrea), leading to potential ambiguity. Additionally, the phrasing 'capturing of San Antonio' may imply the Texan perspective, but the event is better known as the 'Siege of Bexar.' This lack of specificity regarding roles and terminology creates uncertainty.",0.0,0,0.0,['General Martín Perfecto de Cos'],0,0.0,0.0
who led the soldiers in ending the raid on the harper's ferry arsenal,Who led the U.S. Marines who stormed the engine house to end the raid on Harpers Ferry?,['First Lieutenant Israel Greene'],['Robert E. Lee'],"The query seeks to identify the leader of soldiers who ended the Harpers Ferry Raid. While the historical context is clear (the 1859 raid led by John Brown), the specificity of 'the soldiers' is ambiguous. Multiple military units and commanders were involved in suppressing the raid, including federal troops under General John C. Fremont and local militias. Without further clarification on which unit or timeframe, the query lacks sufficient detail to pinpoint a unique answer. Additionally, the term 'soldiers' could refer to either regular armed forces or volunteer groups, adding layers of ambiguity.",0.0,0,0.0,['Robert E. Lee'],0,0.0,0.0
how many pennsylvania house of representatives are there,How many members are in the Pennsylvania State House of Representatives?,['203'],['203'],"The query references 'pennsylvania house of representatives,' which could ambiguously refer to either the Pennsylvania State House of Representatives (a state legislative body) or the U.S. House of Representatives (federal). While the latter is explicitly named 'U.S. House of Representatives,' the former is often abbreviated as 'House of Representatives' in state contexts. The lack of clarification between state and federal levels creates ambiguity. Additionally, the correct terminology for the Pennsylvania state legislative body is 'State House of Representatives,' not 'House of Representatives.' This omission further contributes to underspecification.",1.0,1,1.0,['203'],1,1.0,1.0
what tool is available from microsoft as an alternative to the usmt for smaller migrations,"What Microsoft tool, designed for individual user profile and file migrations on Windows operating systems up to Windows 7, served as a simpler alternative to the User State Migration Tool (USMT)?",['Windows Easy Transfer'],['Windows Easy Transfer'],"The query asks for a Microsoft tool alternative to USMT (User State Migration Tool) for 'smaller migrations.' While USMT is a well-known tool for migrating user settings and files during OS transitions, the query lacks critical contextual information: (1) Target operating systems (Windows 7/10/Server?), (2) Specific requirements for 'smaller' migrations (e.g., cloud-based, on-premises, simplified UI), and (3) Whether the user seeks a standalone tool or integration with existing Microsoft ecosystems (e.g., Azure AD, Microsoft Endpoint Manager). These omissions mean multiple valid answers could exist, making the query ambiguous.",1.0,1,1.0,['Windows Easy Transfer'],1,1.0,1.0
what time do tam tams start in montreal,What time do the weekly Tam-Tams drum circle gatherings typically start on Sundays at Mount Royal Park in Montreal?,['around 10:30am'],['Tam Tams in Montreal typically start around 12:00 PM on Sundays.'],"The query references 'tam tams,' which can refer to either a traditional Irish folk dance (a group of dancers) or a slang term for police officers ('tame tames'). In Montreal, the latter interpretation may relate to street performances by police musicians. However, the query lacks critical specificity: it does not mention a particular event, date, or context (e.g., a festival, parade, or weekly performance). Additionally, the term 'start' implies a scheduled event, but no temporal or locational details beyond 'montreal' are provided. This ambiguity and missing context prevent a definitive answer.",0.1538461538,0,0.0,['Around noon'],0,0.5,0.0
where does prime rib come from on a cow,From which primal cut of a cow does prime rib come?,['the primal rib'],['Prime rib comes from the rib section of the cow.'],"The query asks about the origin of 'prime rib' on a cow. While 'prime rib' commonly refers to the beef tenderloin (a specific cut from the cow's loin area), the term can also encompass broader interpretations, such as the entire rib section including marbling and fat. The lack of specificity regarding whether the user is referring to the tenderloin alone, the rib section, or alternative regional terminology (e.g., 'standing rib roast') creates ambiguity. Additionally, the phrase 'come from on a cow' may imply a request for anatomical localization, but without clarification on whether the user seeks the precise musculature (e.g., longissimus dorsi) or broader primal cut, the query remains partially underspecified.",0.2,0,0.75,['Rib primal cut'],0,0.8,1.0
what breed of dog is the teddy bear dog,What breed of dog is commonly known by the nickname 'teddy bear dog'?,['Zuchon'],"['The Teddy Bear dog is typically a crossbreed, often a mix of Shih Tzu and Bichon Frise, or sometimes a mix of other small breeds like Maltese or Poodle.']","The query asks for the breed of a 'teddy bear dog.' While 'Teddy Bear' is commonly associated with the Teddy Bear Terrier (a small, fluffy breed), the term 'teddy bear dog' is not formally recognized as a standardized breed name. The ambiguity lies in whether the phrase refers to the Teddy Bear Terrier or a generic descriptor for a docile, cuddly dog. Additionally, 'teddy bear' may be applied to various breeds (e.g., Poodles, Shih Tzus) due to their appearance, making the query lack specificity. Without further clarification, the reference to 'teddy bear dog' does not uniquely identify a single breed.",0.0,0,0.25,['Zuchon (Shichon)'],0,0.6666666667,1.0
what year did the us hockey team won the olympics,In what years did the US men's ice hockey team win the gold medal at the Winter Olympics?,['1960 and 1980'],['1980'],"The query lacks specificity regarding which Olympic Games (e.g., Summer/Winter, specific edition) and does not clarify whether it seeks all historical winning years or a single instance. While 'hockey' implies Winter Olympics, the term 'team' may ambiguously refer to different sports (e.g., field hockey vs. ice hockey). Additionally, the U.S. has historically won multiple Olympic hockey medals, requiring clarification on the exact event or timeframe.",0.5,0,0.5,['1960' '1980'],0,0.5,0.5
what is the source of information for account receivables,What is the primary document that serves as the source of information for account receivables?,['invoices'],"['Sales invoices' 'Customer contracts' 'Credit memos' 'Payment records'
 'Aging reports']","The query asks for the 'source of information' for account receivables but lacks critical contextual details. While account receivables typically originate from sales transactions, invoicing systems, or financial software (e.g., ERP systems, CRM platforms), the answer depends on the specific organizational context, industry practices, or regulatory framework being referenced. Without clarification on the scope (e.g., internal vs. external data sources, specific systems, or functional area), the query remains ambiguous and cannot be fully resolved.",0.6666666667,0,1.0,['Invoice'],0,0.0,1.0
when did the sat become out of 1600,When did the SAT return to its original 1600-point scoring system?,['2016'],['The SAT became out of 2400 in 2005.'],"The query asks for the date when the SAT 'became' out of 1600, implying a historical shift. However, the SAT has consistently used a 1600-point scale since its creation in 1926. There is no evidence of a recent change to this scoring system. The query assumes a transformation that did not occur, making it underspecified due to potential misinterpretation of the test's long-standing scoring structure.",0.0,0,0.0,['March 2016'],0,0.6666666667,1.0
who did the original spirit in the sky,Who was the original artist of the song 'Spirit in the Sky'?,['Norman Greenbaum'],['Norman Greenbaum'],"The query is ambiguously phrased and lacks contextual specificity. 'Original spirit in the sky' could refer to various concepts: (1) a metaphorical/spiritual entity, (2) a character from literature/movies (e.g., ""The Original Spirit""), (3) a musical reference (e.g., ""Spirit in the Sky"" by Staind), or (4) a religious/philosophical idea. The lack of clarifying details (e.g., cultural context, medium, timeframe) prevents definitive interpretation. Multiple plausible answers exist depending on assumptions made about the intended meaning.",1.0,1,1.0,['Norman Greenbaum'],1,1.0,1.0
who sings i want to dance with you,Who sings the 1992 song 'I Want to Dance with You'?,['George Strait'],['George Strait'],"The query asks for the singer of the song 'I Want to Dance with You.' While the song title is clear, there are multiple potential answers due to its popularity and adaptability across genres and eras. The most widely recognized version is by Tony Orlando & Dawn (1973), but other artists such as Miley Cyrus (2008) and various cover versions exist. The lack of contextual information (e.g., release date, genre, or cultural reference) creates ambiguity, making it difficult to definitively identify a single correct answer without further clarification.",1.0,1,1.0,['George Strait'],1,1.0,1.0
who is the richest club in the championship,"Based on the most recent financial reports, which club in the English Premier League generated the highest revenue?",['Manchester City'],['Leicester City'],"The query is ambiguous because 'richest' is not defined (e.g., revenue, profit, asset value). The term 'Championship' could refer to different leagues globally (e.g., English FA Cup, Spanish LaLiga, etc.), though context suggests the English Football League Championship. Furthermore, the definition of 'richest' varies by metric (broadcast income vs. operating profit vs. shareholder equity), and no source is provided for determining this ranking.",0.5,0,0.0,['Manchester City'],1,1.0,1.0
which supreme court judge has surved in international court of justice,Which judge of the Supreme Court of India has served on the International Court of Justice?,['Dalveer Bhandari'],['Justice Dalveer Bhandari'],"The query contains multiple issues. First, 'surved' is likely a spelling error intended to mean 'served'. Second, the query ambiguously combines two distinct judicial entities: the U.S. Supreme Court (a constitutional body) and the International Court of Justice (ICJ), which is a permanent international tribunal under the UN. No U.S. Supreme Court justice has ever served on the ICJ, as these are separate judicial systems with no overlapping appointments. Furthermore, the query fails to clarify whether 'supreme court' refers to the U.S. or another nation's supreme court, and whether 'international court of justice' refers specifically to the ICJ or another similar body. These ambiguities make the query underspecified.",0.8,0,1.0,['Justice Dalveer Bhandari'],0,0.8,1.0
what does the m number mean on a pint glass,What unit of measurement is indicated by the capacity marking on a standard pint glass in the United Kingdom?,['imperial fluid ounces'],"[""The 'M number' on a pint glass indicates that the glass has been certified for use in the UK and meets the legal standards for volume measurement.""]","The query asks about the meaning of an 'M number' on a pint glass. While 'pint glass' is a clear reference to a standardized drinking vessel (typically 16 oz), the term 'M number' is ambiguous without contextual clarification. Possible interpretations include: (1) a manufacturer-specific identification code, (2) a model/series designation, (3) a production batch number, or (4) a symbolic notation (e.g., 'M' as abbreviation for 'military,' 'measure,' or other terms). The lack of additional context (e.g., brand, location, or visual description of the numbering) prevents definitive resolution. Furthermore, 'M number' is not a universally recognized term in brewing or glassware terminology, making the query underspecified.",0.0,0,0.25,['Imperial pint'],0,0.4,0.25
cast of the have and have nots play,What is the cast of the stage play 'The Haves and the Have Nots'?,"['Palmer Williams Jr. as Floyd' 'Patrice Lovely as Hattie'
 'Tony Hightower as Frank' 'Alexis Jones as Diane'
 'Maurice Lauchner as Lewis' 'Jeffery Lewis as Wallie'
 'Kislyck Halsey as Rose']","['Tika Sumpter' 'John Schneider' 'Crystal Fox' 'Angela Robinson'
 'Renee Lawless' 'Tyler Lepley' 'Jaclyn Betham' ""Aaron O'Connell""
 'Peter Parros' 'Gavin Houston' 'Eva Tamargo']","The query contains ambiguous or non-standard terminology. 'The Have and Have Nots' is likely a misspelling or variation of 'The Haves and the Have-Nots,' a lesser-known play by George Bernard Shaw (1856-1941). However, the phrasing 'the have and have nots play' introduces confusion: (1) 'have and have nots' is grammatically incorrect; (2) no widely recognized play bears this exact title; (3) the query fails to clarify whether it refers to a specific production, adaptation, or variant of a known work. Additionally, the term 'play' is redundant when specifying a theatrical work's title. These ambiguities prevent unambiguous retrieval of information.",0.0,0,0.0,"[""The cast of the stage play 'The Haves and the Have Nots' includes Palmer Williams Jr., Patrice Lovely, Tony Hightower, Alexis Jones, and Jeffery Lewis.""]",0,0.2307692308,0.5
who discovered cells divide to make new cells,Who provided early detailed microscopic observations of cells dividing to make new cells?,['Hugo von Mohl'],['Rudolf Virchow'],"The query seeks to identify the individual(s) responsible for discovering the concept that cells divide to produce new cells. While this is a fundamental biological fact (established through collective scientific inquiry), the phrasing lacks critical temporal and contextual specifics. The discovery involves historical contributions from multiple scientists (e.g., Rudolf Virchow's ""Omnis细胞 comes from cell"" principle, or observations by early microscopists). Without clarification on the intended timeframe, specific contribution, or methodological focus (e.g., mitosis vs. cytokinesis), the query cannot be answered definitively. Additionally, the phrase ""discovered"" implies attribution to a singular entity, whereas the concept emerged through cumulative scientific progress.",0.0,0,0.0,['Walther Flemming'],0,0.0,0.0
number of degree of freedom for plane mechanism,What is the total number of degrees of freedom for a system of two unconstrained rigid bodies moving in a plane?,['six'],"[""The degree of freedom for a plane mechanism is calculated using Gruebler's equation: F = 3(n-1) - 2j - h, where n is the number of links, j is the number of joints, and h is the number of higher pairs.""]","The query asks for the 'number of degree of freedom' for a 'plane mechanism,' but lacks critical details required to compute it. Degrees of freedom (DOF) for mechanical systems depends on factors such as the number of links, joints, and their configurations (e.g., revolute, prismatic). Without specifying these elements, the query cannot be resolved numerically. Additionally, the term 'plane mechanism' is overly broad; different mechanisms (e.g., four-bar linkages, slider-crank) have varying DOF values. The lack of specificity makes the query unable to produce a definitive answer.",0.0,0,0.0,['6'],0,0.0,1.0
doric ionic and corinthian orders all refer to types of,"Doric, Ionic, and Corinthian orders all refer to types of what within classical architecture?","['styles of classical architecture, each distinguished by its proportions and characteristic profiles and details, and most readily recognizable by the type of column employed']",['Architectural columns'],"The query identifies three historical architectural orders (Doric, Ionic, Corinthian) and states they 'refer to types of,' but fails to specify the category or concept they are types of. While context implies they are types of ""column orders"" or ""architectural orders,"" the query does not explicitly state this, leaving the target classification ambiguous. This omission creates ambiguity about what the user is seeking to confirm or explain.",0.0,0,1.0,['Columns'],0,0.0,1.0
when do willow and tara get back together,In which episode of Buffy the Vampire Slayer do Willow and Tara get back together?,['Seeing Red'],"[""Willow and Tara reconcile in 'Entropy' (Season 6, Episode 18) of *Buffy the Vampire Slayer*.""]","The query references two characters, 'Willow' and 'Tara,' but does not specify the fictional universe, series, or context in which they exist. While these names may correspond to characters from 'Buffy the Vampire Slayer' (e.g., Willow Rosenberg and Tara Maclay), the absence of explicit contextual details (such as a specific show, book, or storyline) leaves ambiguity about the intended reference. Without clarification, the question cannot be definitively answered due to potential alternative interpretations or sources.",0.0,0,0.0,"[""Season 6, Episode 20: 'Villains'""]",0,0.0,0.0
what theater number was the aurora shooting in,What screen number was the 2012 Aurora movie theater shooting primarily associated with?,['9'],['The Aurora shooting occurred in Theater 9.'],"The query references the 'Aurora shooting,' which primarily refers to the 2012 mass shooting at the AMC Loews Aurora Theatre in Colorado. However, the term 'theater number' is ambiguous. The venue was a single building with multiple screens (e.g., Screen 8) rather than distinct numbered theaters. Additionally, the shooting occurred across multiple areas within the facility, not confined to a specific numbered theater. Without further clarification on how 'theater number' is defined (e.g., by screen numbering, location, or administrative designation), the query lacks sufficient specificity to yield a definitive answer.",0.2857142857,0,1.0,['Screen 9'],0,0.6666666667,1.0
batman and robin episode only fools and horses,Which episode of the British sitcom 'Only Fools and Horses' features Del Boy and Rodney dressed as Batman and Robin?,"['""Heroes and Villains""']","[""There is no Batman and Robin episode in 'Only Fools and Horses,' but there is a famous scene in the episode 'Heroes and Villains' where Del Boy and Rodney dress as Batman and Robin.""]","The query combines two unrelated entities: 'Batman and Robin' (a superhero duo from DC Comics/TVSeries) and 'Only Fools and Horses' (a British comedy sitcom). There is no known connection between these two franchises, nor is there an established episode of 'Batman and Robin' that references or features 'Only Fools and Horses.' The phrasing suggests confusion or a hypothetical scenario, but without additional context clarifying the intended relationship (e.g., a crossover, parody, or thematic link), the query lacks sufficient specificity to yield meaningful results.",0.1714285714,0,1.0,['Heroes and Villains'],1,1.0,1.0
when will notre dame played michigan state again,In what year are Notre Dame and Michigan State next scheduled to play each other?,['2026'],['There is no scheduled game between Notre Dame and Michigan State as of now.'],"The query seeks information about the next matchup between Notre Dame and Michigan State, but it lacks critical temporal and contextual specificity. While the entities (Notre Dame and Michigan State) and the action (playing again) are clear, the query does not specify a timeline (e.g., 'next season,' '2023,' 'this week'), nor does it account for potential scheduling changes, historical matchups, or league rules that could affect the timing of such a game. Without additional constraints or context, the request cannot be resolved with certainty.",0.0,0,0.0,['2026'],1,1.0,1.0
when was you'll never walk alone first released,When was the song 'You'll Never Walk Alone' first performed in the musical Carousel?,['1945'],['October 1963'],"The query asks for the 'first' release of the song 'you'll never walk alone,' but does not specify which version or context. This title refers to multiple songs across different media (e.g., the 1946 composition by Charles Tobias, the 1957 West Side Story musical number, or its use as a sports anthem). Without clarification on the specific work, release medium, or artistic context, the query lacks sufficient detail to identify a unique answer.",0.0,0,0.0,['1945'],1,1.0,1.0
who played cruella de vil in 101 dalmatians,Who played Cruella de Vil in the 1996 live-action film '101 Dalmatians'?,['Glenn Close'],['Glenn Close'],"The query asks for the actor who played Cruella de Vil in '101 Dalmatians.' While the character and film title are clearly identified, the query does not specify which version of the film (e.g., 1961 original, 1996 live-action, or 2016 animated reboot) is being referenced. This ambiguity creates multiple potential answers depending on the intended film version. Since the query lacks specificity regarding the film's timeline or medium, it cannot definitively pinpoint a single actor.",1.0,1,1.0,['Glenn Close'],1,1.0,1.0
where do you get male pattern baldness from,What are the contributing factors to male pattern baldness?,['a combination of genetics and the male hormone dihydrotestosterone'],"['Male pattern baldness is primarily inherited from the maternal side of the family through the X chromosome, but other genetic factors from both parents can also contribute.']","The query seeks to understand the origin or causative factors of male pattern baldness. While 'male pattern baldness' refers to a genetically influenced hair loss condition linked to dihydrotestosterone (DHT) and family history, the phrase 'where do you get...' introduces ambiguity. The query could be interpreted as asking about genetic inheritance, hormonal mechanisms, environmental triggers, or societal/cultural perceptions. Without additional context specifying the type of explanation sought (e.g., biological, familial, medical), the request remains underspecified due to multiple plausible interpretations.",0.1290322581,0,0.5,"['- Genetics  \n- Hormonal changes (e.g., sensitivity to dihydrotestosterone or DHT)  \n- Age  \n- Family history of baldness  \n- Environmental factors (e.g., stress, diet)']",0,0.2307692308,0.5
super robot monkey team hyperforce go fighting games,"Considering 'Super Robot Monkey Team HyperForce Go' is a 2D platformer arcade game and not a fighting game, what specific fighting game title is a user likely seeking when they query 'super robot monkey team hyperforce go fighting games'?","['""The Lords of Soturix 7""']",['There are no official fighting games for Super Robot Monkey Team Hyperforce Go.'],"The query appears to combine multiple unrelated concepts. 'Super Robot Monkey Team HyperForce Go' refers to a specific 2D platformer arcade game, while 'fighting games' denotes a distinct genre of video games. The inclusion of both terms creates ambiguity: the user may be seeking information about the game's classification (e.g., is it a fighting game?), its relationship to other genres, or possibly mixing up titles. Additionally, the phrasing lacks clarity on the user's intended purpose (e.g., searching for similar games, game mechanics, or historical context). Without explicit context or constraints, the query remains ambiguous and insufficiently defined.",0.0,0,0.0,['Super Smash Bros.'],0,0.0,0.0
who wrote the text for jeanie with the light brown hair,Who wrote the lyrics for the song 'Jeanie with the Light Brown Hair'?,['Stephen Foster'],['Stephen Foster'],"The query seeks to identify the author of a text featuring a character named 'Jeanie' described as having 'light brown hair.' While the character's name and physical trait are provided, critical contextual information is missing: the specific title or source of the text, the medium (e.g., novel, play, song), and potential additional descriptors to disambiguate between possible works. Multiple fictional or real-world texts may feature a character named Jeanie with similar characteristics, making the query ambiguous without further constraints.",1.0,1,1.0,['Stephen Foster'],1,1.0,1.0
what is the number of cities in texas,What is the number of incorporated municipalities in Texas?,['961'],"['There are 1,218 incorporated cities in Texas.']","The query seeks the number of 'cities' in Texas. While the location ('texas') is clearly defined, the term 'cities' is ambiguous. Different sources may categorize municipal populations differently (e.g., incorporating towns vs. unincorporated areas). Additionally, the query does not specify whether it refers to currently recognized cities, historically designated ones, or includes subdivisions like boroughs or villages. This lack of precise definitional boundaries makes the query underspecified.",0.0,0,0.0,"['There are 1,218 incorporated municipalities in Texas.']",0,0.0,0.0
what hangs from the trees in the bayou,What distinctive gray-green plant commonly hangs in long strands from trees in the bayou?,['Spanish moss'],['Spanish moss'],"The query asks for objects that 'hang from the trees' in a 'bayou.' While 'bayou' provides a geographical context (a wetland ecosystem), the phrase 'hangs from the trees' is vague and open to multiple interpretations. Possible candidates include natural elements like vines, bird nests, fish traps, or cultural items like fishing gear. The lack of specificity regarding the nature of the hanging object (e.g., biological, artificial, seasonal) or the type of tree (e.g., cypress, willow) prevents the query from being definitively answered. Additionally, 'hangs' could refer to both living and non-living entities, further broadening the scope.",1.0,1,1.0,['Spanish moss'],1,1.0,1.0
who do you meet at the gates of heaven,"In Christian theology, who is traditionally depicted as meeting souls at the gates of Heaven?",['Saint Peter'],"['It depends on personal beliefs or religious teachings, such as God, angels, or loved ones.']","The query asks about entities encountered at 'the gates of heaven,' a concept rooted in religious or metaphysical frameworks. However, the term 'heaven' and its associated imagery (e.g., angels, souls, divine beings) lacks explicit contextual details. Different cultures, faiths, or fictional works may interpret this differently (e.g., Christian theology vs. Islamic eschatology vs. fantasy lore). Additionally, the phrasing 'do you meet' introduces ambiguity: is the speaker addressing a supernatural entity, a spiritual guide, or a symbolic representation? Without clarifying the cultural, theological, or narrative context, the query cannot be resolved definitively.",0.0,0,0.0,['Saint Peter'],1,1.0,1.0
what do the films mean in high castle,What are 'The Grasshopper Lies Heavy' films in The Man in the High Castle TV series?,['The Grasshopper Lies Heavy is a series of newsreel films depicting multiple alternative realities'],"[""The films in 'The Man in the High Castle' depict alternate realities, including a world where the Allies won WWII, symbolizing hope, resistance, and the possibility of change.""]","The query is ambiguously phrased due to several factors. 'High Castle' refers to both a 1962 satirical film directed by Alex Cox and a 2019 television adaptation based on Philip K. Dick's novel. The use of 'films' (plural) suggests the TV series, but the query lacks specificity about which medium (film/series), key characters, plot elements, or thematic aspects being referenced. Additionally, the term 'mean' is too broad—it could relate to symbolic meanings, narrative significance, cultural impact, or other interpretations. Without clarifying these details, the query cannot be definitively answered.",0.1764705882,0,0.75,['They are propaganda films showing an alternate reality where the Allies won World War II.'],0,0.08,0.75
when did they stop cigarette advertising on television,When did the federal ban on cigarette advertising on television go into effect in the United States?,"['January 2, 1971']","['Cigarette advertising on television was banned in the U.S. on January 2, 1971.']","The query asks for the date when cigarette advertising on television stopped, but it lacks critical contextual information. Key ambiguities include: 1) Geographical scope (e.g., United States vs. Europe vs. another region, as regulations vary globally); 2) Legal framework (e.g., federal vs. state-level bans); 3) Specific event (e.g., full prohibition vs. regulatory restrictions). Without clarifying these factors, the answer would depend on assumptions about the intended jurisdiction and legal timeline, making the query underspecified.",0.4,0,1.0,"['January 2, 1971']",1,1.0,1.0
who does the music for shimmer and shine,Who are the composers and songwriters for the Nickelodeon animated series Shimmer and Shine?,['Joachim Svare' 'Joleen Belle' 'Melanie Fontana' 'Bobby Tahouri'],['Matthew Tishler'],"The query refers to 'shimmer and shine,' which is not uniquely identifiable without additional context. This phrase could relate to multiple entities: (1) the 2014 Disney Channel series 'Shimmer and Shine,' whose theme music was composed by Alan Silvestri; (2) a song by Shakin' Stevens from 1986; (3) a lesser-known track by various artists; or (4) a fictional work not widely recognized. The lack of specific contextual clues (e.g., medium, year, or source) creates ambiguity about which 'shimmer and shine' the user is referencing. While the most likely interpretation points to the Disney series, the absence of explicit clarification renders the query underspecified.",0.0,0,0.0,['Joanna Pacitti' 'Chris Wagner' 'Sarah Warne'],0,0.0,0.0
who wrote the music for christmas story live,Who wrote the music for the 2017 Fox television broadcast of A Christmas Story Live!?,['Pasek and Paul'],['Benj Pasek' 'Justin Paul'],"The query refers to 'Christmas Story Live,' which is likely a musical adaptation of the film *The Christmas Story* (1983). While the film's soundtrack was composed by Giancarlo Belli, the query specifies 'Live,' suggesting a potential concert or touring version of the musical. However, the term 'Live' alone does not uniquely identify a single production, as there may be multiple live performances or recordings. Furthermore, the query lacks specificity regarding which version of 'Christmas Story Live' is being referenced (e.g., a particular revival, tour, or recording). This ambiguity introduces uncertainty about the correct composer(s) associated with the intended work.",0.4,0,0.5,['Benj Pasek' 'Justin Paul'],0,0.4,0.5
when did france and belgium invade the ruhr,In what year did France and Belgium begin their occupation of the Ruhr region as a punitive measure after World War I?,['1923'],['January 1923'],"The query asks about the timing of a military action by France and Belgium against the Ruhr region. Historical records indicate that France and Belgium did not 'invade' the Ruhr during World War I, as they were on the Allied side opposing Germany. The Ruhr region was primarily contested during the German Empire's expansion in the late 19th century, with France occupying parts of Alsace-Lorraine. Post-World War I, the Ruhr was subject to occupation by French and Belgian troops under the Treaty of Versailles (1920), but this was a punitive measure, not an invasion. The ambiguity arises from the lack of clarity regarding the specific historical context (WWI vs. postwar occupation) and the use of the word 'invade,' which may mislead. Without specifying the timeframe or clarifying the nature of the conflict, the query remains underspecified.",0.6666666667,0,1.0,['1923'],1,1.0,1.0
how many games in a row have the uconn women's basketball team won,What is the longest winning streak in the history of the UConn women's basketball team?,['111'],"[""As of October 2023, the UConn women's basketball team's current winning streak is not specified. Please check the latest updates for accurate information.""]","The query asks for the number of consecutive wins (a 'streak') by the UConn Women's Basketball Team. While the core elements (team name, sport, subject matter) are clear, critical ambiguities exist: 1) Whether the request refers to the *current* streak or the *longest historically achieved* streak; 2) Whether 'games in a row' refers to a specific timeframe (e.g., 2023 season, entire program history); 3) Whether 'row' implies continuous uninterrupted wins (vs. alternating losses). These gaps make the query ambiguous without further constraints.",0.0,0,0.0,['111 games'],0,0.6666666667,1.0
who was the dj on in living color,Who was the DJ character on the comedy sketch TV series In Living Color?,['DJ Twist'],['DJ SW1 (Shawn Wayans)'],"The query is ambiguous due to the dual meanings of 'living color.' It could refer to (1) the musical group 'Living Colour' (a rock band), or (2) the 1980s TV show 'In Living Color' (a comedy series). Additionally, the term 'DJ' introduces further uncertainty: while 'Living Colour' may have performed at events with DJs, the TV show 'In Living Color' featured comedic sketches rather than live DJ sets. Without clarifying which reference point ('Living Colour' band or 'In Living Color' show) and specifying the exact context (e.g., a particular episode, performance, or track), the query lacks sufficient specificity to yield a definitive answer.",0.3333333333,0,0.0,['DJ SW1'],0,0.5,0.0
where does what in the sam hill come from,"What is the linguistic process behind the substitution of ""Sam Hill"" in the colloquial expression ""what in the Sam Hill""?",['simple bowdlerization'],"[""The phrase 'What in the Sam Hill' likely originates from the 19th century as a euphemism for 'What in the hell,' with 'Sam Hill' used as a mild substitute to avoid profanity.""]","The query contains multiple layers of ambiguity. 'What in the sam hill' appears to be a colloquial expression (possibly a variation of 'what in the world' or 'what on earth'), but the phrase itself is not well-defined. Additionally, 'Sam Hill' could refer to various things: a fictional character, a real-world location, a song title, or even a misspelling of 'sailor hill.' The core of the query hinges on identifying the specific object, concept, or phrase being referenced, which is not explicitly clarified. Without further context, the query cannot be resolved definitively.",0.0,0,0.5,['Euphemism'],0,0.0,0.25
who did the astros play last time they were in the world series,Who did the Houston Astros play in the 2017 World Series?,['Los Angeles Dodgers'],['Philadelphia Phillies'],"The query asks for the opponent the Houston Astros faced during their 'last' World Series appearance. While the Astros have appeared in the World Series multiple times (e.g., 2017, 2022), the term 'last' implies the most recent occurrence. However, the query does not explicitly clarify the timeframe or year referenced. Additionally, the phrase 'last time' could be ambiguous if the user is referring to a non-recent event. Since the query relies on contextual knowledge of the Astros' history and assumes the reader knows the current timeline, it lacks specificity about the exact World Series iteration being asked.",0.0,0,0.0,['Los Angeles Dodgers'],1,1.0,1.0
where is the bread plate located in a formal setting,"According to contemporary Western formal dining etiquette, where is the bread plate typically placed in relation to the dinner plate?",['to the left of the dinner plate'],['To the left of the main dinner plate.'],"The query asks about the location of a bread plate in a 'formal setting,' but fails to specify critical contextual details. A 'formal setting' encompasses multiple possibilities (e.g., a dinner party, corporate event, religious service), each with potentially distinct protocols. Additionally, regional cultural norms (e.g., Left-Hand vs Right-Hand serving traditions) and historical etiquette guidelines may influence placement. Without clarification on the specific formality level, cultural context, or venue type, the answer would lack precision.",0.9090909091,0,1.0,['To the left of the dinner plate.'],1,1.0,1.0
when was the last time nebraska voted democrat,When was the last time Nebraska voted for a Democratic candidate in a presidential election statewide?,['1964'],['1964'],"The query asks for the most recent instance when Nebraska as a state cast its votes for a Democratic candidate. While the core elements (state, party, timeframe) are present, critical contextual details are missing. Specifically, the query does not clarify whether it refers to presidential elections, legislative elections, or a specific election cycle (e.g., 2020 vs. 2016). Additionally, Nebraska's electoral system involves multiple districts with varying voting patterns, so the query does not specify whether it seeks statewide results or district-level outcomes. These ambiguities make the request incomplete without further clarification.",1.0,1,1.0,['1964'],1,1.0,1.0
who took control of jamestown and made new rules that made everyone work,"Which early leader of the Jamestown colony implemented the strict 'no work, no eat' policy to ensure survival?",['John Smith'],['John Smith'],"The query asks for a singular individual or entity responsible for taking control of Jamestown and implementing labor-enforcing rules. While Jamestown's history involves multiple figures (e.g., Sir Walter Raleigh, John Rolfe, or colonial authorities), the phrasing 'made everyone work' points to systemic policies rather than a single person. Additionally, the lack of temporal specificity (e.g., during which era?) creates ambiguity. The query also does not clarify whether 'rules' refer to legal statutes, economic policies, or social enforcement mechanisms. These factors make the query underspecified due to potential interpretations involving institutions, periods, or overlapping roles.",1.0,1,1.0,['John Smith'],1,1.0,1.0
when does the next episode of izombie air,"When did iZombie Season 4, Episode 10 air on The CW in the US?","['May 14, 2018']","['iZombie concluded on August 1, 2019, and no new episodes are scheduled.']","The query asks for the air date of the 'next' episode of 'izombie,' but critical contextual information is missing. The term 'izombie' refers to a TV series (a reboot of 'Zombieland'), but the query does not specify: 1) Which season or episode number the user is referencing (e.g., Season 2 vs. Season 3), 2) Geographic region (airing dates vary by locale), and 3) Whether the user is asking about a specific platform (streaming service vs. traditional television). Additionally, the spelling variation 'izombie' may refer to different content (e.g., a game or unrelated media), though this is less likely given the context. These ambiguities prevent a definitive answer.",0.0,0,0.0,"['May 7, 2018']",0,0.6666666667,0.0
who played mike stivic on all in the family,Who was the main actor who played Mike Stivic on All in the Family?,['Rob Reiner'],['Rob Reiner'],"The query seeks the actor(s) who portrayed Mike Stivic in 'All in the Family.' While the show and character are clearly identified, the query lacks temporal specificity. Mike Stivic's role was initially played by Robert Culp, who left the show due to personal controversies, and the role was subsequently taken over by other actors (e.g., John Forsythe). The query does not specify whether it refers to the original casting, the replacement actor, or both. This ambiguity creates uncertainty about which actor(s) the user is requesting.",1.0,1,1.0,['Rob Reiner'],1,1.0,1.0
who was the guy who died in glee,Who was the actor from the TV series Glee who passed away during its original broadcast run?,['Cory Allan Michael Monteith'],['Cory Monteith' 'Mark Salling'],"The query refers to a character death in the TV show 'Glee,' but fails to specify critical details such as the exact episode, season, or character name. Multiple characters (e.g., Will Schuester, Jesse St. James) have died in different contexts within the series. The ambiguity surrounding 'the guy' and lack of contextual clues (e.g., episode reference, full name) prevent unambiguous identification of the intended subject.",0.6666666667,0,1.0,['Cory Monteith'],0,0.6666666667,1.0
when do you get your white coat in pharmacy school,When is the White Coat Ceremony typically held for students entering a Doctor of Pharmacy (Pharm.D.) program?,['before the first year begins'],['Typically at the beginning of the program during a White Coat Ceremony.'],"The query asks about the timeline for receiving a 'white coat' in pharmacy school, but it lacks critical contextual details. The phrase 'white coat' could refer to ceremonial attire (e.g., graduation), academic wear, or institutional branding. Additionally, pharmacy programs vary significantly across institutions regarding rituals, timelines, and traditions. Without specifying the type of white coat, the institution, or geographic region, the answer cannot be definitively determined. The question also assumes prior knowledge of standardized procedures, which may not apply universally.",0.0,0,0.75,['The White Coat Ceremony is typically held at the beginning of the first year of the Pharm.D. program.'],0,0.2222222222,0.5
when was the last time new england had a hurricane,When was the last time New England was significantly impacted by a hurricane?,"['September 19-22, 2017']",['Hurricane Lee in September 2023.'],"The query is underspecified due to ambiguities in defining key terms and context. 'New England' is a regional term without strict geographic boundaries, potentially including areas like Maine or New Hampshire. 'Had a hurricane' is vague—does it require a direct landfall, significant impact, or any proximity? Additionally, the timeframe is unspecified (e.g., past decades vs. centuries) and the source of data (historical records vs. modern meteorological definitions) is unclear. These gaps prevent a definitive answer.",0.25,0,0.0,"['September 2023, during Hurricane Lee.']",0,0.25,0.0
what is the purpose of a continuing resolution,What is the purpose of a continuing resolution in the U.S. federal government?,['continues the pre-existing appropriations at the same levels as the previous fiscal year (or with minor modifications) for a set amount of time'],['To temporarily fund government operations and prevent a government shutdown when a formal budget has not been passed.'],"The query asks about the 'purpose' of a 'continuing resolution,' a term primarily associated with U.S. federal government operations. While the term is widely understood in its domestic context, the query lacks geographic specification (e.g., 'U.S.'), which could lead to confusion if interpreted in non-U.S. legislative systems (e.g., some European Union member states use similar mechanisms). Additionally, the term 'continuing resolution' may refer to different concepts in specialized fields (e.g., legal, academic) beyond governmental budgeting. Without clarifying context, the query risks ambiguous interpretation.",0.0,0,1.0,['To temporarily fund government operations and prevent a shutdown when a formal budget has not been passed.'],0,0.0,1.0
where is republic of doyle supposed to take place,Where is the Canadian television series *Republic of Doyle* set?,"[""St. John's, Newfoundland and Labrador""]","[""St. John's, Newfoundland and Labrador, Canada""]","The query references 'Republic of Doyle,' a proper noun that does not correspond to any known real-world geopolitical entity, landmark, or culturally significant location. Without contextual clues (e.g., a specific book, film, game, or historical reference), the term remains ambiguous. The request requires clarification about the cultural, literary, or fictional context in which 'Republic of Doyle' appears to determine its intended meaning or setting.",0.9090909091,0,1.0,"[""St. John's, Newfoundland and Labrador""]",1,1.0,1.0
who is usually appointed as the chief justice of india,"According to established convention, which judge is typically appointed as the Chief Justice of India?",['the senior-most judge of the supreme court'],['The senior-most judge of the Supreme Court is usually appointed as the Chief Justice of India.'],"The query seeks information about the typical人选 for the Chief Justice of India. While the constitutional process (President appointing based on Collegium recommendations) is well-established, the phrase 'usually appointed' introduces ambiguity. The role is not static, so 'usual' could refer to the selection process rather than a specific individual. Additionally, the query lacks contextual clues about whether the user expects a description of the appointment mechanism or the identity of a recurring nominee. This ambiguity makes the query underspecified.",0.5555555556,0,1.0,['The senior-most judge of the Supreme Court is typically appointed as the Chief Justice of India.'],0,0.5555555556,1.0
who says that which we call a rose,Which character says the line 'That which we call a rose by any other name would smell as sweet'?,['Juliet'],"[""Juliet in Shakespeare's *Romeo and Juliet*""]","The query references a partial and slightly distorted version of the iconic line from Shakespeare's Sonnet 108: 'That which we call a rose by any other name would smell as sweet.' The user's phrasing ('which we call a rose') omits critical words ('by any other name'), leading to ambiguity about the intended meaning. While the core intent may relate to identifying the author of the full quote, the incomplete and grammatically awkward phrasing creates uncertainty about whether the user seeks confirmation of the source (Shakespeare) or clarification of the altered sentence structure. Additionally, the query lacks contextual clues necessary to resolve potential ambiguities in interpretation.",0.2857142857,0,0.75,['Juliet'],1,1.0,1.0
when is the new season of chicago pd,When did the current ongoing broadcast period of Chicago PD begin?,"['September 27, 2017 (2017-09-27) – present']",['The new season of Chicago P.D. (Season 11) has been delayed due to the 2023 Hollywood strikes.'],"The query asks for the release date of the 'new season' of Chicago PD, but it lacks critical contextual information such as the current date, the specific season being referenced, or the network's scheduling details. Without knowing the current year or the most recent season's end date, it is impossible to determine the exact timing of the next season's release. Additionally, the term 'new season' is ambiguous without specifying whether it refers to the upcoming season relative to the present moment or a future season in general.",0.0,0,0.0,"['The current broadcast period of Chicago PD began on October 4, 2023.']",0,0.0,0.0
who played ice queen in chronicles of narnia,Who played the Ice Queen in the 2010 film *The Chronicles of Narnia: The Voyage of the Dawn Treader*?,['Laura Brent'],['Tilda Swinton'],"The query refers to 'Chronicles of Narnia' as a broad franchise spanning multiple films. The character 'Ice Queen' appears exclusively in 'The Voyage of the Dawn Treader' (2010), but the query does not explicitly name this specific installment. Without clarifying which movie in the series the user is referencing, the query risks ambiguity. While 'Ice Queen' is uniquely associated with one film, the lack of specificity in the movie title means the query could be interpreted as underspecified.",0.0,0,0.0,['Tilda Swinton'],0,0.0,0.0
who came out first batman or spider man,"Who had their original comic book debut first: Batman, Spider-Man, or Superman?",['Superman'],['Batman'],"The query seeks to determine the chronological order of the debut of two fictional characters across different media. While 'batman' and 'spider-man' are typically associated with comic book origins, the query does not explicitly clarify whether it refers to comics, films, video games, or other formats. This lack of specificity introduces potential ambiguity, as the 'debut' date may vary depending on the medium. However, given the cultural context, the query is most likely referencing the original comic book debuts. Batman first appeared in Detective Comics #27 (1939), while Spider-Man debuted in Amazing Fantasy #15 (1962). Despite this, the absence of explicit contextual clarification regarding the medium makes the query slightly underspecified.",0.0,0,0.0,['Superman'],1,1.0,1.0
where does the seven ages of man come from,Where does William Shakespeare's 'the seven ages of man' speech come from?,"[""from William Shakespeare's As You Like It""]","[""The 'Seven Ages of Man' comes from William Shakespeare's play 'As You Like It,' Act II, Scene VII.""]","The query asks for the origin of 'the seven ages of man,' a concept famously referenced in William Shakespeare's play *As You Like It* (Act II, Scene VII) as part of Duke Senior's soliloquy. However, the phrase also appears in John Donne's metaphysical poem *The Seven Ages of Man* (1601). Without further context specifying which version the user refers to, the query remains ambiguous. Additionally, the term may be interpreted metaphorically or used in non-literary contexts, further broadening potential interpretations.",0.5833333333,0,1.0,"[""It comes from William Shakespeare's play 'As You Like It,' Act II, Scene VII.""]",0,0.6666666667,1.0
love me i'm a liberal song meaning,"What is the meaning of Phil Ochs' song 'Love Me, I'm a Liberal'?",['mocks the differences between what liberals say and what they do'],['The song critiques self-identified liberals who express progressive views but fail to take meaningful action or hold hypocritical stances.'],"The query seeks the meaning of the song 'Love Me I'm a Liberal,' but it fails to specify the artist or album, creating ambiguity. While the song title may reference a popular track (e.g., by John Legend), the absence of contextual details (artist, genre, or lyrical content) leaves room for multiple interpretations. Additionally, the phrase 'I'm a liberal' could relate to political commentary, personal identity, or irony, further complicating the analysis without explicit clarification.",0.0714285714,0,1.0,['The song satirizes hypocritical liberals who claim to support progressive causes but fail to take meaningful action or hold inconsistent views.'],0,0.0666666667,1.0
what is katie running from in safe haven,"In the movie *Safe Haven*, what is the main character Katie running from?",['her abusive husband'],"['Katie is running from her abusive husband, Kevin.']","The query references 'Katie' and 'Safe Haven,' which are not explicitly defined within the question. To answer accurately, contextual information is required about Katie's role, motivations, and the nature of Safe Haven (e.g., a location, narrative setting, or fictional universe). Without such context, the query relies on external assumptions or prior knowledge that may not align with the intended reference.",0.5454545455,0,1.0,['Katie is running from her abusive husband.'],0,0.6,1.0
what is the latest edition of the intelligent investor,What is the name of the latest revised edition of Benjamin Graham's 'The Intelligent Investor'?,['Fourth Revised Edition'],"['The latest edition of *The Intelligent Investor* is the revised edition with commentary by Jason Zweig, published in 2003.']","The query asks for the 'latest edition' of ""The Intelligent Investor,"" a classic financial textbook by Benjamin Graham. However, 'latest edition' is ambiguously defined. It could refer to: (1) the most recently printed physical edition (which may vary by publisher), (2) the most recent digital/eBook version, (3) an expanded/revised edition with added material, or (4) the newest publishing year. The query lacks specificity regarding publisher, format (print/digital), regional variants, or whether 'latest' refers to publication date, availability, or other criteria. Without these details, multiple valid answers exist.",0.2105263158,0,0.25,"['The Intelligent Investor: The Definitive Book on Value Investing, Revised Edition']",0,0.3333333333,0.0
what episode does caroline come into the originals,"What is the title of The Vampire Diaries episode, Season 1, Episode 3, which features Caroline Forbes?",['Brave New World'],"[""Season 5, Episode 1 ('Where You Left Your Heart')""]","The query asks for the specific episode in 'The Originals' where Caroline (a character from 'The Vampire Diaries') arrives. While 'The Originals' is a known series, the term 'come into the originals' is vague. This phrase could refer to multiple events: Caroline's initial introduction to the series (Season 1, Episode 3), her resurrection and re-entry in Season 2, or even a different context entirely. Without clarification on which specific event or timeline the user is referencing, the query remains underspecified due to ambiguity in the intended meaning.",0.0,0,0.0,['Friday Night Bites'],0,0.0,0.0
where did the last name wallace come from,"What type of surname is Wallace, based on its origin?",['a Scottish surname'],"[""The last name Wallace originates from Old French 'waleis,' meaning 'foreigner' or 'Welshman,' and was used to describe people of Welsh origin or those from Wales.""]","The query asks about the origin of the surname 'Wallace,' but it lacks specificity regarding the type of origin sought. Possible interpretations include historical etymology, geographic roots, familial lineage, or cultural context. The absence of constraints (e.g., specific region, time period, or linguistic derivation) means the answer could range from ancient Gaelic roots to modern diasporic distributions. Additionally, 'Wallace' may refer to multiple distinct lineages (e.g., Scottish, Irish, or American), further broadening the potential scope of the answer.",0.0,0,0.25,['Scottish surname of Anglo-Norman origin.'],0,0.5714285714,0.75
who introduced the first chrismas tree to the uk,Who introduced the German Christmas tree tradition to the British royal family in the UK in the late 18th century?,['Charlotte of Mecklenburg-Strelitz'],"['Queen Charlotte, wife of King George III']","The query seeks to identify the person responsible for introducing the first Christmas tree to the United Kingdom. While the core elements (subject: 'who', verb: 'introduced', object: 'Christmas tree', location: 'UK') are present, the query lacks specificity regarding critical contextual factors. Key ambiguities include: 1) Whether 'introducing' refers to the first documented public display versus private adoption; 2) The timeline (e.g., 18th-century vs. 19th-century); 3) The definition of 'introduction' (importation of the tradition from abroad vs. local innovation). Historical accounts vary, with conflicting claims about figures like Sir Henry Cole (1848) or earlier German immigrants. Without narrowing these parameters, the query remains open to multiple interpretations.",0.4,0,1.0,['Queen Charlotte'],0,0.4,1.0
what is to be done burning questions of our movement,What is the work titled 'What Is To Be Done? Burning Questions of Our Movement'?,['a political pamphlet written by the Russian revolutionary Vladimir Lenin in 1901 and published in 1902'],"[""'What Is to Be Done?' is a political pamphlet by Vladimir Lenin addressing the strategy and tactics of revolutionary movements.""]","The query is underspecified because it lacks critical contextual details necessary to address the question meaningfully. The phrase 'our movement' is too abstract without specifying which movement (e.g., a political, social, or organizational group) is being referenced. Additionally, 'burning questions' is vague—it does not identify specific issues, goals, or criteria for determining what 'should be done.' The lack of clarity about the subject matter, scope, or intent makes it impossible to generate a precise or actionable response.",0.4375,0,1.0,"['A political pamphlet written by Vladimir Lenin in 1902, outlining his ideas on revolutionary theory and the role of a vanguard party.']",0,0.6060606061,0.75
who was the girl that played cindy lou who,Who was the actress who played Cindy Lou Who in the 2000 live-action film *How the Grinch Stole Christmas*?,['Taylor Michel Momsen'],['Taylor Momsen'],"The query appears to seek information about the actress who portrayed the character 'Cindy Lou Who' from the Muppets. While the phrasing is slightly awkward ('cindy lou who'), the intent is clear: identifying the performer. However, the query is ambiguous due to potential typos or misphrasings (e.g., 'Cindy Lou Who' vs. 'CindyLouWho'). Additionally, the term 'girl' may refer to a younger iteration of the character, though Cindy Lou Who is traditionally a puppet character. Without further clarification (e.g., specific media, time period), the query remains partially open to interpretation.",0.8,0,1.0,['Taylor Momsen'],0,0.8,0.75
who is covering the winter olympics in canada,Which Canadian media companies are typically involved in broadcasting the Winter Olympics in Canada?,['CBC/Radio-Canada' 'Bell Media' 'Rogers Media' 'TLN'],['CBC/Radio-Canada'],"The query lacks critical contextual details necessary to identify specific entities providing coverage. 'Covering' is ambiguous - it could refer to television broadcasters, news organizations, online platforms, or journalistic personnel. Additionally, the Winter Olympics are annual events hosted in different Canadian cities each cycle (e.g., Vancouver 2010, Whistler 2026), but the query does not specify a timeframe or venue. This ambiguity prevents narrowing down to a definitive answer.",1.0,1,1.0,['CBC/Radio-Canada' 'TSN' 'Sportsnet'],1,1.0,1.0
when did the first ninja turtles come out,When did the first Teenage Mutant Ninja Turtles comic book debut?,['1984'],['May 1984'],"The query asks for the release date of 'the first Ninja Turtles,' but does not specify the medium (e.g., comic book, television show, movie) or cultural reference. The term 'Ninja Turtles' refers to multiple iterations: the original comic book debut in 1984, the 1986animated TV series, and the 1987 live-action film. Without clarification, the query lacks sufficient context to identify which specific iteration the user is referencing.",0.6666666667,0,1.0,['May 1984'],0,0.6666666667,1.0
when did the ncaa tournament became more important than the nit,When did the NCAA Men's Basketball Tournament generally surpass the National Invitation Tournament (NIT) in terms of national prominence and prestige as the premier postseason event?,['By the mid-1980s'],"['The NCAA Tournament became more important than the NIT in the 1950s, as the NCAA expanded its field and gained more prestige.']","The query lacks specificity regarding the criteria for determining 'importance.' It does not clarify whether importance is measured by viewership, financial impact, prestige, competition level, or other metrics. Additionally, the NIT (National Invitation Tournament) ceased existence in 2016, but the comparison between the NCAA Tournament and the NIT may require contextualizing their relative prominence before the NIT's discontinuation. The absence of definitional parameters or temporal boundaries renders the query ambiguous.",0.0,0,0.0,['1950s'],0,0.0,0.0
when did teenage mutant ninja turtles come out,When did the original Teenage Mutant Ninja Turtles comic book first come out?,['1984'],['May 1984'],"The query asks for the release date of 'Teenage Mutant Ninja Turtles,' but does not specify which iteration (e.g., 1984 live-action film, 1990 animated series, 1997 sequel, 2014 reboot, etc.). Multiple distinct works share the same title, making the query ambiguous without further clarification.",0.6666666667,0,1.0,['May 1984'],0,0.6666666667,1.0
who does the choreography for dancing with the stars,Who is the creative director of choreography for the television series Dancing with the Stars?,"['Samantha Jo ""Mandy"" Moore']","['Mandy Moore' 'Daniella Karagach' 'Jenna Johnson'
 'Other professional dancers and choreographers on the show']","The query seeks to identify the individuals or entities responsible for choreographing the dance routines on 'Dancing with the Stars.' While the show employs multiple choreographers across its seasons, the query lacks specificity regarding which season, episode, or particular dance routine is being referenced. Additionally, the role of 'choreography' can encompass both overarching creative direction and weekly routine-specific arrangements, further complicating the identification of a single entity. Without contextual clues (e.g., specific contestant, season, or episode), the query remains ambiguous.",0.6666666667,0,1.0,['Mandy Moore'],0,0.6666666667,1.0
what is the definition of the name thomas,What is the etymological meaning of the name Thomas?,['twin'],"[""The name Thomas means 'twin' and is of Aramaic origin.""]","The query seeks the 'definition' of the name 'thomas,' but fails to specify the type of definition required. This could refer to etymology (e.g., Latin origin from 'Thaddaeus'), religious significance (e.g., Saint Thomas), cultural references, or other contextual interpretations. Without clarification, the request contains insufficient constraints to yield a single definitive answer.",0.2,0,1.0,"[""The name Thomas originates from the Aramaic name 'Ta'oma,' meaning 'twin.'""]",0,0.2,1.0
where does the river irk start and finish,"What are the source and mouth of the River Irk in Greater Manchester, UK?","['east of Royton'
 'merging with the River Irwell in Manchester city centre']","['- Starts: Royton, Greater Manchester, England  \n- Finishes: Confluence with the River Irwell in Manchester, England']","The query asks for the origin and destination of the 'River Irk,' but fails to specify which particular river by the name 'Irk' is being referenced. There may be multiple rivers with this name (e.g., the River Irk in Scotland, or potentially others in different regions). Without geographic context or clarification, the query cannot definitively retrieve specific hydrological data. Additionally, even within a single region, the exact starting point ('source') and ending point ('mouth') may vary based on local geography or definitions.",0.4761904762,0,1.0,"['- Source: Royton, Greater Manchester  \n- Mouth: River Irwell, Manchester']",0,0.375,0.75
who discovered that neural communication between cells occurs through chemicals,"Who, in his foundational work on the synapse, first proposed the concept that neural communication between cells occurs through chemical means?",['Charles Sherrington'],['Otto Loewi'],"The query seeks to identify the individual or individuals responsible for discovering that neural communication occurs via chemicals. While the scientific consensus attributes this understanding to cumulative research over decades (e.g., Santiago Ramón y Cajal's neuron doctrine, Otto Loewi's neurotransmitter experiments), the query lacks specificity regarding temporal boundaries, methodological focus, or contextual clarification. Multiple researchers contributed to this field, and the term 'discovered' implies a singular entity, creating ambiguity about which specific finding or researcher is being referenced.",0.0,0,0.0,['Charles Scott Sherrington'],0,0.8,1.0
where is the oldest civilization known to man,"Where is the earliest known civilization, characterized by the development of urban centers, writing systems, and state-level governance, located?",['Mesopotamia'],['Mesopotamia (modern-day Iraq)'],"The query asks for the geographic location of the 'oldest civilization,' but fails to specify critical parameters such as temporal boundaries (e.g., when is a civilization deemed 'oldest'), criteria for definition (e.g., based on written record, urban complexity, or archaeological evidence), or regional constraints. Multiple competing claims exist (e.g., Sumerian civilization in Mesopotamia, Egyptian civilization, Indus Valley Civilization) with varying dates and definitions. Additionally, 'known to man' introduces vagueness regarding epistemic standards for historical knowledge.",0.5,0,1.0,['Mesopotamia'],1,1.0,1.0
who won latest america's next top model,Who won America's Next Top Model (US) Cycle 24?,['Kyla Coleman'],"[""America's Next Top Model ended in 2018 with its 24th cycle, and the winner was Kyla Coleman.""]","The query seeks information about the winner of the 'latest' edition of 'America's Next Top Model.' While 'latest' implies the most recent season, the term is inherently ambiguous without specifying a timeframe (e.g., 2023, 2024) or contextual clues about when the query was posed. The phrase 'latest' requires prior knowledge of the show's seasonal timeline to resolve definitively. Additionally, the query lacks specificity regarding regional variations (e.g., US vs. other countries) or potential rebrandings of the series, which could affect the accuracy of the response.",0.2222222222,0,1.0,['Kyla Coleman'],1,1.0,1.0
where was the last scene of goonies filmed,Where was the final beach scene of The Goonies filmed?,"['Goat Rock State Beach in Sonoma County, California']","['Goat Rock Beach, California']","The query asks for the filming location of the 'last scene' of *Goonies*. While the movie title (*Goonies*) and the reference to a 'scene' are明确, the term 'last scene' is inherently ambiguous. A film may have multiple concluding sequences (e.g., ending credits, post-credit scenes, or variations in narrative structure), and without specifying which particular scene is being referred to, the query cannot definitively identify the intended scene. Furthermore, even if the scene were known, locating the exact filming site requires additional contextual information (e.g., specific plot points or timestamps) that is absent. Thus, the query relies on assumptions about what constitutes the 'last scene,' making it underspecified.",0.6666666667,0,0.75,"['Cannon Beach, Oregon']",0,0.1818181818,0.0
what is a wrinkle in time based on,What is the 2018 film *A Wrinkle in Time* based on?,"[""the 1962 novel of the same name by Madeleine L'Engle""]","[""A Wrinkle in Time is based on the 1962 science fiction novel of the same name by Madeleine L'Engle.""]","The query seeks clarification on the 'basis' of 'a wrinkle in time,' which refers to the 1962 novel *A Wrinkle in Time* byMadeleine L'Engle. However, the phrase 'based on' introduces ambiguity: does the user ask about the novel's origins (e.g., its literary inspirations, scientific concepts, or cultural references), or do they intend to inquire about the scientific theory of spacetime wrinkles (e.g., wormholes)? Without additional context, the query lacks specificity regarding whether the user wants historical sources, thematic elements, scientific foundations, or alternative interpretations.",0.6666666667,0,1.0,"[""The 1962 novel *A Wrinkle in Time* by Madeleine L'Engle.""]",0,0.625,1.0
the taj mahal served as an example of aesthetic value for this kind of function,The Taj Mahal served as an example of aesthetic value for what specific type of garden design?,['the paradise garden (charbagh)'],['Funerary function'],"The query references the Taj Mahal as an example of 'aesthetic value for this kind of function,' but fails to clarify what specific function (e.g., architecture, engineering, cultural symbolism) is being referenced. The term 'this kind of function' is vague and ambiguous, leaving open multiple interpretative possibilities. While the subject (Taj Mahal) and general concept (aesthetic value) are明确, the lack of definition for 'function' creates uncertainty about the intended scope of the example.",0.0,0,0.0,['Mughal garden design'],0,0.3333333333,0.25
where is most data stored on a computer,"On a typical personal computer, where is the majority of data that is actively being processed by the CPU stored?",['random-access memory (RAM)'],['Hard drive (HDD) or solid-state drive (SSD).'],"The query asks for the location of 'most data' on a computer, but several factors make it ambiguous. First, 'computer' could refer to any device (desktop, laptop, server, tablet) with differing storage architectures. Second, 'most data' is relative—this depends on usage patterns (e.g., gaming vs. productivity), file types (e.g., videos vs. documents), and whether considering internal vs. external storage. Third, modern computers often use distributed storage (SSD/HDD, RAM, cloud, external drives), and 'most data' may not align with physical hardware specifications. Finally, the absence of contextual details (e.g., OS, purpose, data type) prevents a precise answer.",0.0,0,0.0,['In the RAM (Random Access Memory).'],0,0.5,1.0
the length and direction of a straight line between two locations or positions,What is the scientific term for the length and direction of a straight line between two locations or positions?,['displacement'],['Distance and bearing'],"The query seeks to determine the length and direction of a straight line between two points, but it fails to specify the exact coordinates or identities of the two locations. While the concept of calculating such metrics requires mathematical computation based on coordinate pairs, the absence of explicit positional data (e.g., latitude/longitude, Cartesian coordinates, or named places) renders the query unable to be resolved without additional information. The phrase 'two locations or positions' is vague and insufficient to define unique points in space.",0.0,0,0.0,['Displacement'],1,1.0,1.0
who sings in cry baby for johnny depp,Who sings for Johnny Depp's character in the 1988 film Cry-Baby?,['James Intveld'],['Fats Domino'],"The query seeks information about the singer of a song titled 'Cry Baby' associated with Johnny Depp. While the intended target is likely the 1988 film 'Cry Baby,' the phrase 'for johnny depp' introduces ambiguity. The song 'Cry Baby' is famously performed by Cyndi Lauper, but the query lacks explicit clarity on whether it refers to the film soundtrack, a specific cover version, or another interpretation. Additionally, the structure 'in cry baby for johnny depp' is grammatically awkward and may confuse the relationship between the song, the actor, and the media (film). This ambiguity reduces specificity.",0.0,0,0.0,['James Intveld'],1,1.0,1.0
when was the last time stock market crashed,When was the start date of the last major global stock market crash that occurred before the COVID-19 pandemic?,['18 August 2015'],['March 2020'],"The query is underspecified because it lacks critical parameters needed to identify a 'stock market crash.' Key ambiguities include: 1) Definition of a crash (e.g., threshold for price drops, duration), 2) Geographical scope (e.g., global vs. regional markets), 3) Timeframe (e.g., historical vs. current events), and 4) Specific indices (e.g., S&P 500, Nasdaq). These factors create multiple potential answers depending on interpretation.",0.0,0,0.0,"['October 10, 2008']",0,0.0,0.0
where are the first nations located in canada,What is the geographic distribution of First Nations communities across Canada?,"['spread across Canada, roughly half of which are in the provinces of Ontario and British Columbia']","['First Nations are located across Canada, including in provinces and territories such as British Columbia, Alberta, Saskatchewan, Manitoba, Ontario, Quebec, the Atlantic provinces, and the northern territories (Yukon, Northwest Territories, and Nunavut).']","The query asks for the geographic distribution of 'First Nations' in Canada. While 'First Nations' refers to Indigenous peoples, the term itself is not explicitly defined in the query. Additionally, the scope of 'locations' could include traditional territories, modern settlements, or other contextual factors. However, the query provides sufficient context to infer that the intended answer involves identifying regions within Canada where First Nations communities are situated. The lack of specificity regarding 'First Nations' definition (e.g., tribal affiliations, administrative divisions) may introduce ambiguity, but the overall structure of the question is clear enough to warrant a focused response.",0.4,0,0.75,"['- First Nations communities are distributed across all provinces and territories in Canada.  \n- They are concentrated in British Columbia, Ontario, Manitoba, Saskatchewan, and Alberta.  \n- Many communities are located in remote or rural areas, particularly in northern regions.  \n- Some are situated near urban centers, while others are in isolated regions accessible only by air or seasonal roads.']",0,0.2571428571,0.5
who expanded the territory of china during the qing dynasty,Which Qing emperor significantly expanded China's territory through the final conquest and incorporation of Xinjiang?,['Qianlong'],['Emperor Kangxi' 'Emperor Yongzheng' 'Emperor Qianlong'],"The query asks for individuals who expanded China's territory during the Qing Dynasty. While the time frame (Qing Dynasty) provides context, the term 'expanded the territory' is broad and ambiguous. Multiple emperors (e.g., Kangxi, Qianlong) and military campaigns (e.g., conquest of Xinjiang,台湾, Mongolia) may qualify. The query lacks specificity regarding geographic focus, political entities, or exact historical events, leading to potential ambiguity in identifying a singular answer.",0.6666666667,0,1.0,['Qianlong Emperor'],0,0.6666666667,1.0
where is dakar located on the world map,"What are the geographical coordinates of Dakar, Senegal?",['14°41′34″N 17°26′48″W\ufeff / \ufeff14.69278°N 17.44667°W'],"['Dakar is located in Senegal, on the westernmost point of the African continent.']","The query asks for the geographic location of 'Dakar' on the world map. While 'Dakar' is widely known as the capital of Senegal, the query does not explicitly specify the country or provide additional contextual details (e.g., continent, region, or coordinates). This lack of specificity could lead to ambiguity if there were multiple locations named 'Dakar,' although such cases are rare. However, even in the absence of explicit context, the term 'Dakar' is strongly associated with Senegal in global geography, so the query may still be considered sufficiently clear for a standard answer. Nonetheless, the omission of country-specific details introduces potential uncertainty.",0.0,0,0.25,"['14.6928° N, 17.4467° W']",0,0.0,1.0
who played david on the assassination of gianni versace,Who played David Madson in the television series The Assassination of Gianni Versace: American Crime Story?,['Cody Fern'],['Cody Fern'],"The query references 'The Assassination of Gianni Versace,' a 2019 film focusing on the fictionalized account of Gianni Versace's assassination. However, the character 'David' is not explicitly mentioned in the film's cast or plot summary. Additionally, the title may be ambiguous, as the real-life event occurred in 1997, while the film is a fictional narrative. Without clear confirmation of the character's existence in the referenced medium, the query lacks specificity regarding both the subject matter and the character in question.",1.0,1,1.0,['Cody Fern'],1,1.0,1.0
how okd was sean white in his first olympics,What did Shaun White achieve in his first Olympics?,['won gold in the half-pipe'],['Shaun White was 19 years old in his first Olympics in 2006.'],"The query contains ambiguous or potentially typos ('okd' instead of 'did' or other terms). 'Okd' is not a recognized term in the context of Olympic performances. Additionally, while 'Sean White' may refer to a real individual (e.g., a Canadian athlete), the lack of clarity around 'okd' prevents precise interpretation of the question. Without clarification on what 'okd' represents, the query remains underspecified.",0.125,0,0.5,"[""Shaun White won a gold medal in the men's halfpipe snowboarding event at the 2006 Winter Olympics.""]",0,0.4444444444,1.0
when was the last time the eu was audited,When was the last time the European Communities' annual budget was audited by the European Court of Auditors prior to the formal establishment of the European Union?,['1994'],"[""The European Union's accounts were last audited for the financial year 2022, with the European Court of Auditors publishing its annual report in October 2023.""]","The query lacks clarity on several critical aspects. First, 'audit' is vague - the EU itself does not conduct audits in the traditional corporate sense, but may refer to audits by third parties (e.g., European Court of Auditors) or member states. Second, the scope is unclear: the EU as an institution vs. individual members vs. specific programs (e.g., budgetary audits). Third, no temporal reference frame is provided, though the EU's annual budget process involves ongoing scrutiny. These ambiguities prevent precise identification of a single authoritative answer.",0.0,0,0.0,['1992'],0,0.0,0.0
who sang the american anthem at the super bowl,Who sang The Star-Spangled Banner at Super Bowl LII in 2018?,['Pink'],['Chris Stapleton'],"The query refers to 'the American Anthem,' which is not a standardized term for the U.S. national anthem. The national anthem is officially 'The Star-Spangled Banner,' though other songs may be performed informally. Additionally, the query lacks specification of which Super Bowl event (there have been over 50 editions since 1967) the user is referencing. Different Super Bowls have had different performers, so without additional context, the answer cannot be uniquely determined.",0.0,0,0.0,['Pink'],1,1.0,1.0
how many terms can a mayor serve in texas,"How many four-year terms can a mayor serve in Austin, Texas?",['two four-year terms'],['There are no term limits for mayors in Texas.'],"The query asks about term limits for mayors in Texas, but does not specify which city or municipality in Texas. Term limits for mayors vary by city ordinance, with no uniform state-wide rule. For example, Houston allows up to four non-consecutive terms, while Austin limits mayors to two consecutive terms. Without clarification on the specific jurisdiction, the answer cannot be determined uniquely.",0.0,0,0.0,"['There is no limit on the number of four-year terms a mayor can serve in Austin, Texas.']",0,0.2222222222,0.0
what makes a mini bike a mini bike,What is a mini bike?,['a miniature motorcycle'],['- Small frame size  \n- Low engine displacement (typically under 200cc)  \n- Simplistic design  \n- Lightweight construction  \n- Designed for recreational use or short-distance travel'],"The query seeks to define the distinguishing characteristics of a 'mini bike.' While 'mini bike' generally refers to a small, lightweight motorbike designed for recreational use, the term lacks universal definition across regions, cultures, or industries. Key ambiguity arises from: 1) Varying manufacturer-specific criteria (e.g., Yamaha Yami vs. Honda Ruckus), 2) Legal classifications differing by jurisdiction (e.g., speed limits, emission standards), 3) Historical evolution of the category, and 4) Potential overlap with terms like 'moped' or 'scooter.' Without contextual constraints, the response would require clarification on the specific domain (e.g., consumer products, engineering specs, regulatory frameworks) to avoid oversimplification or misinterpretation.",0.0,0,0.75,"['A small, lightweight motorcycle designed for recreational use.']",0,0.2222222222,1.0
when is the flash coming back after christmas,When did The CW's 'The Flash' TV series return with new episodes after its Christmas break in late 2017?,"['January 16, 2018']",['The Flash is not returning as it concluded with its final season in May 2023.'],"The query asks about the return of 'The Flash' after Christmas, but critical details are missing. It does not specify which version of The Flash (e.g., DC Comics, CW Television, or a streaming platform) nor clarify whether it refers to a television series, comic book storyline, or related event. Additionally, 'after Christmas' is ambiguous—does it mean post-December 25th this year, next year, or a general timeframe? Without contextual references to a specific medium, franchise, or timeline, the query cannot be resolved definitively.",0.0,0,0.0,"['January 16, 2018']",1,1.0,1.0
what is the meaning of the name habib,"In Arabic, what does the name Habib mean?",['beloved'],['Beloved' 'Friend' 'Lover'],"The query seeks the linguistic or cultural significance of the name 'habib'. While 'habib' is a unisex Arabic name often associated with 'beloved' or 'dear', the request lacks contextual specificity regarding cultural origins, religious connotations (e.g., Islamic naming traditions), or potential regional variations. Although the name is widely recognized, the absence of explicit context may lead to ambiguous interpretations. However, the core inquiry is focused on the name's general meaning rather than niche applications.",1.0,1,1.0,['Beloved' 'Dear'],1,1.0,1.0
when does canada switch to daylight savings time,When does most of Canada switch to Daylight Saving Time?,['the second Sunday of March'],['Canada switches to daylight saving time on the second Sunday in March.'],"The query asks about Canada's transition to Daylight Saving Time (DST), but Canada observes DST inconsistently across its provinces and territories. For example, Newfoundland and Labrador do not observe DST, while other provinces follow different schedules (e.g., Alberta starts DST earlier than British Columbia). The query lacks geographic specificity, making it unclear whether the user refers to a particular region or the overall national timeline. Additionally, DST transitions occur at different times depending on the jurisdiction, further necessitating clarification.",0.4,0,1.0,['Second Sunday in March'],0,0.75,1.0
when does the eclipse end in the us,"When did the annular solar eclipse of October 14, 2023, end for observers in the Eastern Daylight Time zone?",['about 6:44 p.m. UTC (2:44 p.m. EDT)'],"['The end time of an eclipse depends on the specific location and type of eclipse. For the October 14, 2023 annular solar eclipse, it ends around 3:00 PM EDT in the U.S.']","The query is underspecified because it lacks critical details necessary to identify the specific eclipse event, geographic location within the US, and timeframe. 'Eclipse' refers to multiple possible events (solar/lunar) occurring annually, and 'the US' is too broad geographically. The absence of a specific date, location, or type of eclipse prevents narrowing down to a unique answer.",0.1176470588,0,0.0,"['The annular solar eclipse of October 14, 2023, ended at 3:13 PM EDT for observers in the Eastern Daylight Time zone.']",0,0.1538461538,0.0
public companies are part of what economic sector,Government-owned companies are part of what economic sector?,['public sector'],['Public companies are part of the private sector.'],"The query asks for the economic sector(s) that include public companies. While 'economic sector' typically refers to broad categories like primary (agriculture), secondary (manufacturing), or tertiary (services), the term is ambiguous without clarification. Public companies operate across multiple sectors (e.g., technology, finance, healthcare). Additionally, the query does not specify a particular country, region, or classification system (e.g., NAICS, SIC codes), leading to potential ambiguity in defining the exact sector(s) applicable. The lack of specificity makes the answer context-dependent and open to interpretation.",0.4444444444,0,0.0,['Public sector'],1,1.0,1.0
explorer who led an early voyage to the coast of newfoundland,"Which French explorer, on his first major voyage to North America in the early 16th century, sailed along the west coast of Newfoundland?",['Jacques Cartier'],['John Cabot'],"The query seeks an explorer associated with an 'early voyage' to the coast of Newfoundland. While 'Newfoundland' is geographically specific, 'early' is ambiguously defined. Historical contexts include Viking explorations (c. 1000 CE), early European attempts (e.g., John Cabot in 1497), or other pre-colonial interactions. The term 'explorer' is overly broad, as many individuals could qualify. Further specificity would be needed to identify a single definitive answer, such as narrowing to a particular era, nation, or type of expedition.",0.0,0,0.0,['Jacques Cartier'],1,1.0,1.0
when does south by southwest start in austin texas,"When did South by Southwest take place in Austin, Texas in 2019?","['March 8–17, 2019']","['March 8, 2024']","The query asks for the start date of 'South By Southwest' in Austin, Texas. While the event (SXSW) is widely recognized and occurs annually in Austin, the query lacks specificity regarding the year. Since SXSW typically runs over several days in early March, the exact start date varies yearly. Without specifying a particular year, the query cannot be answered definitively. Additionally, while 'Austin, Texas' is redundant (as SXSW is exclusively held there), the absence of a year makes the request underspecified.",0.3333333333,0,0.0,"['March 8–17, 2019']",1,1.0,1.0
bowler to take hattrick in both inning in test match,Who was the leg spinner who achieved the unique feat of taking a hat-trick in both innings of a Test match?,['leg spinner Jimmy Matthews'],['Jimmy Matthews'],"The query seeks information about a bowler achieving a hat-trick in both innings of a Test match. While 'hat-trick' refers to three consecutive wickets in an over, the phrase 'both inning' likely contains a typographical error ('inning' vs. 'innings'). The query does not specify: (1) the exact conditions under which this feat occurred (e.g., which teams, dates, or players), (2) whether the bowler was active in both innings (which may require being on the field for the entire duration), or (3) the broader context (e.g., whether this is a hypothetical scenario or historical fact). Without these details, the query remains ambiguous and insufficiently constrained to yield a definitive answer.",0.6666666667,0,1.0,['Jimmy Matthews'],0,0.6666666667,1.0
what language is the olympic anthem sang in,What is the official language of the Olympic Anthem?,['Greek'],['Greek'],"The query asks for the language of the Olympic anthem, but lacks specificity regarding which edition of the Olympic Games or event. The Olympic anthem is traditionally linked to the ancient Olympic tradition rooted in Greece (e.g., 'Hymn to Zeus'), but modern Olympic anthems (like the one composed by Jacques Offenbach) are often performed in the language of the host country. Without clarification on the specific event, the answer depends on contextual factors such as the host nation or historical reference point, making the query ambiguous.",1.0,1,1.0,['Greek'],1,1.0,1.0
who sings the song only in my dreams,Who sings the 1987 song 'Only In My Dreams'?,['Debbie Gibson'],['Debbie Gibson'],"The query asks for the singer of the song 'Only In My Dreams', but does not specify which version of the song being referenced. Multiple artists (e.g., Jason Mraz, Toto) have released songs with this title, leading to ambiguity. Without additional contextual clues (e.g., genre, release year, or cultural reference), the query cannot definitively resolve which song or artist is intended.",1.0,1,1.0,['Debbie Gibson'],1,1.0,1.0
what is a home run with a girl,"In a sexual context, what does the colloquial phrase 'a home run with a girl' refer to?","['""full"" sexual intercourse']","[""It's a slang term often used to describe achieving a significant romantic or physical milestone with someone.""]","The query combines two distinct concepts - 'home run' (a baseball term) and 'with a girl' (implying a relationship or interaction). The phrase 'home run with a girl' is ambiguous as it could refer to: 1) A baseball play involving a girl, 2) A metaphorical expression about achieving success alongside someone, 3) A pop culture reference, or 4) An incorrect combination of terms. The lack of contextual clues (e.g., sport, relationship status, cultural reference) makes it impossible to definitively interpret the intended meaning.",0.0,0,0.25,['It refers to engaging in sexual intercourse with a girl.'],0,0.3333333333,1.0
who is written in the book of life,"According to Christian theology, who is considered to be written in the Book of Life?",['every person who is destined for Heaven or the World to Come'],['Those who have accepted salvation through faith in Jesus Christ.'],"The query references 'the book of life,' a concept found in religious texts (e.g., biblical passages like Revelation 20:12-15). However, the query does not specify which textual source (e.g., a particular book, denomination, or version of Scripture), nor does it clarify the context or parameters for identifying 'who' is included. Without additional constraints, the term 'book of life' can have multiple interpretations across theological traditions, leading to ambiguity in determining the intended scope or answer.",0.0952380952,0,0.5,['Those who have faith in Jesus Christ and are saved.'],0,0.0952380952,0.75
where did they film the royal tv series,Where did they film the British medical drama series The Royal?,"['within Whitby, Scarborough, City of Bradford and the North Riding of Yorkshire']","['Yorkshire, England']","The query is underspecified due to ambiguity in identifying 'the royal tv series'. Multiple television series share similar names (e.g., 'The Crown', 'The Royal', 'The Royals'), and without further clarification, it is impossible to determine which specific show the user refers to. Filming locations vary significantly across these titles, making the query incomplete without specifying the exact series.",0.1538461538,0,0.5,"['Scarborough, North Yorkshire, England']",0,0.4,0.5
who played the king in the ten commandments,Who played the King of Ethiopia in the 1956 film The Ten Commandments?,['Woodrow Strode'],['Yul Brynner'],"The query asks for the actor who played 'the king' in 'the ten commandments.' While 'the ten commandments' refers to a well-known biblical story, the phrase could apply to multiple films (e.g., the 1956 classic directed by Cecil B. DeMille, the 2016 remake, or other religious-themed adaptations). Without specifying the exact film or context, the query lacks sufficient information to identify a single, definitive answer. Additionally, the role of 'king' may refer to Pharaoh Rameses II in the biblical narrative, but the query does not clarify whether it refers to a particular media adaptation or historical context.",0.0,0,0.0,['Woody Strode'],0,0.5,0.75
what is the oldest street in the philippines,"What is the oldest street in the Philippines, located in Cebu City?",['Colon Street'],['Colon Street'],"The query asks for the 'oldest street' in the Philippines, but does not specify a particular city, region, or criterion for determining age (e.g., colonial-era, pre-colonial, or based on official records). Multiple streets could qualify depending on contextual factors, and the absence of geographic constraints introduces ambiguity. While general knowledge may point to streets in Manila's historic district (e.g., Rizal Street or San Agustin Avenue), the query lacks sufficient detail to ensure a unique or definitively accurate answer.",1.0,1,1.0,['Colon Street'],1,1.0,1.0
where did the first african american air force unit train,"Where did the Tuskegee Airmen, the first African American pilots in the U.S. Army Air Corps, receive their primary flight training?","['Moton Field, the Tuskegee Army Air Field']","['Tuskegee Army Air Field in Tuskegee, Alabama']","The query is underspecified due to ambiguities regarding key terms. 'First African American Air Force unit' refers to historical contexts (e.g., the 332nd Fighter Group/Tuskegee Airmen), but the query does not specify which unit, era, or branch (Air Corps vs. USAF). 'Train' could mean training location, type of training, or deployment preparation. Without clarifying these aspects, the query lacks sufficient specificity to produce a definitive answer.",0.6153846154,0,1.0,"['Tuskegee Army Air Field in Tuskegee, Alabama.']",0,0.6153846154,1.0
who is the winner of bigg boss kannada season,Who is the winner of Bigg Boss Kannada Season 5?,['Chandan Shetty'],['The winner of Bigg Boss Kannada Season 9 is Roopesh Shetty.'],"The query asks for the winner of 'bigg boss kannada season,' but does not specify which season (e.g., Season 1, Season 2, etc.). Since multiple seasons have aired, the absence of a specific season identifier makes the query ambiguous. While 'current' or 'latest' may imply the most recent season, this assumption requires contextual knowledge not explicitly stated in the query.",0.1666666667,0,0.0,['Chandan Shetty'],1,1.0,1.0
how many times have real madrid won the european cup.in paris,How many times have Real Madrid won the European Cup (UEFA Champions League)?,['twelve'],['Real Madrid have won the European Cup/Champions League in Paris 3 times.'],"The query contains two distinct components: (1) a factual question about Real Madrid's European Cup (UEFA Champions League) win count, and (2) an unrelated clause '.in paris' that introduces ambiguity. The phrase 'in paris' likely stems from a typographical error or misplaced punctuation, as the European Cup/Champions League finals were never hosted in Paris (e.g., the 1957 final was in Paris, but Real Madrid did not win then). The inclusion of 'paris' creates confusion about whether the query seeks historical data filtered by location, which is not clearly defined. While the core question is well-specified, the extraneous 'in paris' fragment renders the query underspecified due to potential misinterpretation.",0.0,0,0.0,['14'],0,0.0,0.0
who sings the rap in baby by justin bieber,Who sings the rap in the original 2010 single 'Baby' by Justin Bieber?,['Ludacris'],['Ludacris'],"The query asks for the performer of the rap portion in the song 'Baby' by Justin Bieber. While the song title and artist are clearly identified, the query lacks specificity regarding which version of the song being referenced. Justin Bieber's 'Baby' has multiple versions (e.g., original 2013 release featuring Jay-Z, 2015 remix with Drake). Without clarification on the specific version, the answer depends on contextual assumptions. Additionally, the term 'rap' could refer to different sections in different tracks, further complicating identification.",1.0,1,1.0,['Ludacris'],1,1.0,1.0
who invented the submarine during the civil war,Who was the Confederate engineer and financier who led the development of the H.L. Hunley submarine during the American Civil War?,['Horace Lawson Hunley'],['Horace Lawson Hunley'],"The query asks for the 'inventor' of a submarine during the American Civil War (1861-1865). However, no single individual can be credited as the sole inventor of the submarine, as its development spans centuries. The most notable submarine from the Civil War era was the Confederacy's H.L. Hunley (1863), but its design was based on prior work by engineers like John Philip Holland and others. Additionally, the term 'invented' implies a singular creation, whereas submarines evolved through incremental technological advances. The query lacks specificity regarding the type of submarine, the intended use, or the context of innovation during the war. This ambiguity makes the question underspecified.",1.0,1,1.0,['Horace Lawson Hunley'],1,1.0,1.0
who's the model on let's make a deal,Who is the prize model on Let's Make a Deal?,['Tiffany Adams Coyne'],['Tiffany Coyne'],"The query is ambiguous due to multiple potential interpretations of 'model.' In the context of 'Let's Make a Deal,' 'model' could refer to: 1) a contestant (e.g., a female participant often featured in the show's segments), 2) a mathematical/modeling concept used in game mechanics, or 3) a metaphorical reference to a persona/character. Additionally, the phrase 'on let's make a deal' could imply a specific episode, season, or variant of the show (e.g., the original 1970s series vs. modern iterations). Without clarifying context or specificity, the query fails to definitively narrow down the intended meaning.",0.8,0,0.75,['Tiffany Coyne'],0,0.8,0.75
an object that moves around an external axis is said to be,"What is the term for the motion of an object around an external axis or another body, as distinct from its rotation on its own axis?",['revolution or orbital revolution'],['Revolving'],"The query seeks a term describing an object's motion around an 'external axis,' but critical contextual details are missing. Key ambiguities include: 1) Definition of 'external axis' (relative to what system?), 2) Type of motion (rotation, revolution, translation?), 3) Domain-specific terminology (e.g., physics, astronomy, engineering), and 4) Whether the term should be a verb ('rotate'), noun ('axis'), or abstract concept. Without clarifying these aspects, multiple plausible answers exist (e.g., 'rotating', 'revolutionary', 'spatially oriented') and no single response satisfies the query's requirements.",0.0,0,0.75,['Revolution'],0,0.4,1.0
who sang on the back in black album,Who provided vocals on AC/DC's 'Back in Black' album?,['Brian Johnson' 'Malcolm Young' 'Cliff Williams'],['Brian Johnson'],"The query contains potential ambiguities and errors. 'Back in Black' is a well-known album by AC/DC, but the phrasing 'the back in black album' is grammatically awkward and may confuse the reference. Additionally, the query does not clarify whether it refers to the album's lead vocalist(s), co-vocalists, or specific tracks within the album. The misspelling or incorrect capitalization ('in black') could also indicate uncertainty about the album's proper title. Without explicit clarification on these points, the query remains underspecified.",1.0,1,1.0,['Brian Johnson'],1,1.0,1.0
the witch and the hundred knight 2 us release,What is the US release date for the video game The Witch and the Hundred Knight 2?,"['March 27, 2018']","['March 27, 2018']","The query appears to seek information about the 'US release' of a game titled 'The Witch and the Hundred Knight 2.' However, several ambiguities exist: 1) The game title may be misspelled or non-existent (e.g., intended as 'The Witcher and the Hundred Knights 2'?); 2) 'US release' lacks specificity regarding whether it refers to a launch date, region-specific content, or distribution details; 3) No contextual clues are provided about the platform (PC, console), genre, or developer, which are critical for narrowing results. These gaps prevent the query from being unambiguously resolved without additional constraints.",1.0,1,1.0,"['March 27, 2018']",1,1.0,1.0
who sings don't take your guns to town,"Who is the original artist of the song ""Don't Take Your Guns to Town""?",['Johnny Cash'],['Johnny Cash'],"The query asks for the artist of the song titled 'Don't Take Your Guns to Town.' While the song title is specific, there may be multiple interpretations or covers of this title. Additionally, the phrasing 'take your guns to town' could refer to a song with a similar theme (e.g., gun-related lyrics), leading to potential ambiguities. Without explicit confirmation of the exact song title, artist, or contextual clues (e.g., album, genre, or year), the query lacks sufficient specificity to definitively identify the intended song or artist.",1.0,1,1.0,['Johnny Cash'],1,1.0,1.0
who has the most conference championships in college basketball,Which college basketball team has the most regular season conference championships in NCAA Division I history?,['Kansas'],['Kentucky Wildcats'],"The query does not specify which conference's championships are being referred to. College basketball consists of multiple conferences (e.g., SEC, Big Ten, Pac-12, ACC), each with distinct histories and champion teams. The phrase 'most conference championships' is ambiguous without clarification on the target conference, as the answer depends on the specific league's record. Additionally, the term 'conference championships' may refer to individual conference tournament wins rather than overall program success, further complicating interpretation.",0.0,0,0.0,['Kansas Jayhawks'],0,0.6666666667,1.0
who is the authority or governing body of mca,Who is the authority or governing body of the Ministry of Corporate Affairs (MCA) in India?,['Indian government'],"['Ministry of Corporate Affairs, Government of India']","The query lacks sufficient contextual specificity because 'MCA' (Military Construction Authority) can refer to multiple entities across different sectors and jurisdictions. Without clarification on the domain (e.g., military, corporate, legal, or technical), the term 'MCA' is ambiguous. The user has not provided enough information to disambiguate between potential interpretations (e.g., U.S. Military Construction Authority, Ministry of Corporate Affairs in India, or other specialized bodies). This ambiguity prevents a definitive answer.",0.2222222222,0,1.0,"['The Ministry of Corporate Affairs (MCA) in India is governed by the Government of India, with the Union Minister of Corporate Affairs as its head.']",0,0.0833333333,1.0
who is the guy who walked across the twin towers,Who is the guy who walked across the Twin Towers on a high wire?,['Philippe Petit'],['Philippe Petit'],"The query references 'the guy who walked across the twin towers,' which ambiguously points to a historical event. The most widely recognized association is Stephen Siller, a firefighter who attempted to evacuate people from the World Trade Center during the September 11 attacks. However, the phrase 'walked across' is imprecise—since the Twin Towers collapsed, no one physically crossed them. Additionally, the query lacks specificity regarding time, location, or additional context (e.g., whether it refers to 9/11, a different event, or a fictional scenario). Without further clarification, the identity of 'the guy' remains unclear due to potential alternative interpretations or insufficient detail.",1.0,1,1.0,['Philippe Petit'],1,1.0,1.0
when were 2 dollar bills stopped being made,What is the current status of the two-dollar bill in the U.S.?,['current denomination of U.S. currency'],"['Two-dollar bills have never been discontinued and are still being printed, though in limited quantities.']","The query lacks specificity regarding the country or jurisdiction where the 2-dollar bill was issued. While 'dollar' commonly refers to the U.S. dollar, other countries (e.g., Canada, Australia) also use the term 'dollar' for their currency. Additionally, the historical discontinuation of 2-dollar bills varies by nation. For example, the U.S. discontinued the 2-dollar bill in 1870, while Canada ceased producing them in 2016. Without clarifying the specific currency or region, the query cannot be answered definitively.",0.0,0,1.0,"['The two-dollar bill is still in circulation in the U.S., but it is produced in limited quantities and used infrequently.']",0,0.0869565217,1.0
which best describes timbuktu under the mali empire,How can Timbuktu be characterized in terms of its overall significance and function during the Mali Empire?,"['a place of trade, entertainment, and education']","['A major center of trade, culture, and Islamic learning.']","The query asks for a descriptive statement about Timbuktu during the Mali Empire's rule. While the subject matter (Timbuktu and the Mali Empire) is clearly defined, the query lacks specificity regarding temporal boundaries (e.g., which period of the Mali Empire?), geographic scope (e.g., administrative role, cultural impact?), or contextual criteria (e.g., economic, political, or religious). Additionally, 'best describes' implies a comparative or evaluative intent, but no options or metrics are provided to assess which description is superior. This ambiguity prevents a definitive answer.",0.4285714286,0,0.75,"['Timbuktu was a major center of trade, culture, and Islamic scholarship during the Mali Empire.']",0,0.3157894737,0.75
who wants to be millionaire phone a friend,How does the 'Phone a Friend' lifeline work in the game show 'Who Wants to Be a Millionaire'?,"['the contestant makes a thirty-second call to one of a number of friends (who provide their phone numbers in advance) and reads them the question and answer choices, after which the friend provides input']","[""A lifeline option on the game show 'Who Wants to Be a Millionaire' where contestants can call a friend for help answering a question.""]","The query appears to combine elements from 'Who Wants to Be a Millionaire?' (a TV game show) with 'phone a friend' (a game mechanic). However, the phrasing is ambiguous: it is unclear whether the user is asking about the show's rules, the purpose of the 'phone a friend' feature, the identity of participants, or something else. The lack of explicit clarification on the specific aspect being asked makes the query underspecified.",0.2083333333,0,1.0,"['The contestant calls a pre-selected friend for help with a question.'
 'The friend has 30 seconds to provide an answer.']",0,0.2222222222,0.5
what does hp mean in war and order,What does 'hp' mean in the game War and Order?,['hit points or health points'],"['HP in War and Order stands for Health Points, representing the amount of damage a unit or building can take before being destroyed.']","The query asks for the meaning of 'hp' within the context of 'war and order'. While 'hp' is commonly understood as 'health points' in gaming or strategic contexts, the phrase 'war and order' is ambiguously defined. It may refer to a specific game (e.g., 'Warframe', 'Warhammer'), a fictional universe, or a non-gaming context. Without explicit clarification of the source material or domain (e.g., a specific game title, book, or simulation), the reference to 'war and order' introduces ambiguity. The lack of precise contextual definition around 'war and order' renders the query underspecified.",0.2307692308,0,1.0,"['HP stands for ""Hit Points,"" representing the health of a unit or building.']",0,0.5,1.0
what does it cost to play golf at augusta national,What are the estimated initiation fees and annual membership dues to play golf at Augusta National Golf Club?,"['believed to cost between $10,000 and $30,000 and annual dues were estimated in 2009 to be less than $10,000 per year']","['Membership fees are estimated to be $40,000 initiation and $300-$500 monthly dues.'
 'Guest fees are around $40-$50 per round.']","The query asks about the cost to play golf at Augusta National, but it lacks critical contextual information. Augusta National is a private club with varying pricing structures based on factors such as membership status (e.g., active/guest), seasonality (e.g., Masters Tournament week vs. off-season), booking method (reservations vs. walk-ins), and tournament schedules. Without specifying these variables, the request cannot be answered definitively as the cost depends on multiple unmentioned parameters.",0.303030303,0,0.0,"['- Initiation fee: Estimated $40,000  \n- Annual dues: Estimated under $10,000']",0,0.2666666667,0.25
where was one direction what makes you beautiful filmed,"Where was One Direction's ""What Makes You Beautiful"" music video filmed?","['Malibu, California']","['Malibu, California']","The query appears to seek information about the filming location of the song 'What Makes You Beautiful' by One Direction. However, the term 'filmed' typically applies to films, television shows, or documentaries, not songs. While One Direction released a music video for the song (directed by Joe Hahn), the query ambiguously conflates a music video with a feature-length film. Additionally, there is no known film titled 'One Direction: What Makes You Beautiful.' The lack of clarity regarding whether the user refers to the music video or a fictional film renders the query underspecified.",1.0,1,1.0,"['Malibu, California']",1,1.0,1.0
who came up with the idea of the transcontinental railroad,Who is recognized for initially proposing the concept of a transcontinental railroad to the U.S. Congress?,['Dr. Hartwell Carver'],['Asa Whitney'],"The query asks for the originator(s) of the idea behind the transcontinental railroad. While historically the project involved collective efforts (e.g., legislators, investors, engineers), the phrasing 'came up with the idea' suggests a singular source. However, the railroad's inception required coordination across multiple actors, including politicians (e.g., Congress passing the Pacific Railway Act of 1862), corporate entities (e.g., Central Pacific and Union Pacific railroads), and visionaries like Cornelius Vanderbilt. The query does not specify whether it seeks a single individual, a group, or a broader conceptual framework, leading to ambiguity in defining 'the idea.' This lack of clarity regarding scope and intent makes the query underspecified.",0.0,0,0.0,['Asa Whitney'],0,0.0,0.0
who gets first pick of fa cup games,Which broadcaster gets the first choice of FA Cup matches for live television coverage?,['the BBC'],"['BBC and ITV share the rights, with the first pick alternating between them each round.']","The query is ambiguously phrased. 'First pick' is vague without defining the context (e.g., fixture allocation, sponsorship rights, or team selection). The FA Cup is a single-elimination tournament, and its scheduling is determined by league positions, not 'picks.' Additionally, the term 'first pick' may refer to unrelated concepts like NFL drafts or other sports scenarios, which are not relevant to the FA Cup. Without clarifying the intended meaning, the query cannot be resolved definitively.",0.1428571429,0,0.25,['BBC'],1,1.0,1.0
who does the voice of nelson on simpsons,Who does the voice of Nelson Muntz on The Simpsons?,['Nancy Jean Cartwright'],['- Nancy Cartwright'],"The query asks for the actor voicing 'Nelson' on *The Simpsons*. While 'Nelson Muntz' is a well-established character in the show, the query lacks specificity regarding which character ('Nelson') is being referenced. Additionally, the term 'Nelson' could potentially refer to other minor or non-canonical characters, or even external media (e.g., video games, spin-offs). Without further clarification (e.g., full name, episode, or context), the query remains ambiguous and may yield incorrect results if interpreted as a different character.",0.8,0,1.0,['- Nancy Cartwright'],0,0.8,0.5
when did this season of american idol start,When did American Idol season 16 start?,"['March 11, 2018']","['The 21st season of American Idol started on February 19, 2023.']","The query references 'this season' of American Idol, which requires clarification on which specific season is being referred to. Without additional context (e.g., season number, year, or broadcast network), 'this season' is ambiguously defined. While 'this season' may imply the most recent season as of the query's timing, the absence of explicit details makes the query dependent on external temporal knowledge (current date) and potential ambiguity across different iterations of the show.",0.0,0,0.0,"['March 11, 2018']",1,1.0,1.0
how much venom can a king cobra produce,What is the maximum volume of venom a king cobra can deliver in a single bite?,['up to 7 ml'],['A king cobra can produce up to 7 milliliters of venom in a single bite.'],"The query seeks quantitative information about venom output from a king cobra. However, it lacks critical specifications such as units of measurement (e.g., milliliters, grams), the context of 'produce' (e.g., venom gland capacity vs. venom delivered per bite), and potential variables like snake size or age. Venom production in reptiles is often measured by total volume stored in glands, potency (toxin concentration), or delivery efficiency, none of which are explicitly addressed in the query. This ambiguity creates multiple possible interpretations, making the query insufficiently detailed to yield a definitive answer.",0.3529411765,0,1.0,['Up to 7 milliliters.'],0,0.75,1.0
when did chicano studies become major studies programs on college campuses,By what year had Chicano Studies generally become established as major programs on college campuses?,['By 1975'],['Late 1960s and early 1970s'],"The query seeks a timeline for the establishment of Chicano Studies as formal academic majors. While 'Chicano Studies' refers to a distinct field with clear historical roots (emerging in the 1960s-1970s), the phrase 'major studies programs' introduces ambiguity. The query does not specify geographic regions, institutions, or precise criteria for what constitutes a 'major' program. Additionally, the development of such programs varied across universities, with some institutions adopting them earlier than others. Without narrowing scope (e.g., specific states, universities, or definitions), the query lacks sufficient constraints to yield a singular, definitive answer.",0.0,0,0.0,['By the 1970s'],0,0.5,0.5
when does the next star trek episode come out,When does the next Star Trek: Discovery episode come out?,"['February 4, 2018']",['No specific release date is available for the next Star Trek episode as of now.'],"The query asks for the release date of the 'next' Star Trek episode, but it fails to specify which particular Star Trek series or show (e.g., Star Trek: Discovery, Star Trek: Picard, Star Trek: Strange New Worlds). Additionally, the term 'next' could refer to any ongoing series, but without clarification on the specific show or its production schedule, the request cannot be precisely answered. The lack of specificity about the target series makes the query underspecified.",0.0,0,0.0,"[""Star Trek: Discovery's fifth and final season is set to premiere in early 2024.""]",0,0.0,0.0
who recorded i can't help falling in love with you,Which artist recorded the most famous version of 'I Can't Help Falling in Love With You'?,['Elvis Presley'],['Elvis Presley'],"The query asks for the artist(s) who recorded the song 'I Can't Help Falling in Love With You.' While the song is widely known, it has been performed by numerous artists across different eras (e.g., Elvis Presley, Sarah Vaughan, Nat King Cole, etc.). The query does not specify a particular version, genre, era, or contextual preference, leading to multiple potential answers. Without additional constraints, the request remains ambiguous and cannot be uniquely resolved.",1.0,1,1.0,['Elvis Presley'],1,1.0,1.0
what is the number of true positives (tp),"In the context of classification model evaluation, what is the definition of true positives (TP)?",['the proportion of positives that are correctly identified as such'],['The number of true positives (TP) is the count of instances correctly predicted as positive by a model.'],"The query asks for the numerical value of 'true positives' (TP), a metric used in classification tasks (e.g., machine learning, statistical testing). However, the term 'true positives' is context-dependent and requires explicit reference to a specific dataset, model, or scenario to calculate or identify its value. Without additional information such as the relevant dataset, thresholds, or outcomes, the concept remains abstract and cannot be quantified.",0.3333333333,0,0.25,['True positives (TP) are instances where the model correctly predicts the positive class.'],0,0.3,0.75
american horror story freak show girl kidnapped by clown,Which character was portrayed by Skyler Samuels in American Horror Story: Freak Show as a girl kidnapped by a clown?,['Bonnie Lipton (portrayed by Skyler Samuels)'],['Bonnie Lipton'],"The query references 'American Horror Story: Freak Show,' a specific season of the series, and identifies key elements: a 'girl' and a 'clown' involved in a 'kidnapping.' While these terms align with the show's themes of exploitation and supernatural elements, they do not uniquely specify a single episode, character, or event. The phrase 'kidnapped by clown' may evoke broader tropes (e.g., 'It Follows') or cross-season references, leading to potential ambiguities. Without additional contextual clues (e.g., episode title, time period, or specific character names), the query remains open to interpretation.",0.5,0,0.5,['Bonnie Lipton'],0,0.5,1.0
who are the co hosts on the real,Who are the co-hosts on the daytime talk show The Real?,"['Tamar Braxton' 'Adrienne Houghton' 'Loni Love' 'Jeannie Mai'
 'Tamera Mowry-Housley']",['Adrienne Bailon' 'Loni Love' 'Jeannie Mai' 'Garcelle Beauvais'],"The query is ambiguous due to the vague reference to 'the real.' The term 'real' alone does not specify which television show or program the user is referencing. Multiple shows exist with similar titles (e.g., 'The Real', 'Real Time with Bill Maher', 'The Real World'), and without additional context, it is impossible to determine which program's co-hosts are being asked about. While 'co-hosts' is a clear term, the lack of specificity regarding the program name renders the query underspecified.",1.0,1,1.0,['Adrienne Bailon' 'Loni Love' 'Jeannie Mai' 'Garcelle Beauvais'],1,1.0,1.0
a good that can be used in place of another good,"In economics, what is the term for a good that can be used in place of another good to satisfy a similar want or need?",['substitute good'],['Substitute good'],"The query refers to the economic concept of 'substitute goods,' where one good can替代另一个. However, critical specifications are missing: (1) The nature of the goods (e.g., tangible vs. intangible, consumer vs. capital goods), (2) Contextual constraints (e.g., market conditions, regulatory frameworks), and (3) Specific criteria for 'replacement' (e.g., functional equivalence, cost considerations). The ambiguity around 'good' itself (which could refer to any valuable item) and the absence of definitional boundaries render the query insufficiently precise to yield a definitive answer.",1.0,1,1.0,['Substitute good'],1,1.0,1.0
where is the college championship game being played at,Where will the 2025 College Football Playoff National Championship game be played?,"['Mercedes-Benz Stadium in Atlanta, Georgia']","['NRG Stadium in Houston, Texas']","The query is ambiguous due to lack of specificity regarding the sport (e.g., basketball vs. football) and the exact event (e.g., annual tournament vs. specific year). Additionally, 'College Championship Game' could refer to multiple events (e.g., NCAA basketball, College Football Playoff), and the answer depends on contextual factors like the current year and sport. Without clarification, the query cannot yield a definitive answer.",0.4,0,0.0,"['Mercedes-Benz Stadium in Atlanta, Georgia']",1,1.0,1.0
when does zay come to girl meets world,What is the air date of Zay's first appearance in the TV series Girl Meets World?,"['May 13, 2015']","[""Zay Babineaux first appears in Season 2, Episode 2, titled 'Girl Meets the New World.'""]","The query asks for the timing of Zay's arrival in 'Girl Meets World,' but fails to specify critical contextual details such as the season, episode number, or specific plot reference. The term 'come' is vague—does it refer to a recurring character, a guest star, or a pivotal storyline? Additionally, 'Girl Meets World' is a TV series with multiple seasons and episodes, requiring explicit parameters (e.g., 'Season X, Episode Y') to identify a precise timeline. The lack of specificity makes the query ambiguous and unable to yield a definitive answer without further clarification.",0.0,0,0.25,"['May 15, 2015']",0,0.6666666667,0.25
i only want to be with you in french,"What is the French title of the song ""I Only Want to Be with You""?","[""A Présent Tu Peux t'en Aller""]",['Je veux seulement être avec toi.'],"The query expresses a personal desire ('only want to be with you') combined with a linguistic instruction ('in french'). However, critical ambiguities exist: 1) 'you' refers to an unspecified individual, 2) 'in french' could mean speaking in French, being in a French-speaking location, or referencing cultural aspects, 3) the relationship dynamics (romantic, platonic, etc.) are not clarified. These missing contextual elements prevent precise interpretation of the core request.",0.0,0,0.0,"[""Je ne peux pas t'en vouloir""]",0,0.3636363636,0.0
who drives the number 95 car in nascar,Who drove the number 95 car for Leavine Family Racing in the NASCAR Cup Series?,['Michael Christopher McDowell'],['Christopher Bell'],"The query asks for the driver of the 'number 95' car in NASCAR, but does not specify which NASCAR series (e.g., Cup Series, Xfinity Series, or Truck Series) or the relevant timeframe (current season vs. past seasons). Additionally, multiple teams may field the #95 car across different series, leading to ambiguous results without further clarification.",0.4,0,0.0,['Christopher Bell' 'Matt DiBenedetto' 'Kasey Kahne' 'Michael McDowell'],0,0.8,1.0
where did the indian myna bird come from,What is the native range of the Indian Myna bird (Acridotheres tristis)?,['Asia'],"['The Indian myna bird originated from South Asia, particularly India and surrounding regions.']","The query asks about the origin of the 'Indian Myna Bird,' which is likely referring to the House Myna (Acridotheres tristis). While the term 'Indian' suggests a geographical association with South Asia, the query lacks specificity regarding whether it seeks the bird's native range, historical origin, or introduction to other regions. Additionally, the phrase 'myna bird' is somewhat ambiguous, as 'myna' can refer to several species within the family Sturnidae. Further clarification would resolve ambiguities around the exact species, intended meaning of 'origin,' and regional scope.",0.1538461538,0,1.0,"['South Asia, including India, Pakistan, Nepal, Bangladesh, and Sri Lanka.']",0,0.1818181818,0.75
when was the last year thanksgiving was on the 23rd,When was the last year U.S. Thanksgiving was on November 23rd?,['2017'],['2017'],"The query seeks the most recent year when Thanksgiving fell on November 23rd. While Thanksgiving is traditionally observed on the fourth Thursday of November in the U.S., the query lacks explicit geographical context (e.g., country) and assumes adherence to the standard rule. Additionally, the exact date (23rd) requires verification against historical calendars, which depend on the starting day of the week for each year. Without clarification on regional holidays or potential deviations (e.g., state observances), the query remains ambiguous.",1.0,1,1.0,['2017'],1,1.0,1.0
when does jenny come back to gossip girl,When does Jenny Humphrey make her final appearance in the original *Gossip Girl* television series?,['the final episode of the series'],"[""Jenny returns in Season 4, Episode 6 ('Easy J').""]","The query asks about the return of a character (Jenny) to the TV show 'Gossip Girl.' While the show's timeline and character arcs are well-documented, the query lacks critical specificity. It does not clarify whether the user refers to the original 'Gossip Girl' series (which concluded in 2012), its spin-off 'Gossip Girl: The Series' (2017-2018), or other potential contexts (e.g., books, movies). Additionally, Jenny's role in the original series was limited to Season 1, and she did not return in subsequent seasons. The ambiguity around which iteration of the show the user is referencing makes the query underspecified.",0.1538461538,0,0.0,"[""Jenny Humphrey makes her final appearance in Season 4, Episode 11, titled 'The Townie.'""]",0,0.2352941176,0.0
what are the first and second major religions in france,"Based on self-identification, what are the top two most commonly reported religious or non-religious affiliations among the population in France?",['Catholicism' 'Not religious'],['- Christianity (primarily Catholicism)  \n- Islam'],"The query seeks to identify the 'first and second major religions' in France. While the intent is clear, the term 'major' is ambiguously defined. Key uncertainties include: 1) Whether 'major' refers to numerical adherence, historical prevalence, cultural significance, or legal status; 2) How to account for France's strong secular tradition (laïcité), which may marginalize traditional religious categories; 3) Whether non-traditional belief systems (e.g., agnosticism, atheism) or emerging faiths should be considered. Additionally, the phrasing 'first and second' implies a ranked hierarchy, but no explicit criteria are provided to resolve ties or alternative interpretations.",0.4,0,0.75,['Christianity' 'No religion'],0,0.0,0.5
what is the share of agriculture in indian economy,What was the contribution of agriculture to India's Gross Domestic Product (GDP) in the fiscal year 2020-21?,['17.32%'],"[""As of 2023, agriculture contributes approximately 18-20% to India's GDP.""]","The query asks for the 'share' of agriculture in India's economy. While the term 'share' could theoretically refer to various metrics (e.g., GDP contribution, employment proportion, etc.), the most conventional interpretation in economic contexts is the contribution to GDP. The query lacks specificity regarding the metric (GDP, PPP, employment, etc.) and does not mention a timeframe (e.g., recent years). However, the core request—determining the sectoral contribution—is sufficiently clear to generate a standard answer based on widely reported economic data. The absence of these specifics does not render the query entirely meaningless, as the primary intent is recognizable.",0.0,0,0.5,"[""Agriculture contributed approximately 20% to India's GDP in the fiscal year 2020-21.""]",0,0.0,0.25
who wrote the song if i were a boy,"Who wrote the song ""If I Were a Boy"" performed by Beyoncé?",['BC Jean and Toby Gad'],['BC Jean'],"The query asks for the writer of the song titled 'If I Were a Boy.' While the song is famously associated with Celine Dion (from her 2001 album *Let It Be Me*), the query lacks specificity regarding the artist, album, or contextual clues needed to definitively resolve ambiguities. Multiple artists may have released songs with similar titles, and without explicit clarification, the query relies on external knowledge assumptions rather than being self-contained. This makes the query potentially ambiguous unless the intended reference is explicitly confirmed.",0.5714285714,0,0.5,['BC Jean' 'Toby Gad'],0,0.5714285714,0.5
what is earth's magnetic field responsible for,What is the Earth's magnetic field primarily responsible for regarding the solar wind and the Earth's atmosphere?,"['deflect most of the solar wind, whose charged particles would otherwise strip away the ozone layer that protects the Earth from harmful ultraviolet radiation']","['- Protecting the planet from solar wind and cosmic radiation  \n- Guiding navigation systems like compasses  \n- Creating auroras (e.g., Northern and Southern Lights)  \n- Influencing animal migration patterns']","The query asks about the responsibilities or functions of Earth's magnetic field. While it is well-known that the magnetic field protects against solar radiation and aids navigation, the query lacks specificity regarding which role(s) are being asked about. The term 'responsible for' could refer to multiple distinct phenomena (e.g., protecting the atmosphere, enabling geomagnetic storms, influencing animal behavior, or guiding migratory species). Without additional constraints, the answer would require addressing multiple potential interpretations, making the query ambiguous.",0.1777777778,0,0.5,"['Deflecting the solar wind.'
 ""Protecting the Earth's atmosphere from erosion by solar wind.""]",0,0.2068965517,1.0
when is beyblade burst super z coming out,What is the release date of Beyblade Burst Super Z?,"['April 2, 2018']","['Beyblade Burst Super Z (Cho-Z) premiered on April 2, 2018, in Japan.']","The query asks for the release date of a specific product ('Beyblade Burst Super Z'). While the term 'coming out' implies seeking future availability, the query contains sufficient specificity to identify the subject matter: the exact product name. No further clarification is needed as the product is uniquely identifiable by its full title. However, the absence of contextual details (e.g., regional release, edition type) may slightly reduce clarity, but the core intent remains unambiguous.",0.4,0,1.0,"['April 2, 2018']",1,1.0,1.0
who owns the majority of the us debt,Which two foreign countries currently hold the largest amount of U.S. federal debt?,['Japan and China'],"['The U.S. public (domestic investors, mutual funds, pension funds, etc.)'
 'Foreign investors (notably China and Japan)']","The query seeks to identify the entity holding the majority of U.S. federal debt. While the U.S. debt is primarily owned by domestic and foreign institutional investors, the term 'majority' introduces ambiguity. Key considerations include: 1) Whether 'majority' refers to the largest single holder (e.g., Foreign Governments, Federal Reserve, or Domestic Institutions) or aggregate holdings; 2) Timeframe (current vs historical); 3) Debt instrument specificity (Treasury Bonds, Notes, Bills). Without clarifying these factors, the query lacks sufficient constraints to produce a definitive answer.",0.6666666667,0,0.75,['Japan' 'China'],0,0.5,0.5
who won the national championship in volleyball 2017,Which team won the 2017 NCAA Men's Volleyball National Championship?,['Ohio State'],"[""Nebraska (Women's NCAA)"" ""Ohio State (Men's NCAA)""]","The query asks for the winner of a 'national championship' in volleyball in 2017. While the sport (volleyball) and year (2017) are clearly defined, critical ambiguities exist. There are multiple national volleyball championships globally (e.g., NCAA in the U.S., FIVB World League, etc.), and no clarification is provided about the specific competition, gender division (men's/women's), or geographic region. Additionally, 'national championship' can refer to different tiers (e.g., collegiate, professional) depending on context. Without these specifications, the query cannot yield a definitive answer.",0.6666666667,0,1.0,['Ohio State Buckeyes'],0,0.8,1.0
who plays the main character in hacksaw ridge,Who plays the main character in the 2016 film Hacksaw Ridge?,['Andrew Garfield'],['Andrew Garfield'],"The query seeks to identify the actor portraying the main character in the movie 'Hacksaw Ridge.' While the movie title is clear, the query does not specify which version of the film (e.g., 2014 or 2016). Additionally, the main character's name (Desmond Doss) is known, but the actor varies between versions (Tom Hardy in 2014, Andrew Garfield in 2016). Without explicit context about the film's release year or version, the answer hinges on assumptions about the intended reference, leading to potential ambiguity.",1.0,1,1.0,['Andrew Garfield'],1,1.0,1.0
what kind of metric system does the us use,What specific metric system is officially recognized and used in the United States?,['The International System of Units (SI)'],['The US primarily uses the customary system but also employs the metric system in some contexts.'],"The query asks about the 'metric system' used by the United States. However, the U.S. does not formally adopt the international metric system (SI) as its primary unit system. Instead, it uses the imperial system (e.g., feet, gallons). While some metric units (like liters, meters) are commonly used in specialized fields (medicine, science), these are not part of an official 'metric system' in the U.S. The term 'metric system' implies adherence to standardized decimal-based measurements, which the U.S. does not universally employ. Thus, the query contains conflicting assumptions: it presumes the U.S. uses a metric system, whereas in practice, it operates under a non-metric framework with limited adoption of metric units.",0.1111111111,0,0.25,"['The United States primarily uses the Imperial system but officially recognizes the metric system for certain applications, such as science, medicine, and international trade.']",0,0.1538461538,0.25
when was the debating club established in almora,"What was the establishment year of the prominent debating club in Almora, India, that was founded in the late 19th century?",['1871'],['The debating club in Almora was established in 1870.'],"The query seeks information about the establishment date of a debating club in Almora. While it specifies the subject (debating club) and location (Almora), it lacks critical details such as the specific name of the club, its historical context, or any distinguishing features. Multiple debating clubs may exist in Almora, and without further clarification, the query cannot uniquely identify the intended entity. Additionally, the term 'Almora' could refer to different locations (e.g., Almora, India, or other regions), though the most likely interpretation is the Indian town. The absence of a unique identifier makes the query ambiguous.",0.0,0,0.0,['1870'],0,0.0,0.0
first day collection of mission china assamese film,What was the first day box office collection of the Assamese film Mission China?,['₹ 39.97 lakh'],['₹37 lakh'],"The query contains fragmented elements that lack clarity. 'Mission China' appears to be an ambiguous or non-existent film title, while 'assamese film' specifies the linguistic/regional context. The phrase 'first day collection' requires further specification (e.g., box office earnings, streaming metrics). The combination of these terms creates uncertainty about the target film, its existence, and the precise metric being requested. Key missing information includes confirmation of the film's identity, exact release date, and the type of 'collection' being referred to.",0.4,0,0.25,['₹39.97 lakh'],0,0.4,1.0
what is the oath that new citizens take,What is the oath of allegiance that new citizens take during the naturalization ceremony in the United States?,['United States Oath of Allegiance'],"[""The Oath of Allegiance: 'I hereby declare, on oath, that I absolutely and entirely renounce and abjure all allegiance and fidelity to any foreign prince, potentate, state, or sovereignty of whom or which I have heretofore been a subject or citizen; that I will support and defend the Constitution and laws of the United States of America against all enemies, foreign and domestic; that I will bear true faith and allegiance to the same; that I will bear arms on behalf of the United States when required by the law; that I will perform noncombatant service in the Armed Forces of the United States when required by the law; that I will perform work of national importance under civilian direction when required by the law; and that I take this obligation freely without any mental reservation or purpose of evasion; so help me God.'""]","The query asks about 'the oath' without specifying the country or jurisdiction. While the U.S. naturalization oath is commonly referenced in this context, the term 'new citizens' could apply to any nation with citizenship ceremonies. The lack of geographic or legal specificity creates ambiguity, as different countries have distinct oaths (e.g., Canada's Oath of Allegiance, Australia's Citizenship Ceremony). Without additional context, the query cannot be definitively answered.",0.0724637681,0,1.0,"['I hereby declare, on oath, that I absolutely and entirely renounce and abjure all allegiance and fidelity to any foreign prince, potentate, state, or sovereignty, of whom or which I have heretofore been a subject or citizen; that I will support and defend the Constitution and laws of the United States of America against all enemies, foreign and domestic; that I will bear true faith and allegiance to the same; that I will bear arms on behalf of the United States when required by the law; that I will perform noncombatant service in the Armed Forces of the United States when required by the law; that I will perform work of national importance under civilian direction when required by the law; and that I take this obligation freely, without any mental reservation or purpose of evasion; so help me God.']",0,0.0740740741,1.0
when do replays become available on nfl game pass,When do game replays typically become available on NFL Game Pass?,['after their original live broadcasts end'],['Replays on NFL Game Pass typically become available shortly after the live game ends.'],"The query asks about the availability of replays on NFL Game Pass but lacks critical contextual information. Specifically, it does not mention a particular game, date, or event, which are essential for determining replay timelines. NFL Game Pass typically streams replays immediately after broadcasts, but exceptions exist (e.g., holiday weekends, regional broadcasting differences). Without specifying a game or timeframe, the response would require assumptions or generalized rules rather than precise answers.",0.2105263158,0,1.0,['Game replays typically become available shortly after the live broadcast ends.'],0,0.25,1.0
where do you find the adjusted gross income,How is the Adjusted Gross Income (AGI) calculated for U.S. federal income tax purposes?,['calculated by subtracting Above-the-line deduction from gross income'],"['On your tax return, typically on Form 1040, Line 11.']","The query asks for the source or method to locate 'adjusted gross income' (AGI). However, it lacks critical contextual information: (1) The jurisdiction (e.g., U.S. tax code vs. international standards), as AGI calculations vary globally; (2) Whether the user seeks instructions on calculating AGI or identifying its placement on a tax document (e.g., IRS Form 1040); (3) Specificity around the type of income or deductions involved. These ambiguities prevent a definitive answer without additional constraints.",0.0,0,0.25,"['AGI is calculated by taking total gross income and subtracting allowable adjustments, such as contributions to retirement accounts, student loan interest, and educator expenses.']",0,0.3125,0.75
a concave mirror can form a real image which is a copy of an object that forms,"When a concave mirror forms a real image, what is its orientation relative to the object?",['inverted'],"[""Inverted and smaller, same size, or larger depending on the object's position relative to the mirror.""]","The query contains multiple ambiguities and factual inconsistencies. First, 'a copy of an object' is imprecise - real images formed by concave mirrors are not literal copies but projections of the object. Second, the phrase 'which is a copy of an object that forms' is grammatically confused and logically flawed. Additionally, while concave mirrors can indeed form real images under specific conditions (object placed outside the focal length), the query fails to specify critical parameters such as object distance, image location, or magnification characteristics required to fully define the scenario. These omissions render the query insufficiently detailed to elicit a precise scientific response.",0.1333333333,0,0.75,['Inverted'],1,1.0,1.0
who has the most sacks in college football,Who holds the record for the most career sacks in college football?,['Mike Czerwien'],"['Tavius Robinson, Ole Miss (2022 season)']","The query seeks information about the player with the highest career sack total in college football. While 'college football' specifies the sport and league (NCAA), the absence of a timeframe (e.g., single season, career, or specific years) creates ambiguity. The answer could vary based on the definition of 'most'—whether it refers to the all-time career leader, the most in a single season, or a recent statistic. Additionally, the query does not clarify if it is referring to individual players or teams, though 'sacks' typically relate to individuals. Without explicit parameters, the query remains underspecified.",0.0,0,0.0,['Derrick Thomas with 52 sacks.'],0,0.0,0.0
when did university stop being free in australia,"In what year did the Australian government introduce the Higher Education Contribution Scheme (HECS), requiring domestic university students to contribute to their tuition fees?",['1989'],['University stopped being free in Australia in 1989.'],"The query asks for a historical event related to Australian university education. While the core topic is identifiable (university affordability in Australia), several ambiguities exist. The term 'free' is undefined - does it refer to full cost coverage, subsidies, or zero tuition fees? The query also lacks specificity about whether it pertains to domestic or international students, specific universities, or particular educational levels (e.g., undergraduate vs postgraduate). Furthermore, Australia has never had a universal 'free' university system; instead, it has evolved from subsidy-funded models to fee-paying structures. These nuances require clarification to pinpoint the correct historical reference.",0.2222222222,0,1.0,['1989'],1,1.0,1.0
do you cut cards to the left or right,"In common card game practice, when a player cuts the deck, is the lifted portion of cards typically placed to the left or to the right of the remaining stack?",['right'],['To the left.'],"The query asks about a directional action ('left' vs 'right') in the context of 'cutting cards,' but fails to specify the domain or rules governing this action. The term 'cut cards' is ambiguous without context—e.g., is this a reference to a specific card game (like bridge), a technical process (e.g., shuffling), or a fictional scenario? Additionally, the question assumes prior knowledge of rules or standards that aren't explicitly stated. The lack of contextual parameters (game rules, cultural norms, technical specifications) makes the query unable to be answered definitively without further information.",0.0,0,0.0,['To the right'],0,0.6666666667,1.0
who sang the them song for as told by ginger,Who sang the theme song for the Nickelodeon TV series As Told By Ginger?,['Macy Gray'],['Macy Gray'],"The query is ambiguously phrased due to several factors. 'Them song' is not a standard or widely recognized term, and 'As Told By Ginger' refers to a 2018 film, not a TV show. The phrase lacks clarity regarding which specific song (if any) is being referred to. Additionally, the query does not explicitly state the song title or provide sufficient contextual clues to identify the correct performer. Without further specification, multiple interpretations are possible, making the query unable to yield a definitive answer.",1.0,1,1.0,['Macy Gray'],1,1.0,1.0
which level of weight bearing often comes with a set number of pounds,"In medical rehabilitation, which level of weight-bearing is often prescribed with a specific, quantified limit in pounds?",['Partial weight-bearing'],['Partial weight bearing'],"The query refers to 'weight bearing' but does not specify the context (e.g., medical rehabilitation, athletic training, engineering). The phrase 'level of weight bearing' is ambiguous without defining whether it pertains to physiological recovery, structural design, or another discipline. Additionally, 'a set number of pounds' implies quantification, yet the query fails to establish the domain-specific terminology or standards that would define such a numerical threshold. This lack of contextual specificity prevents accurate identification of the intended meaning.",0.4,0,1.0,['Partial weight-bearing'],1,1.0,1.0
when is winter big brother going to start,When did Celebrity Big Brother US Season 1 start?,"['February 7, 2018']",['Winter Big Brother has not been officially announced as of October 2023.'],"The query references 'Winter Big Brother,' which appears to be a non-standard or niche term. Without additional context (e.g., media franchise, cultural reference, or specific event), it is unclear what 'Winter Big Brother' refers to. The lack of specificity makes it impossible to determine the intended subject or its scheduled start time.",0.0,0,0.0,"['February 7, 2018']",1,1.0,1.0
who sings far from the home i love in fiddler on the roof,"Which character sings ""Far From the Home I Love"" in *Fiddler on the Roof*?",['Hodel'],['Hodel'],"The query seeks the vocalist of the song ""Far From the Home"" from *Fiddler on the Roof*. While the musical and song title are unambiguously specified, the query lacks critical contextual details. The song is traditionally performed by the ensemble cast in most stagings, and its vocal rendition varies across different productions (e.g., original Broadway cast, 1971 film, revivals). Without specifying a particular version or source material, the answer depends on interpretation, making the query underspecified.",1.0,1,1.0,['Hodel'],1,1.0,1.0
georgia out of angus thongs and perfect snogging,"Who is the actress who played the character Georgia in the film Angus, Thongs and Perfect Snogging?",['Georgia Groome'],['Georgia Nicolson'],"The query appears to combine unrelated elements: 'Georgia' (a U.S. state), 'Angus Thongs' (an alternative rock band), and 'Perfect Snogging' (a song by Angus Thongs). The phrasing suggests a potential pun or play on words, as 'angus thongs' refers to a type of pants, while 'perfect snogging' is a humorous nod to a song title. However, the combination lacks clear contextual clues about the intended meaning—whether the user seeks information about the band's lyrics, a cultural reference, a fictional narrative involving Georgia, or something else. The ambiguity in connections makes it difficult to determine a single, unambiguous interpretation.",0.5,0,0.0,['Georgia Groome'],1,1.0,1.0
what is the baby elephants name in jungle book,What is the name of the baby elephant in Disney's 1967 animated film The Jungle Book?,['Hathi Jr.'],['Hathi Jr.'],"The query asks for the name of a baby elephant in 'The Jungle Book.' In Rudyard Kipling's original novels, the primary characters include Mowgli (the human child), Baloo (the bear), and Bagheera (the tiger), but there is no explicitly named baby elephant in the core storyline. The mention of a 'baby elephant' may refer to a secondary character or a later adaptation (e.g., films or retellings). Without additional context specifying a particular version of the story or media (e.g., Disney's animated films), the query lacks sufficient information to definitively identify the intended character. The ambiguity arises from the absence of a universally recognized named baby elephant in the canonical text.",1.0,1,1.0,['Hathi Jr.'],1,1.0,1.0
where did the battle of corinth take place,Where did the Battle of Corinth during the American Civil War take place?,"['Corinth, Mississippi']","['Corinth, Mississippi']","The query asks for the location of the 'battle of corinth,' but does not specify which historical instance of the battle is being referenced. There are multiple battles named 'Corinth' throughout history (e.g., 1827 Greek War of Independence, 1862 American Civil War, 4th century BCE Persian Wars), each occurring at different geographic locations. The lack of contextual detail (date, conflict, etc.) makes the query ambiguous and unable to yield a definitive answer without further specification.",1.0,1,1.0,"['Corinth, Mississippi']",1,1.0,1.0
how many states have a cracker barrel restaurant,How many U.S. states have a Cracker Barrel restaurant?,['43'],['45'],"The query asks for the number of 'states' with a Cracker Barrel restaurant. While Cracker Barrel is a U.S.-based chain, the term 'states' could ambiguously refer to any sovereign entity (e.g., Canadian provinces, Australian states). Additionally, the query does not explicitly clarify whether it is restricted to the United States or includes international locations. This omission introduces uncertainty about the geographic scope of the inquiry.",0.0,0,0.0,['45'],0,0.0,0.0
who played in last train from gun hill,Who played in the movie Last Train From Gun Hill?,"['Kirk Douglas' 'Anthony Quinn' 'Carolyn Jones' 'Earl Holliman'
 'Brian G. Hutton' 'Brad Dexter' 'Ziva Rodann' 'Val Avery' 'Bing Russell'
 'Walter Sande']",['- Kirk Douglas  \n- Anthony Quinn  \n- Carolyn Jones  \n- Earl Holliman'],"The query is ambiguous due to several factors. First, 'Last Train From Gun Hill' is not a widely recognized title, and its exact meaning or context is unclear. Second, the phrasing 'who played in...' suggests a request for actor names associated with a specific work (e.g., a movie or TV episode), but the lack of clarity around the subject matter (title, genre, or context) prevents precise identification of the intended reference. Additionally, 'Gun Hill' may refer to a fictional location, a real-world landmark, or a metaphorical concept, further complicating interpretation.",0.4,0,0.75,['Kirk Douglas' 'Anthony Quinn' 'Carolyn Jones' 'Earl Holliman'],1,1.0,1.0
what is the role of the civil service commission,What is the general role of a civil service commission?,"['to regulate the employment and working conditions of civil servants, oversee hiring and promotions, and promote the values of the public service']","['- Ensure merit-based recruitment and promotion in the civil service.  \n- Oversee adherence to civil service rules and regulations.  \n- Investigate complaints and address grievances related to civil service.  \n- Promote efficiency, integrity, and accountability in public service.']","The query asks about the 'role' of the 'civil service commission', which is a broad term that could refer to different governmental bodies in various countries (e.g., USA, UK, Canada). While the U.S. Civil Service Commission is the most widely recognized entity, the absence of explicit geographic or contextual clarification creates ambiguity. Without specifying a jurisdiction, the response may not align with the user's intent, making the query potentially underspecified.",0.3461538462,0,1.0,"['Oversee the hiring and employment practices of government employees.'
 'Ensure merit-based recruitment and promotions.'
 'Address employee grievances and disciplinary actions.'
 'Promote fairness and transparency in public service.']",0,0.3703703704,0.75
who issued ashwamedha coins after performing ashvamedha sacrifice,Which Gupta emperor issued coins commemorating the Ashvamedha sacrifice he performed?,['Samudragupta'],['Gupta rulers like Samudragupta and Kumaragupta I'],"The query combines elements of Hindu rituals (Ashvamedha sacrifice) and numismatics (coins). However, 'ashwamedha coins' is not a recognized historical term. The Ashvamedha ritual was a sacred ceremonial practice performed by kings, while coinage was typically managed by state authorities. The query lacks critical temporal and contextual information: (1) Which specific Ashvamedha sacrifice is being referenced? (2) Are these coins from a specific dynasty or region? (3) Is there a documented association between Ashvamedha sacrifices and coin issuance? Additionally, the phrasing implies a causal relationship between the ritual and coinage that is not supported by historical evidence.",0.25,0,0.5,['Samudragupta'],1,1.0,1.0
what was the biggest tank in world war 2,What was the heaviest tank designed and built during World War 2?,['Panzerkampfwagen VIII Maus'],['The German Panzer VIII Maus.'],"The query asks for the 'biggest' tank in World War 2, but 'biggest' is ambiguously defined. It could refer to size (length/width), weight,装甲厚度,火力, or other metrics. While historically the Soviet IS-3 or German Tiger II are frequently cited as the largest tanks, the lack of explicit criteria (e.g., 'heaviest', 'longest', or 'most powerful') leaves the question open to interpretation. Additionally, 'world war 2' refers to a broad timeframe (1939–1945) with no further narrowing of geographic or military focus.",0.5714285714,0,1.0,['The German Panzer VIII Maus.'],0,0.5714285714,1.0
who was allowed to vote in the roman republic,What was the fundamental legal status required for individuals to possess voting rights in the Roman Republic?,['citizens'],['Free male Roman citizens.'],"The query seeks information about voting eligibility in the Roman Republic. While the core topic (the Roman Republic) is clearly defined, critical contextual details are missing. Specifically, the query does not clarify whether it refers to the broader citizen population, exclusive groups (e.g., senators, knights), or specific institutions (e.g., the Comitia Centuriata). Historical nuances such as gender, class (patricians vs. plebeians), citizenship status, or regional variations (e.g., differences between Italy and colonies) are also unresolved. Without these parameters, the answer risks being overly broad or incomplete.",0.4,0,0.75,['Roman citizenship'],0,0.0,1.0
where is the second largest mall in america,Where is the mall that is currently ranked as the second largest in the United States by gross leasable area?,"['Aventura, Florida']","['King of Prussia Mall, Pennsylvania']","The query is underspecified because it fails to define key parameters required to identify the 'second largest mall.' The term 'largest' could refer to square footage, number of stores, revenue, or another metric, none of which are clarified. Additionally, the scope of 'America' is ambiguous (United States vs. broader regions) and no temporal reference is provided (current rankings vs. historical data). These ambiguities prevent a definitive answer.",0.0,0,0.0,"['King of Prussia, Pennsylvania']",0,0.0,0.0
what is loihi and where does it originate from,What is the Loihi submarine volcano and where is it located?,['an active submarine volcano about 35 km (22 mi) off the southeast coast of the island of Hawaii'],"['- ""Loihi"" refers to Lōʻihi Seamount, an underwater volcano.\n- It originates from the seafloor southeast of the Big Island of Hawaii.']","The query asks for the definition of 'loihi' and its origin. While 'Loihi' may refer to the underwater火山 (volcano) known as Loihi Seamount in the Pacific Ocean near Hawaii, the term could also refer to other entities (e.g., a brand, technology, or cultural concept). Without contextual clues specifying the domain (geology, technology, etc.), the query remains ambiguous. Additionally, 'originate from' could imply either a physical source (like the ocean floor) or a conceptual/biological origin (e.g., a species or human invention). The lack of specificity in the query means multiple plausible answers exist depending on interpretation.",0.375,0,1.0,"['The Loihi submarine volcano is an underwater volcano.'
 'It is located off the southeast coast of the Big Island of Hawaii.']",0,0.5384615385,0.5
who is the first indian woman to be canonized as a saint,Who is the first Indian woman to be canonized as a saint by the Roman Catholic Church?,"['Saint Alphonsa, F.C.C., (born Anna Muttathupadathu; 19 August 1910 – 28 July 1946)']",['Saint Alphonsa'],"The query seeks to identify the first Indian woman recognized as a saint through canonical processes. While the term 'saint' often implies the Roman Catholic Church's canonization, the query does not explicitly specify the religious tradition (e.g., Catholicism vs. Hinduism). Additionally, while the Catholic Church has canonized individuals, historical records show that the first Indian woman formally canonized as a saint is likely St. Maria Skobtsova (1947), but this requires contextual validation. Without clarifying the religious framework or confirming historical accuracy, the query risks ambiguity due to potential interpretations across denominations.",0.2666666667,0,1.0,['Saint Alphonsa'],0,0.2666666667,1.0
where does the un security council get troops for military actions,"When the UN Security Council authorizes military actions, how are the necessary troops typically provided?",['contributed by member states on a voluntary basis'],"[""From member states' voluntary contributions.""]","The query assumes the UN Security Council possesses its own military force, which is incorrect. The UN Security Council is a political body responsible for maintaining international peace and security, but it does not have standing armies. Military actions authorized by the Council typically involve member states contributing troops via peacekeeping missions (e.g., UN peacekeepers) or joint operations under resolution mandates. The confusion arises from conflating the Council's authority with direct control over military resources. The query lacks specificity regarding whether it refers to peacekeeping operations, sanctions enforcement, or other forms of military intervention, and fails to clarify the distinction between the Council's diplomatic role and the involvement of member state militaries.",0.5,0,1.0,['Troops are typically provided by member states on a voluntary basis.'],0,0.7058823529,1.0
who kicks the ball first to start a football game,"In American football, which team kicks the ball first to start the game?",['awarded to the team that lost the pre-game coin toss'],['The team that wins the coin toss decides who kicks off first.'],"The query does not specify the type of football being referenced (e.g., American football, soccer, rugby). In American football, the opening kickoff is determined by a coin toss, while in soccer, the game begins with a drop-kick from the center spot. Without clarifying the sport, the answer depends on contextual assumptions, leading to potential ambiguity.",0.4444444444,0,0.25,['The team that loses the coin toss or is chosen by the coin toss winner.'],0,0.4,0.75
where was a time for choosing speech given,"Where was Ronald Reagan's ""A Time for Choosing"" speech given?","['Los Angeles County, California, U.S.']","['The speech was given at the Republican National Committee fundraiser in Los Angeles, California.']","The query references 'a time for choosing speech,' which likely refers to a specific historical speech (e.g., Senator Robert A. Taft's 1950 address or later political rhetoric), but the phrasing is ambiguous. Key issues include: 1) Uncertainty about which specific speech is being referenced (multiple events/speakers share similar titles), 2) Ambiguity around 'where'—does it refer to geographic location, historical context, or origin/source?, and 3) Lack of clarity on the intended scope (e.g., first delivery, notable rendition, etc.). Without additional constraints, the query cannot be uniquely resolved.",0.3529411765,0,0.75,"['Los Angeles, California']",0,0.75,0.5
where did the idea of democracy come from,Where and when did the idea of democracy first originate?,['in ancient Athens circa 508 B.C.'],"['- Ancient Greece, particularly Athens in the 5th century BCE.']","The query asks for the origin of the concept of democracy, but it lacks specificity regarding temporal scope (e.g., ancient vs. modern), geographic context (e.g., Ancient Greece, Rome, or other civilizations), or definitional criteria (e.g., direct democracy vs. representative democracy). Multiple plausible answers exist depending on these unspecified factors, leading to ambiguity in the required response.",0.4285714286,0,1.0,"['Ancient Athens, Greece, around the 5th century BCE.']",0,0.3076923077,1.0
the first vice president of india who become the president letter was,Who was the first Vice President of India to later become President?,['Sarvepalli Radhakrishnan'],['Dr. Sarvepalli Radhakrishnan'],"The query contains multiple ambiguities. First, 'letter was' appears out of context and likely represents a grammatical error or typos (e.g., 'election', 'term', or 'appointed'). Second, the structure 'who become the president letter was' is nonsensical and does not clearly convey intent. The core intent may be to identify the first Indian Vice President who later became President, which is historically accurate for Sarvepalli Radhakrishnan. However, the query's fragmented syntax and unclear phrasing prevent definitive interpretation.",0.8,0,1.0,['Sarvepalli Radhakrishnan'],1,1.0,1.0
when does the next apollo book come out,"When does The Trials of Apollo, Book Three: The Burning Maze come out?","['May 1, 2018']",['No official release date for the next Apollo book has been announced as of October 2023.'],"The query lacks specificity regarding which 'Apollo' book is being referenced. There may be multiple works titled 'Apollo' (e.g., books by authors with the same name, titles from different genres/publishers, or parts of a series). Additionally, 'next' implies urgency but does not clarify the publication schedule or source (e.g., author, publisher, platform). Without further contextual details, the query cannot be resolved uniquely.",0.0,0,0.0,"['May 1, 2018']",1,1.0,1.0
who has played raoul in phantom of the opera,"Which actors have portrayed Raoul in Andrew Lloyd Webber's stage musical 'The Phantom of the Opera', specifically referring to the original Broadway cast, the 25th Anniversary Concert at the Royal Albert Hall, and a notable long-running Broadway engagement?",['Steve Barton' 'Tim Martin Gleason' 'Hadley Fraser'],['- Steve Barton  \n- Patrick Wilson  \n- Hadley Fraser  \n- Simon Bowman  \n- Michael Ball  \n- Ramin Karimloo  \n- John Barrowman  \n- Gary Mauer  \n- Killian Donnelly  \n- Jordan Donica'],"The query asks for actors who have portrayed Raoul in 'Phantom of the Opera.' While the title and character are clearly defined, the term 'Phantom of the Opera' refers to multiple adaptations (e.g., musical theater productions, films, TV shows). The query does not specify which particular adaptation or version of the play is being referenced. Additionally, without constraints on time period, production venue (e.g., Broadway, West End, tour), or medium (stage vs. screen), the answer would include numerous actors across different contexts. This lack of specificity prevents the query from yielding a unique or definitive answer.",0.1818181818,0,0.5,['- **Original Broadway Cast**: Steve Barton  \n- **25th Anniversary Concert at the Royal Albert Hall**: Hadley Fraser  \n- **Notable Long-Running Broadway Engagement**: Hugh Panaro'],0,0.1818181818,1.0
who's flag is red white and green,"Which country has a flag with three horizontal stripes, with red on top, white in the middle, and green on the bottom?",['Hungary'],['- Italy  \n- Mexico  \n- Hungary  \n- Bulgaria  \n- Iran  \n- Madagascar  \n- Tajikistan  \n- Burundi  \n- Oman  \n- Maldives'],"The query asks for the name of a nation whose flag contains the colors red, white, and green. While there are several flags with these colors (e.g., Saint Vincent and the Grenadines, Montserrat), the combination is non-unique. Without additional details such as the arrangement of colors, geographic location, or other distinguishing features, the query cannot definitively identify a single entity. This ambiguity makes the query underspecified.",0.1818181818,0,0.25,['Hungary'],1,1.0,1.0
what information is displayed in clear text from the ftp header,"In a standard FTP (File Transfer Protocol) session, what information is transmitted in clear text?",['all transmissions'],['Username' 'Password' 'Commands' 'Responses'],"The query is ambiguous due to the undefined term 'ftp header'. FTP (File Transfer Protocol) does not inherently have 'headers' like HTTP protocols. Possible interpretations include: 1) FTP server response lines (e.g., 220 OK, 550 File not found), 2) Email-related headers via FTP (unlikely), or 3) Metadata from FTP commands (e.g., FILETYPE, SIZE). The lack of specificity regarding the context, technical definition, or scope of 'ftp header' makes the query unable to be fully resolved without additional clarification.",0.0,0,0.25,['Username' 'Password' 'Commands' 'File data'],0,0.0,0.25
what was the name of the first continent,What was the name of the supercontinent that formed before the current continents drifted apart?,['Pangaea'],['Pangaea'],"The query lacks specificity regarding the criteria for determining 'the first continent.' It could refer to: (1) the earliest named continent in human history (e.g., 'Eurasia' in ancient times), (2) the oldest geological supercontinent (like Vaalbara, formed 3.6 billion years ago), or (3) the first continent recognized by modern geography. The absence of contextual clues about which definition is intended renders the query ambiguous.",1.0,1,1.0,['Pangaea'],1,1.0,1.0
vikram samvat calender is official in which country,Which country officially uses the Vikram Samvat calendar as its national calendar?,['Nepal'],['India'],"The query asks about the country where the Vikram Samvat calendar is 'official.' While Vikram Samvat is a traditional Hindu calendar historically used in parts of India (e.g., Rajasthan), it is not universally recognized as an official national calendar in any sovereign nation. The term 'official' implies legal recognition by a government, which is absent for Vikram Samvat globally. Additionally, the query lacks clarity on whether it seeks regional usage (e.g., states within India) or international adoption. This ambiguity makes the query underspecified due to potential misinterpretation of 'official' and geographic scope.",0.0,0,0.0,['Nepal'],1,1.0,1.0
an story of country folk slogan used to describe the archers,What is the well-known slogan or catchphrase that describes the BBC radio drama 'The Archers' as being an everyday story of country folk?,['an everyday story of country folk'],"[""'The nation's favourite'""]","The query contains ambiguities and missing contextual clues. 'Country folk' is vague (e.g., rural peasants vs. cultural archetype), 'slogan' implies brevity but no constraints on length or purpose, and 'archers' could refer to literal archery enthusiasts or metaphorical figures. The phrase 'story of country folk' suggests either a narrative or a collection of anecdotes, yet the connection to 'slogan' remains unclear. No temporal, cultural, or thematic boundaries are provided to constrain the search space.",0.0,0,0.0,['An everyday story of country folk.'],1,1.0,1.0
who cooks for the president of the united states,What is the official title of the individual primarily responsible for preparing meals for the President of the United States at the White House?,['White House Executive Chef'],['The White House Executive Chef and their team.'],"The query seeks to identify the individual(s) responsible for preparing meals for the U.S. president. While the general subject (president) is clear, the query lacks critical temporal or contextual details. The role of 'chef' may refer to the Chief Hospitality Officer at the White House, who oversees meal preparation, or specific individuals like the Head Chef. Additionally, the term 'cooks' could imply multiple personnel (e.g., kitchen staff, servers). Without specifying a particular president, administration, or time frame, the answer would require clarification to avoid ambiguity. The query also omits geographical context (e.g., Washington D.C.) though this is implicit.",0.7272727273,0,1.0,['White House Executive Chef'],1,1.0,1.0
when did movies start coming out in color,When were commercial color film processes widely introduced for mainstream cinematic releases?,['introduced around 1940'],"[""The first color films appeared in the early 1900s, with 'A Visit to the Seaside' (1908) being one of the earliest examples.""]","The query asks for the origin of彩色电影 (color movies), which requires defining key terms such as 'movies' (e.g., cinematic works vs. experimental films) and 'color' (e.g., technical standards like Technicolor vs. digital color grading). Additionally, the timeline may vary by region (e.g., Hollywood vs. European cinema) and the criteria for 'starting' (first experiment vs. commercial adoption). While the core intent is clear, ambiguities exist regarding scope, technical definitions, and contextual boundaries.",0.0,0,0.0,['1930s'],0,0.0,0.25
when does like cage season 2 come out,When did Marvel's Luke Cage season 2 come out?,"['June 22, 2018']","[""Season 2 of 'Luke Cage' was released on June 22, 2018.""]","The query is ambiguous due to the non-standard title 'Like Cage' (potentially a misspelling or alternative reference to 'The Cages', a reality TV series). Even if interpreted as a valid show, the lack of contextual information (e.g., network, production details) and the possibility of multiple shows with similar names renders the request unclear. Additionally, no explicit references to existing media releases or publication dates are provided.",0.4285714286,0,1.0,"['June 22, 2018']",1,1.0,1.0
what is the definition of glory in the bible,"In the Bible, what is the definition of glory when it signifies the manifestation of God's presence?","[""the manifestation of God's presence as perceived by humans""]","[""Glory in the Bible refers to the manifestation of God's presence, majesty, and divine attributes, often symbolizing honor, praise, and splendor.""]","The query seeks a definition of 'glory' within the context of the Bible. While the term 'glory' appears frequently in Biblical text (e.g., Isaiah 6:3, Psalm 27:4), its meaning varies across contexts: divine majesty (Exodus 15:10), human honor (Psalm 8:1), or supernatural manifestations (Matthew 28:1-2). The query lacks specificity regarding which aspect of 'glory' (divine, human, spiritual) or which biblical passages to focus on. Additionally, 'definition' could refer to theological interpretation, linguistic usage, or cultural significance, all of which require further clarification.",0.2962962963,0,0.75,"[""Glory refers to the visible or tangible manifestation of God's presence, majesty, and divine attributes.""]",0,0.3636363636,0.75
when was the term prime minister first used,"When was the term ""prime minister"" first used in England?",['1624'],"[""The term 'prime minister' was first used in the 17th century in England.""]","The query seeks historical information about the origins of the term 'prime minister.' While the term is widely associated with British governance, its usage varies by country and context. For example, the role exists under different names (e.g., 'chancellor' in Germany) and timelines differ across nations. The absence of specificity regarding geographic or institutional context renders the query ambiguous, as the answer depends on the intended jurisdiction or historical period.",0.0,0,0.25,"[""The term 'prime minister' was first used in England in the 17th century, during the late 1600s.""]",0,0.0,0.0
what are some elements that are similar to silver,What are some elements that are in the same group of the periodic table as silver?,['copper (Cu)' 'gold (Au)'],['Gold' 'Copper' 'Platinum' 'Palladium' 'Rhodium'],"The query asks for elements similar to silver but does not define 'similar' by any specific criteria (e.g., chemical properties, physical attributes, periodic table grouping, or electronic configurations). While silver (element 47) is in Group 11 of the periodic table, 'similarity' could refer to elements in the same group (e.g., copper, gold), transition metals with analogous properties, or elements sharing certain characteristics like conductivity or malleability. The lack of explicit parameters makes the query ambiguous and open to multiple interpretative frameworks.",0.6666666667,0,1.0,['Copper (Cu)' 'Gold (Au)' 'Roentgenium (Rg)'],1,1.0,1.0
calpurnia son name in to kill a mockingbird,"What is the name of Calpurnia's son in Harper Lee's novel, *To Kill a Mockingbird*?",['Zeebo'],['Zeebo'],"The query asks for the name of Calpurnia's son in *To Kill a Mockingbird*. However, in the novel, Calpurnia is portrayed as a Black housemaid for the Finch family, and her personal life—including relationships or children—is never explicitly detailed. The text focuses on Scout, Jem, and Atticus Finch, while Calpurnia’s role is primarily as a figure of racial tension and moral complexity. Since the book does not mention Calpurnia having a son, the query relies on external assumptions rather than textual evidence. The lack of explicit information makes the query underspecified.",1.0,1,1.0,['Zeebo'],1,1.0,1.0
when was child benefit paid for the first child,"In the UK, when was the Child Benefit scheme, which included payments for the first child, introduced through legislation?",['1975'],['Child Benefit was introduced in the UK on 4 April 1977.'],"The query seeks the specific date or timeframe when Child Benefit (a UK government payment) was initially provided for the first child. While 'child benefit' refers to a well-defined policy, the phrase 'for the first child' introduces ambiguity. The query could be interpreted as asking for the introduction date of the program (e.g., 1948), the first instance of payment for a first child, or the earliest annual payout. Without specifying jurisdiction, currency, or additional contextual constraints (e.g., tax year, regional variation), the query lacks clarity. However, given the standard interpretation of 'child benefit' as a national policy, the core intent appears focused on its inception date, which is sufficiently defined by the term itself.",0.0,0,0.0,['1977'],0,0.0,0.0
when did the ship hector arrived in pictou,"In what year did the Ship Hector, carrying Scottish immigrants, arrive in Pictou, Nova Scotia?",['1773'],"['September 15, 1773']","The query seeks information about the arrival date of a ship named 'Hector' in Pictou. While the core components (subject: ship Hector; verb: arrived; object: Pictou) are present, critical ambiguities exist. There may be multiple ships named 'Hector' historically, and Pictou is a small coastal community with limited maritime records. The absence of temporal constraints (e.g., year, voyage number) or contextual clues (e.g., military, commercial, or historical significance) means the query lacks sufficient specificity to uniquely identify the intended reference. Additionally, the phrasing 'arrived in pictou' assumes familiarity with the port or harbor infrastructure, which may not be universally understood.",0.5,0,1.0,['1773'],1,1.0,1.0
who won battle of the sexes tennis game,"Who won the 1973 ""Battle of the Sexes"" tennis match between Billie Jean King and Bobby Riggs?",['Billie Jean King'],['Billie Jean King'],"The query references 'battle of the sexes' as a tennis game, but this phrase is ambiguous without specifying which particular match or historical event is being referenced. While 'Battle of the Sexes' has been used colloquially to describe competitive matchups (e.g., between male and female athletes), it does not correspond to a single well-defined tennis tournament or match. Additionally, no contextual details (date, participants, tournament) are provided to narrow down the reference. This ambiguity prevents unambiguous identification of the 'winner'.",1.0,1,1.0,['Billie Jean King'],1,1.0,1.0
spyder from once upon a time in venice,Who played the character Spyder in the film Once Upon a Time in Venice?,['Jason Momoa'],['Spyder is a character played by Jason Momoa in the movie *Once Upon a Time in Venice*.'],"The query contains ambiguous references. 'Spyder' is not a recognized character in the 2013 film 'Once Upon a Time in Venice,' which features Penélope Cruz as Laura. While 'Spyder' may colloquially refer to Spider-Man (a Marvel superhero), this connection is tenuous and unrelated to the film. Additionally, 'Once Upon a Time in Venice' is a distinct title from other works featuring 'Spyder.' Without explicit clarification on the intended subject (e.g., a character, song, or cultural reference), the query lacks sufficient specificity to yield precise results.",0.25,0,0.75,['Jason Momoa'],1,1.0,1.0
why did ric flair go back to wcw,When did Ric Flair make his first return to World Championship Wrestling (WCW) after leaving the World Wrestling Federation (WWF)?,['February 1993'],"['- Ric Flair returned to WCW in 1993 due to creative differences and disputes with WWE (then WWF) management, particularly Vince McMahon.']","The query is underspecified due to several ambiguities: 1) Ric Flair (real name Paul Heyman) has been associated with multiple wrestling organizations throughout his career, including WWWF (WWF), WCW, and WWE. The query does not clarify which incarnation of WCW (e.g., pre-2001, post-folding) is being referenced. 2) There is no single 'return' to WCW; Flair's career involved multiple transitions between promotions, some of which were temporary or symbolic. 3) The query lacks temporal context - Flair's association with WCW occurred during different periods (e.g., 1987-1994, 1995-1996). Without specifying a particular timeframe or event, the answer depends on interpretation.",0.0869565217,0,0.25,"['Ric Flair made his first return to WCW on November 19, 1993.']",0,0.1428571429,0.0
when was the last time the military drafted,When was the last time the United States military conducted a compulsory draft?,['1973'],['1973'],"The query lacks specificity regarding which country's military system is being referenced. Drafting practices vary significantly across nations (e.g., the U.S. ended compulsory military drafting in 1973, while countries like North Korea or Israel maintain active conscription). Additionally, 'draft' could refer to historical conscription, current mandatory enlistment, or even non-mandatory recruitment programs. Without clarifying the geographic scope or contextual definition of 'draft,' the query cannot yield a definitive answer.",1.0,1,1.0,['1973'],1,1.0,1.0
what is cost of first class mail stamp,What is the cost of a First-Class Mail Forever stamp for a 1-ounce domestic letter?,['.49'],['The cost of a first-class mail stamp is $0.66 as of October 2023.'],"The query asks for the cost of a 'first class mail stamp,' but critical parameters are missing. 'First class mail' typically refers to standard postal service, which has varying rates based on weight, distance, and country. However, the query does not specify: 1) the weight of the item being mailed, 2) the origin and destination locations (which affect pricing), 3) whether it's domestic or international, or 4) the currency. Additionally, 'stamp' could refer to either the physical postage stamp or the monetary value of postage. Without these specifications, the request cannot be accurately answered.",0.0,0,0.0,['$0.66'],0,0.0,0.0
when did the military plane crash in mississippi,"When did the military plane crash in Mississippi on Monday, July 10, 2017?","['around 4 P.M.[1][2] on Monday, July 10, 2017']","['July 10, 2017']","The query asks for the timeframe of a military plane crash in Mississippi. While it specifies 'military plane' and 'mississippi', these terms are broad. There may be multiple instances of military aircraft accidents in Mississippi across different dates. The lack of additional qualifiers (e.g., specific airport, aircraft model, year, or event) means the query could refer to multiple events, making it impossible to definitively narrow down to a single answer without further context.",0.5454545455,0,0.75,"['Monday, July 10, 2017']",0,0.6666666667,0.5
when does the next season of wynonna earp start,In what year did the third season of the 2016 Wynonna Earp series premiere?,['2018'],['There are no plans for a new season of Wynonna Earp as of now.'],"The query asks for the start date of the 'next' season of 'Wynonna Earp'. While the show title is explicitly stated, the query lacks critical context such as the specific iteration of the show (e.g., the 2016 series vs. a potential reboot), its production status (whether a new season is already in development), and the network/platform airing it. Without additional details, the request relies on external knowledge (e.g., current scheduling) that may not be universally applicable or accurate. This creates ambiguity about what constitutes the 'next' season, especially if multiple versions exist or if the show has been canceled/rebooted.",0.0,0,0.0,['2018'],1,1.0,1.0
what are some special products made in mississippi,What is a primary agricultural product for which Mississippi is the leading U.S. producer?,['farm-raised catfish'],"['- Catfish  \n- Sweet potatoes  \n- Furniture  \n- Shipbuilding (e.g., military ships)  \n- Blues music and cultural artifacts  \n- Pecan products  \n- Paper and wood products']","The query asks for 'special products' from Mississippi, but the term 'special' is ambiguous and not explicitly defined. 'Special' could relate to cultural heritage, economic significance, uniqueness, or historical importance, but the query does not specify criteria for categorization. Additionally, while Mississippi is geographically well-defined, the lack of temporal or contextual constraints (e.g., historical vs. contemporary, industrial vs. artisanal) leaves room for multiple interpretations. This ambiguity prevents the query from being precise enough to yield a definitive answer.",0.0952380952,0,0.75,['Catfish'],0,0.6666666667,0.75
in 1973 congress passed the war powers resolution to,What was the primary purpose for which Congress passed the War Powers Resolution in 1973?,"[""check the president's power to commit the United States to an armed conflict without the consent of the U.S. Congress""]","[""Limit the president's ability to commit U.S. forces to armed conflicts without congressional approval.""]","The query appears to be incomplete, ending with the word 'to' without specifying the intended action, purpose, or outcome of the War Powers Resolution passage. While the factual context (Congress passing the War Powers Resolution in 1973) is clear, the question lacks a critical component: the specific inquiry being addressed (e.g., 'to limit presidential power', 'to authorize military actions', or 'to require congressional approval'). The ambiguity stems from the absence of a well-defined question stem beyond the event description.",0.5,0,1.0,"[""To limit the president's ability to commit U.S. forces to armed conflicts without congressional approval.""]",0,0.4827586207,1.0
when is the state of the union televised,At what time of day is the State of the Union address typically televised?,"['in the evening, after 9pm ET (UTC-5)']",['The State of the Union is typically televised in late January or early February.'],"The query asks for the timing of the 'state of the union' being televised, but it lacks critical specificity. The term 'state of the union' refers to an annual presidential address, which occurs every January (or February) during the U.S. congressional sessions. Without specifying a particular year, presidency, or context (e.g., a specific event), the query cannot be answered definitively. Additionally, while the general practice is to televise the speech as it occurs, the exact scheduling depends on political calendar variations and media agreements. The absence of temporal or contextual constraints makes the query underspecified.",0.1111111111,0,0.0,"['In the evening, typically around 9:00 PM ET.']",0,0.4615384615,1.0
when is the haunted mansion nightmare before christmas,"When is the Haunted Mansion Holiday overlay, themed to The Nightmare Before Christmas, typically available at Disneyland?",['from late-September through early January'],['The Haunted Mansion Holiday (Nightmare Before Christmas overlay) typically runs from mid-September through early January.'],"The query appears to combine two distinct titles ('Haunted Mansion' and 'Nightmare Before Christmas') without explicit clarification on the relationship between them. While both reference Disney films, the phrase suggests ambiguity: does the user seek release dates for both movies, details about their overlap (e.g., a themed event), or something else? Additionally, the lack of punctuation or separation between the terms creates uncertainty about whether the user intends to ask about two separate entities or a single combined concept. Without further context, the query fails to specify the exact intent or scope of the request.",0.4210526316,0,0.75,['Typically from mid-September through early January.'],0,0.7272727273,0.5
is a network connection device that can build tables that identify addresses on each network,What is a device or a configured computer that connects different networks and maintains routing tables to determine the optimal path for forwarding data packets?,['a router or a networked computer'],['Router'],"The query describes a device with two core functions: 1) acting as a 'network connection device' and 2) maintaining 'tables that identify addresses on each network'. While these traits align with a router (which manages routing tables for IP address mapping), the term 'network connection device' is overly general and could apply to switches, hubs, or even firewalls. Additionally, the phrase 'build tables that identify addresses' is imprecise—routing tables involve dynamic updates, while switches use static MAC address tables. The lack of specificity in terminology ('network connection device', 'build tables') prevents unambiguous identification of the device.",0.4,0,0.75,['Router'],0,0.4,1.0
who won the most gold metals in olympics,Which individual athlete has won the most gold medals in the history of the Olympic Games?,['American swimmer Michael Phelps'],['Michael Phelps'],"The query contains ambiguities: 'gold metals' likely refers to 'gold medals,' but the term 'metals' is non-standard. The question lacks clarity on whether it seeks a country (e.g.,USA) or individual (e.g.,Michael Phelps) with the most gold medals. It also fails to specify a timeframe (e.g.,modern vs ancient games), leading to potential misinterpretation.",0.6666666667,0,1.0,['Michael Phelps'],0,0.6666666667,1.0
what was generally the preferred way for european powers to control colonial regions,What was generally the preferred way during the colonial era for European powers to administratively control colonial regions?,['Indirect rule'],['Indirect rule.'],"The query asks about the 'preferred way' European powers used to control colonial regions, but it lacks critical specificity. Key ambiguities include: (1) temporal scope (e.g., during colonialism vs. post-colonial era), (2) geographic focus (e.g., African vs. Asian colonies), (3) definition of 'preference' (economic extraction vs. administrative governance), and (4) methodology (direct rule vs. indirect systems). While 'European powers' and 'colonial regions' provide broad context, the absence of temporal, regional, or methodological constraints means the question could be answered in multiple ways depending on interpretation.",1.0,1,1.0,['Indirect rule through local leaders and traditional structures.'],0,0.4,1.0
where does the phrase world without end come from,What is the specific biblical origin of the phrase 'world without end'?,['the King James Bible of the biblical phrase in saecula saeculorum in Ephesians 3:21'],"[""The phrase 'world without end' originates from the Latin phrase 'in saecula saeculorum,' used in Christian liturgy and scripture, often translated as 'forever and ever.'""]","The query seeks the origin of the specific phrase 'world without end.' While the phrase itself is concrete and unambiguous, the query lacks contextual clues (e.g., cultural, literary, or religious background) that might narrow down potential sources. Although the phrase is widely recognized in Christian tradition (e.g., linked to Psalms or hymns), the absence of explicit context could lead to multiple plausible answers. However, the core request is focused on the phrase's etymology, which is sufficiently defined by the wording alone.",0.2857142857,0,1.0,"[""The phrase 'world without end' originates from the King James Version of the Bible, specifically in Ephesians 3:21.""]",0,0.5925925926,1.0
what age do you need to be to buy a bb gun,What is the minimum age requirement to purchase a BB gun in the United States?,['18'],['- 18 years old in most places.  \n- Some areas may allow purchase at a younger age with parental consent.  \n- Laws vary by country and state.'],"The query asks for the legal age requirement to purchase a BB gun, but it lacks critical contextual information. Legal ages vary by jurisdiction (e.g., United States vs. United Kingdom), and even within regions, regulations may differ based on local statutes, type of BB gun (e.g., airsoft vs. standard BB guns), and additional requirements like parental consent or licensing. Without specifying a geographic location or regulatory framework, the query cannot be fully resolved.",0.0833333333,0,0.5,"['The minimum age requirement to purchase a BB gun varies by state, but it is typically 18 years old.']",0,0.1111111111,1.0
who used morse code in world war 2,"What specific types of military assets and facilities utilized Morse code for communication during World War II, particularly in naval operations?","['warships' 'naval bases'
 'warplanes, especially by long-range patrol planes that were sent out by those navies to scout for enemy warships, cargo ships, and troop ships']","['- Military forces (e.g., Allied and Axis powers)  \n- Spies and resistance groups  \n- Radio operators and signal corps']","The query seeks to identify individuals or groups that utilized Morse code during World War II. While the historical context is clear (World War II) and the technology (Morse code) is well-defined, the query lacks specificity regarding which actors (e.g., military branches, nations, specific roles) are being referenced. Additionally, 'used' could imply either individuals or organizational entities, creating potential ambiguity. Although the intended answer may broadly reference military personnel or communication units, the absence of narrowing criteria (e.g., 'military', 'nations', 'roles') leaves room for multiple interpretations.",0.0512820513,0,0.25,"['- Naval ships (e.g., battleships, destroyers, submarines)  \n- Shore-based naval communication stations  \n- Aircraft used in naval operations  \n- Signal lamps (e.g., Aldis lamps) on naval vessels  \n- Portable field radios used by naval personnel']",0,0.0754716981,0.75
where was the diary of a wimpy kid filmed,Where was the 2010 film adaptation of Diary of a Wimpy Kid filmed?,['Vancouver'],"['Vancouver, British Columbia, Canada']","The query asks about the filming location(s) of 'The Diary of a Wimpy Kid,' but does not specify which installment of the franchise (e.g., the 2010 film, 2014 sequel, or later adaptations). Different films may have been shot in distinct locations, and the absence of specificity leaves ambiguity about which production the user is referencing.",0.4,0,1.0,"['Vancouver, British Columbia, Canada']",0,0.4,1.0
who is playing halftime at the pro bowl,Who is performing at the Pro Bowl halftime show?,['Jordan Fisher'],['The halftime performer for the Pro Bowl has not been announced.'],"The query is ambiguously worded. 'Playing' could refer to (1) active participants in the game during halftime (which is unclear since halftime involves a pause), (2) halftime show performers, or (3) specific roles/events associated with the Pro Bowl. Additionally, the Pro Bowl is a singular event with fixed schedules, but the query lacks specificity about whether it refers to player activity, entertainment, or another aspect. The ambiguity around 'playing' and the absence of contextual clarification (e.g., 'show', 'event', or 'team') prevent a definitive answer.",0.0,0,0.0,['The performer for the Pro Bowl halftime show has not been announced.'],0,0.0,0.0
who won last year's ncaa women's basketball,Who won the 2022 NCAA Women's Basketball Championship?,['South Carolina'],['LSU Tigers'],"The query asks for the winner of 'last year's' NCAA Women's Basketball tournament. While the sport and competition type are clearly defined, the phrase 'last year' introduces temporal ambiguity. Without additional context (e.g., the specific year referenced), the query depends on external knowledge of the current date to interpret 'last year.' This reliance on implicit temporal context makes the query underspecified, as the exact year required to answer the question is not explicitly stated.",0.0,0,0.0,['South Carolina Gamecocks'],0,0.8,1.0
1. what was the precursor to the present day internet,What was the name of the foundational communication protocol suite that served as the primary precursor to the present-day internet?,['The Internet protocol suite (TCP/IP)'],['ARPANET'],"The query asks for the 'precursor' to the present-day internet, which refers to the foundational technological developments that enabled the modern internet. While ARPANET (launched in 1969) is widely recognized as the first operational packet-switched network and a key predecessor to the internet, the term 'precursor' could also encompass broader historical milestones such as early computer networking experiments (e.g., NPL Network), the development ofTCP/IP protocols, or even earlier innovations like packet switching theory by Paul Baran and Donald Davies. The ambiguity lies in defining 'precursor' as a singular entity versus a range of interconnected advancements, and the lack of specificity regarding temporal scope or technical criteria makes the query potentially underspecified.",0.0,0,0.5,['ARPANET'],0,0.0,0.0
who played the mad hatter in the batman tv show,Who played the Mad Hatter in the 1966 live-action Batman TV series?,['David Wayne'],['David Wayne'],"The query references 'the Batman TV show,' which is ambiguously defined as there are multiple iterations (e.g., 1960s live-action series, 1989-1995 animated series, 2012 DCU films, etc.). Additionally, the Mad Hatter is not a canonical character in the primary Batman lore, appearing only in衍生 works like 'Alice in Wonderland' (2010) or 'Batman: The Animated Series.' Without clarifying which specific TV show or media franchise the user refers to, the query lacks sufficient specificity to produce a precise answer.",1.0,1,1.0,['David Wayne'],1,1.0,1.0
the story of the persistent widow in the bible,"What is the specific biblical reference (Book, Chapter, and Verses) for the parable of the persistent widow, a narrative emphasizing perseverance in prayer?",['Luke 18:1-8'],"['The story of the Persistent Widow is found in Luke 18:1-8. It is a parable told by Jesus about a widow who persistently seeks justice from an unjust judge. Despite his reluctance, the judge eventually grants her request because of her persistence. The parable teaches the importance of persistent prayer and faith in God.']","The query refers to a biblical narrative often attributed to the Gospels (specifically Matthew 25:30-40) as a parable about perseverance in prayer. While 'persistent widow' is a common identifier for this story, the query lacks specificity regarding the exact Book/Chapter/Verse reference, potential variations across Christian traditions, or contextual nuances (e.g., comparison to Luke 18:1-8). The term 'biblical' is broad and could encompass different canonical sources, though the most widely recognized version is in Matthew. Without explicit citation, the query risks ambiguity.",0.0833333333,0,1.0,['Luke 18:1-8'],1,1.0,1.0
who gets the golden boot if its a tie,"In the Premier League, if multiple players finish the season with the same number of goals, who is awarded the Golden Boot?",['shared'],"['- The player with the most assists.\n- If still tied, the player with the fewest minutes played.']","The query asks about the outcome of the 'Golden Boot' award in the event of a tie. While the Golden Boot typically refers to the top scorer in a soccer league (e.g., UEFA Champions League, FIFA World Cup), the question lacks critical contextual details: (1) Which specific competition/tournament? (2) What tie-breaking rules apply (e.g., head-to-head records, goal difference, total goals)? (3) Are multiple players tied, or is this a single-player decision? Without specifying these parameters, the answer depends on unenumerated rules varying across competitions, making the query ambiguous.",0.0,0,0.0,['All tied players share the Golden Boot.'],0,0.0,1.0
who plays colin on young and the restless,Who currently plays Colin Atkinson on The Young and the Restless?,['Tristan Rogers'],['Andrew Elvis Miller'],"The query specifies the TV show 'young and the restless' and the character name 'colin', which are sufficient to identify the actor. However, the term 'colin' may refer to multiple characters or actors depending on the timeline (e.g., different actors have portrayed Colin in different eras of the show). Additionally, the query lacks temporal specificity (current/previous seasons) and regional context (if applicable), which could affect the accuracy of the response. While the core elements are present, ambiguities exist due to potential changes in casting over time.",0.0,0,0.0,['Tristan Rogers'],1,1.0,1.0
who played amy grant i i can only imagine,Who played the character of Amy Grant in the movie 'I Can Only Imagine'?,['Nicole DuPort'],['Madeline Carroll'],"The query is ambiguously phrased. 'Amy Grant' likely refers to the singer Amy Grant, but the use of 'played' suggests the user may be seeking an actor who portrays a character named 'Amy Grant' in a movie/show. Additionally, 'i i can only imagine' appears to be a repetition of the song title 'I Can Only Imagine,' which is associated with Amy Grant. The lack of clarity around whether the user is asking about the real person (Amy Grant) or an actor扮演角色（如电影或电视剧中的角色）makes the query underspecified. Further context is needed to resolve the ambiguity.",0.0,0,0.0,['Nicole DuPort'],1,1.0,1.0
who owns the biggest house in beverly hills,Who currently owns the house with the largest square footage in Beverly Hills?,['Anthony Pritzker'],['Lachlan Murdoch'],"The query is underspecified because it lacks critical details needed to identify a unique answer. Key ambiguities include: 1) Definition of 'biggest' (square footage, price, luxury features, etc.), 2) Timeframe (current vs historical), 3) Legal status (primary residence vs investment property), and 4) Sources of authority (real estate records, public listings, etc.). Beverly Hills contains numerous high-value properties, and 'biggest' may refer to different metrics depending on context. Without explicit parameters, the query cannot yield a definitively singular answer.",0.0,0,0.0,"['As of October 2023, the owner of the house with the largest square footage in Beverly Hills is not publicly disclosed.']",0,0.0,0.0
where was the capital of the habsburg empire located,"What was the primary capital of the Habsburg Empire, accounting for any notable historical relocations?","['Vienna, except from 1583 to 1611,[2] when it was moved to Prague']","['Vienna, Austria']","The query seeks information about the capital of the Habsburg Empire. However, the term 'Habsburg Empire' refers to a historical coalition of kingdoms, principalities, and territories under Habsburg rule, which evolved over centuries. During different periods, the capital shifted between cities such as Vienna, Prague, and Budapest. Without additional contextual details (e.g., specific timeframe), the query lacks sufficient specificity to produce a definitive answer. The ambiguity arises because the Habsburg realm encompassed multiple distinct entities with varying political centers.",0.1428571429,0,0.5,['Vienna'],0,0.1538461538,0.5
where was when we first met netflix filmed,What was the primary filming location for the Netflix movie 'When We First Met'?,['New Orleans'],"['New Orleans, Louisiana, USA']","The query asks for the filming location of the Netflix series 'When We First Met.' While the title and platform (Netflix) are clearly specified, the query does not explicitly clarify whether it refers to the principal photography location, secondary filming sites, or the fictional setting of the show. Additionally, the term 'filmed' could refer to actual physical locations used during production rather than the story's fictional backdrop. However, given the context of a streaming platform inquiry, the query is sufficiently concrete to retrieve factual information about the show's production geography.",0.6666666667,0,1.0,"['New Orleans, Louisiana']",0,0.8,1.0
who is currently serving as president of the senate,"As of January 1, 2018, who was serving as the President pro tempore of the United States Senate?",['Orrin Hatch'],"['The Vice President of the United States, Kamala Harris.']","The query seeks information about the individual holding the title 'president of the senate' at the moment of inquiry. While the term 'senate' could theoretically apply to multiple legislative bodies (e.g., U.S. Senate, Canadian Senate, etc.), the absence of explicit geographic or institutional clarification introduces ambiguity. However, in standard political terminology, 'president of the senate' most commonly refers to the Vice President of the United States, who serves as the chairperson of the Senate. Although the query lacks specificity regarding jurisdiction, the term 'senate' alone may reasonably imply the U.S. context due to its widespread familiarity. Thus, while not entirely unambiguous, the query contains sufficient contextual clues to yield a definitive answer.",0.0,0,0.0,['Orrin Hatch'],1,1.0,1.0
what states do not allow daylight savings time,Which U.S. states and Native American nations within the United States do not observe Daylight Saving Time?,['Arizona' 'Navajo'],['Hawaii' 'Arizona (except the Navajo Nation)'],"The query asks for states that 'do not allow' Daylight Savings Time (DST), but it lacks critical contextual details. Key ambiguities include: (1) Whether 'states' refers strictly to U.S. states or includes territories like Guam or Puerto Rico, which also do not observe DST. (2) Whether the inquiry pertains to current federal mandates (e.g., Congress passing the Uniform Time Act) or individual state laws (e.g., Arizona's opt-out). (3) Whether 'allow' refers to statutory obligation, cultural practices, or political decisions. While common knowledge identifies Arizona and Hawaii as U.S. states that do not observe DST, the query's phrasing omits these clarifications, making it potentially misleading or incomplete.",0.4,0,1.0,"['- Arizona (except the Navajo Nation within Arizona)  \n- Hawaii  \n- Most Native American nations follow the state they are located in, but the Navajo Nation observes Daylight Saving Time.']",0,0.08,1.0
where are unipolar neurons found in spinal cord,Where are the central processes of pseudounipolar neurons located as they approach the spinal cord?,['the distal dorsal root'],['Unipolar neurons are found in the dorsal root ganglia of the spinal cord.'],"The query asks about the location of unipolar neurons within the spinal cord. While unipolar neurons (also termed 'pseudounipolar' due to their distinct morphology) are primarily associated with sensory pathways, their cell bodies reside in the dorsal root ganglia, which are external to the spinal cord. The query's specificity depends on whether 'spinal cord' refers strictly to its grey matter or includes adjacent structures like the dorsal root ganglia. Additionally, the use of 'unipolar' may cause confusion since true unipolar neurons are rare in vertebrates; most sensory neurons are pseudounipolar. This creates ambiguity about exact anatomical localization.",0.2857142857,0,0.5,['- In the dorsal root of the spinal nerve.'],0,0.4444444444,0.75
what is the job of justice of the peace,What is the general definition of the role of a Justice of the Peace?,"['a judicial officer, of a lower or puisne court, elected or appointed by means of a commission (letters patent) to keep the peace.']",['- Perform civil marriage ceremonies  \n- Administer oaths and affirmations  \n- Witness signatures on legal documents  \n- Handle minor legal disputes and small claims  \n- Issue warrants and summonses  \n- Preside over preliminary hearings in criminal cases'],"The query asks for the 'job' of a 'justice of the peace,' but fails to specify critical contextual details. The title 'justice of the peace' refers to varying roles across different legal systems (e.g., common law vs. civil law countries), jurisdictions (e.g., U.S. states vs. UK counties), and legal domains (e.g., criminal proceedings vs. administrative functions). Additionally, the term 'job' is vague—does it mean daily duties, statutory responsibilities, authority levels, or procedural roles? Without specifying geography, legal framework, or operational scope, the response would be incomplete or inaccurate.",0.0,0,0.25,"['A Justice of the Peace is a judicial officer authorized to perform minor legal duties, such as officiating weddings, witnessing documents, administering oaths, and handling minor civil or criminal cases.']",0,0.2608695652,0.5
who do the characters represent in 8 mile,Who is the main character of the semi-autobiographical film '8 Mile' based on in real life?,['loosely on Eminem'],"[""B-Rabbit (Eminem) represents Eminem's early life and struggles.""
 ""Future (Mekhi Phifer) represents Proof, Eminem's real-life friend.""
 ""Alex (Brittany Murphy) represents a composite of Eminem's past relationships.""
 ""Stephanie (Kim Basinger) represents Eminem's mother, Debbie Mathers.""
 ""Lily (Chloe Greenfield) represents Eminem's younger half-sister, Sarah Mathers.""]","The query asks about the representation of characters in the film '8 Mile,' but it lacks critical contextual details. While '8 Mile' is a semi-autobiographical film about DJ Premier (a real person) and his struggles in Detroit's hip-hop scene, the phrase 'represent' could refer to multiple interpretations: (1) real-life inspirations of the characters, (2) symbolic/social commentary within the narrative, or (3) cultural/urban representation themes. The query does not explicitly clarify which interpretation the user seeks, nor does it reference specific characters (e.g., Jimmy Smith, B-Law). This ambiguity prevents a definitive answer without further clarification.",0.1818181818,0,0.5,['Eminem'],0,0.5,0.75
when was the last god of war made,When was God of War: Ascension made?,"['March 12, 2013']","['November 9, 2022']","The query is ambiguous due to the phrase 'last God of War.' The term 'last' could refer to the most recently released game (e.g., ""God of War: Ragnarök"" from 2022), the final entry in a narrative arc (e.g., the 2018 reboot), or even a non-canon interpretation. Additionally, the series includes multiple iterations (e.g., 2014, 2018, 2022), and without clarification, it is unclear which iteration the user intends. The lack of specificity regarding the version or context makes the query underspecified.",0.0,0,0.0,"['March 12, 2013']",1,1.0,1.0
what is the strongest earthquake in the united states,What are the earthquakes with the highest magnitudes in the United States' history?,['1964 Alaska earthquake and tsunami' '1700 Cascadia earthquake'],['The 1964 Alaska earthquake (Magnitude 9.2)'],"The query is underspecified due to ambiguities in defining 'strongest.' Key uncertainties include: 1) Whether 'strongest' refers to maximum historical magnitude (e.g., Mw 9.2 1964 Alaska earthquake), 1906 San Francisco earthquake, or modern events; 2) Timeframe (all-time record vs. past century); 3) Definition of strength (Richter scale, felt area, energy release). These gaps prevent unambiguous identification of a single event.",0.6,0,1.0,"['- 1964 Alaska Earthquake: Magnitude 9.2  \n- 1965 Rat Islands, Alaska Earthquake: Magnitude 8.7  \n- 1957 Andreanof Islands, Alaska Earthquake: Magnitude 8.6  \n- 1946 Aleutian Islands, Alaska Earthquake: Magnitude 8.6  \n- 1906 San Francisco Earthquake: Magnitude 7.9']",0,0.1621621622,0.5
who dies at the end of den of thieves,What is the name of the character who dies at the end of the 2018 film Den of Thieves?,['Merrimen'],['Ray Merrimen'],"The query asks about the fate of a character in the movie 'Den of Thieves,' but the title is ambiguous as it could refer to multiple films (e.g., 2014's 'Den of Thieves' starring Christian Bale, 2016's 'Den of Thieves' starring Tom Hardy, or other adaptations). Additionally, the query does not clarify whether it seeks the name of the character or the actor, nor does it specify the film's release date or director. This ambiguity prevents a definitive answer.",0.6666666667,0,1.0,"[""Big Nick O'Brien""]",0,0.0,0.0
when does a building need a fire pump,"Under what specific hydraulic condition, related to the local municipal water system's pressure, is a fire pump required in a building to meet the fire sprinkler system's design requirements?",['the local municipal water system cannot provide sufficient pressure to meet the hydraulic design requirements of the fire sprinkler system'],"[""- When the building's water supply cannot provide adequate pressure to meet the fire protection system's requirements.  \n- When the building is high-rise (typically over 75 feet tall).  \n- When local fire codes or insurance requirements mandate it.  \n- When the fire protection system demands higher pressure than the municipal water supply can provide.""]","The query asks for general conditions under which a building requires a fire pump, but it lacks critical specifics such as building type (residential/commercial), occupant load, square footage, local fire code requirements, proximity to municipal water supply, or emergency services response time. These factors directly influence fire pump necessity according to international standards like NFPA 20 or local plumbing codes.",0.3548387097,0,1.0,"[""- When the local municipal water system's pressure is insufficient to meet the fire sprinkler system's design pressure requirements.""]",0,0.6060606061,1.0
where is net profit on the balance sheet,"Considering net profit is derived from the income statement rather than the balance sheet, where is net profit typically found on the income statement?",['on the bottom line of the report'],"['- Net profit is not directly on the balance sheet; it is found on the income statement. However, it contributes to retained earnings in the equity section of the balance sheet.']","The query asks about the location of 'net profit' on the balance sheet. However, net profit is a periodic measure of profitability derived from the income statement (revenues minus expenses), not the balance sheet. While net profit ultimately contributes to retained earnings (a component of shareholders' equity) on the balance sheet, the term 'net profit' itself is not explicitly displayed on the balance sheet. This confusion arises from conflating the income statement with the balance sheet. The query lacks specificity regarding whether the user understands the distinction between these statements or is seeking clarification on the relationship between net profit and retained earnings.",0.1290322581,0,0.5,"[""Net profit is typically found at the bottom of the income statement, often labeled as 'Net Income' or 'Profit After Tax.'""]",0,0.1666666667,1.0
right to property according to the constitution of india is a,"According to the Constitution of India, what is the classification of the right to property, considering its current status after the 44th Amendment Act of 1978?",['constitutional right'],['Legal right'],"The query appears to be an incomplete statement. The phrase 'is a' suggests the user may have intended to inquire about the classification (e.g., 'fundamental right', 'legal right') of the right to property under the Indian Constitution. However, the query is grammatically malformed and missing critical context to determine the exact nature of the inquiry. Additionally, historical clarification is needed, as the Right to Property was previously a Fundamental Right but was struck down by the 44th Amendment Act, 1978.",0.5,0,0.0,"['Right to property is a legal right, not a fundamental right.']",0,0.1818181818,0.5
who acts as the chairman of the election commission,Who acts as the Chief Election Commissioner of India?,['Achal Kumar Jyoti'],['The Chief Election Commissioner'],"The query asks for the current holder of a specific职位 (chairman of the election commission), but it does not specify which country's election commission is being referenced. Different nations have distinct electoral systems and governing bodies (e.g., United States Electoral Commission, India's Election Commission of India, etc.). The absence of geographic or institutional context creates ambiguity, making it impossible to definitively answer without additional constraints.",0.0,0,0.25,['Rajiv Kumar'],0,0.4,0.0
where is the protien made in the cell,"In a eukaryotic cell, where are the protein-containing ribosomal subunits assembled?",['in the cell nucleus'],['In the ribosomes'],"The query asks about the location of protein synthesis in a cell. While proteins are generally synthesized by ribosomes during translation, the specificity of the answer depends on contextual factors not provided. Key ambiguities include: 1) Whether the cell is prokaryotic or eukaryotic (prokaryotes have free ribosomes in cytoplasm; eukaryotes have both free ribosomes and ribosomes attached to ER membranes). 2) Whether the question refers to the entire cell or a specific sub-cellular compartment. 3) If 'protien' is intended as 'protein' (a spelling error). Without clarifying these aspects, the answer requires assumptions beyond the query's scope.",0.4,0,0.0,['Nucleolus'],0,0.0,0.5
who played lionel in as time goes by,Who played Lionel in the British television series As Time Goes By?,"['Geoffrey Dyson Palmer, OBE']",['Philip Bretherton'],"The query refers to a character named 'Lionel' in a work titled 'As Time Goes By'. However, the reference is ambiguous. 'As Time Goes By' is primarily known as a classic song from *Casablanca* (1942), which does not feature a character named Lionel. Additionally, there exists a British television series titled *As Time Goes By* (2017–2021), but it also does not include a character named Lionel. The query may involve a misspelling (e.g., 'Lionel' vs. 'Peter', the central character in the TV series), confusion between the song and its associated film, or references to lesser-known adaptations. Without clarification on the specific work or character, the query cannot be resolved definitively.",0.0,0,0.0,['Geoffrey Palmer'],0,0.6666666667,1.0
when do the walking dead comics come out,"What is the overall publication timeframe for The Walking Dead comic series, including all its spin-offs and related graphic novels?",['October 2003 – present'],['The Walking Dead comics originally ran from October 2003 to July 2019.'],"The query asks for the release schedule of 'The Walking Dead' comics, but it lacks critical specificity. The phrase 'come out' is vague and ambiguous—does it refer to monthly comic releases, annual collections, special edition launches, or other formats? Additionally, 'The Walking Dead' franchise includes multiple titles (e.g., main series, spin-offs, graphic novels) with varying release calendars. The query does not specify a particular title, issue, or timeline, making it impossible to provide a definitive answer without further context.",0.2666666667,0,0.25,['2003 to 2022'],0,0.2857142857,0.25
where was the witch of blackbird pond published,By what publisher was Elizabeth George Speare's 'The Witch of Blackbird Pond' originally published?,['Houghton Mifflin'],['The Witch of Blackbird Pond was published in the United States.'],"The query asks for the publication location of 'The Witch of Blackbird Pond.' While the title is specific, the absence of the author's name introduces potential ambiguity. This book is most famously authored by Elizabeth Moore, but other works with the same title exist (e.g., Elizabeth Cobbs' historical fiction). Without clarifying the author, the query risks retrieving incorrect information. Additionally, the term 'published' may refer to the initial publication city (e.g., New York) or broader regional/country-level publishing history. However, the core elements (title + publication location) are sufficiently defined to yield a definitive answer once contextualized within the known work.",0.0,0,0.25,['Houghton Mifflin'],1,1.0,1.0
who won the mens single ice skating 2018,Who won the men's single ice skating at the 2018 Winter Olympics?,['Yuzuru Hanyu'],['Yuzuru Hanyu'],"The query asks for the winner of 'mens single ice skating' in 2018. While the event type ('men's singles ice skating') and year (2018) are specified, the query lacks critical contextual information about which specific competition or championship (e.g., Winter Olympics, World Figure Skating Championships) is being referenced. Multiple competitions exist with similar names, leading to potential ambiguity in identifying the correct winner.",1.0,1,1.0,['Yuzuru Hanyu'],1,1.0,1.0
who's playing in the world series and when is it,Who played in the 2017 World Series and when was it held?,['Houston Astros' 'Los Angeles Dodgers' 'October 24 – November 1'],['- The teams and dates for the 2023 World Series have not been determined yet.'],"The query asks for two pieces of information: (1) the teams participating in the World Series and (2) the date(s) of the event. However, the World Series occurs annually, and its schedule and participants change each year. The query lacks specificity regarding the year being referenced (e.g., 2023, 2024, etc.), making it impossible to definitively answer without additional context. While the general timeframe (October) is known, the exact dates and teams depend on the specific year, which is not provided.",0.0,0,0.0,"['- Teams: Houston Astros and Los Angeles Dodgers  \n- Dates: October 24 – November 1, 2017']",0,0.5263157895,1.0
when did the age of new media began,"When did the age of new media, characterized by the rise of personal computing and foundational developments in digital communication, begin?",['the 1980s'],"['The age of new media began in the late 20th century, around the 1990s, with the rise of the internet and digital technologies.']","The query asks for the beginning of the 'age of new media,' but the term 'new media' is ambiguous and lacks clear definitional boundaries. The concept encompasses diverse technological advancements (e.g., digital tools, internet, social media) and has evolved over time. Without specifying a particular subset of new media (e.g., digital television, web 3.0, mobile computing) or a chronological reference frame (e.g., post-World War II, late 20th century, 21st century), the query cannot be resolved with precision. Additionally, historical consensus on the exact start date is absent due to varying academic and industry interpretations.",0.0,0,0.0,['The age of new media began in the 1970s.'],0,0.0,0.0
who was the first to declare the mutiny against the british,"Who was the first sepoy to openly rebel against British officers, sparking the Indian Rebellion of 1857?",['29-year-old Mangal Pandey of the 34th BNI'],['Mangal Pandey'],"The query asks for the 'first' to declare a mutiny against the British, but it lacks critical contextual information. 'Mutiny' is a broad term with multiple historical instances (e.g., the 1782 mutiny on the HMS Bounty, the 1857 Indian Rebellion, etc.). The query does not specify geographic scope, timeline, or the precise nature of the mutiny (e.g., naval, military, civilian). Additionally, 'declare' implies a formal act, but the query does not clarify whether it refers to leadership roles, symbolic acts, or documented events. These ambiguities make the query underspecified.",0.5,0,1.0,['Mangal Pandey'],0,0.5,1.0
where are the winter olympic games being played,Where were the 2018 Winter Olympic Games held?,"['Pyeongchang County, Gangwon Province, South Korea']","[""The 2026 Winter Olympic Games will be held in Milan and Cortina d'Ampezzo, Italy.""]","The query asks for the location of the Winter Olympic Games but does not specify a particular year or edition. The Winter Olympics occur biennially, with locations changing each time. Without additional temporal context (e.g., '2022', '2026'), the query cannot be resolved definitively as multiple possible answers exist depending on the relevant edition.",0.0,0,0.0,"['Pyeongchang, South Korea']",0,0.6666666667,1.0
where did immigrants enter the us on the west coast,Where was the main immigration station on the U.S. West Coast for immigrants entering the country in the early 20th century?,['Angel Island Immigration Station'],['Angel Island'],"The query seeks to identify locations in the U.S. west coast where immigrants arrived. While 'west coast' refers to a geographic region (California, Oregon, Washington), the lack of temporal specificity creates ambiguity. Immigrant entry points have varied over time (e.g., 19th-century gold rush vs. 20th-century migratory patterns). Additionally, 'enter' could imply ports of entry, border crossings, or other modes of arrival. Without clarifying the time period or method of entry, the query risks yielding overly broad or conflicting results.",0.6666666667,0,1.0,['Angel Island'],0,0.6666666667,1.0
what city was zeus the patron god of,"Which cities were primarily associated with the ancient Olympic Games, a festival dedicated to Zeus as its patron deity?",['Elis' 'Olympia'],['Olympia'],"The query asks for a specific city associated with Zeus as its patron god. While Zeus was the chief Olympian deity and revered across ancient Greece, he was not exclusively the patron of a single city. Multiple cities had local deities (e.g., Athena for Athens, Apollo for Delphi). The lack of a universally agreed-upon 'city' directly tied to Zeus as a patron god makes the query underspecified, as it requires additional context to resolve ambiguity.",1.0,1,1.0,['Olympia'],1,1.0,1.0
when did response to state of the union start,When did the televised opposition party response to the State of the Union address begin?,['1966'],['The response to the State of the Union began in 1966.'],"The query is underspecified due to ambiguity in key terms. 'Response' is too broad - it could refer to congressional rebuttals, public reactions, or legislative follow-ups. The query also lacks a specific timeframe or reference (e.g., which presidential term, congress, or historical period). The 'State of the Union' itself occurs annually, but without specifying a particular year or session, the answer would require additional assumptions. The core issue lies in the lack of clarity around both the subject ('response') and the temporal scope.",0.2222222222,0,1.0,['1966'],1,1.0,1.0
list of local government area in benue state,"List the current local government areas in Benue State, Nigeria.","['Ado' 'Agatu' 'Apa' 'Buruku' 'Gboko' 'Guma' 'Gwer East' 'Gwer West'
 'Katsina-Ala' 'Konshisha' 'Kwande' 'Logo' 'Makurdi' 'Obi' 'Ogbadibo'
 'Ohimini' 'Oju' 'Okpokwu' 'Otukpo' 'Tarka' 'Ukum' 'Ushongo' 'Vandeikya']","['Ado' 'Agatu' 'Apa' 'Buruku' 'Gboko' 'Guma' 'Gwer East' 'Gwer West'
 'Katsina-Ala' 'Konshisha' 'Kwande' 'Logo' 'Makurdi' 'Obi' 'Ogbadibo'
 'Ohimini' 'Oju' 'Okpokwu' 'Otukpo' 'Tarka' 'Ukum' 'Ushongo' 'Vandeikya']","The query asks for a list of 'local government areas' in 'benue state'. While 'benue state' is unambiguously associated with Nigeria (a Nigerian state), the term 'local government area' refers to administrative subdivisions within a state. The query does not explicitly clarify whether it refers to Nigeria or another jurisdiction (e.g., Benue County, England). Additionally, while the request is clear within Nigeria, the lack of specificity regarding the exact administrative level or purpose of the list (e.g., current status, historical data) introduces potential ambiguity. However, given the geographic context, the primary interpretation is Nigeria.",1.0,1,1.0,"['Ado' 'Agatu' 'Apa' 'Buruku' 'Gboko' 'Guma' 'Gwer East' 'Gwer West'
 'Katsina-Ala' 'Konshisha' 'Kwande' 'Logo' 'Makurdi' 'Obi' 'Ogbadibo'
 'Ohimini' 'Oju' 'Okpokwu' 'Otukpo' 'Tarka' 'Ukum' 'Ushongo' 'Vandeikya']",1,1.0,1.0
a system of fortifications along france's border,"What was the extensive line of concrete fortifications, obstacles, and weapon installations built by France in the 1930s along its eastern border, primarily facing Germany, to deter invasion?",['Maginot Line'],['Maginot Line'],"The query refers to 'fortifications' along France's border but fails to specify critical details such as the type of fortifications (e.g., military, historical, modern), the geographic region(s) within France's borders (France has multiple border regions with distinct characteristics), or the temporal scope (historic vs. contemporary). These omissions allow for multiple interpretations, including references to the Maginot Line, coastal defense systems, or hypothetical future constructs. Without additional constraints, the query cannot unambiguously identify a single entity.",1.0,1,1.0,['Maginot Line'],1,1.0,1.0
who did kenny rogers sing mary did you know with,"Who did Kenny Rogers record the song 'Mary, Did You Know?' as a duet with?",['Wynonna Judd'],['Wynonna Judd'],"The query asks for the collaborator(s) with whom Kenny Rogers performed the song 'Mary Did You Know.' While the song title and artist are clear, the query lacks specificity regarding the version of the song (e.g., release date, album, or contextual references). Additionally, the phrase 'sing ... with' implies a collaborative performance, but the query does not clarify if the user refers to a specific recording, live performance, or historical context. Without further details, the request could refer to different interpretations or versions of the song, making the query ambiguous.",1.0,1,1.0,['Wynonna Judd'],1,1.0,1.0
who wrote lyrics for phantom of the opera,Who wrote the lyrics for the original stage musical production of The Phantom of the Opera?,['Charles Hart and Richard Stilgoe'],['Charles Hart' 'Richard Stilgoe'],"The query asks about the lyricists for 'Phantom of the Opera,' a musical with multiple iterations (e.g., original 1986 London production, 2004 film). The answer depends on the specific version being referenced. For example, the original stage musical's lyrics were primarily written by Charles Hart and Richard Rodgers, while the 2004 film's lyrics were written by Tim Rice. Without clarification on the version or additional context, the query lacks sufficient specificity to yield a definitive answer.",0.5714285714,0,0.5,['Charles Hart'],0,0.5714285714,0.5
what genre is the magic tree house books,What is the genre classification of the Magic Tree House book series?,"[""Children's historical fantasy""]","[""Children's fantasy"" 'Adventure']","The query asks for the genre of the 'Magic Tree House' book series. While the series is widely known for its adventurous and educational themes, the term 'genre' could refer to categories like 'children's literature,' 'adventure,' 'mystery,' or 'historical fiction.' However, the query lacks specificity regarding whether it seeks a single primary genre, multiple genres, or contextual nuances (e.g., target audience). Despite this, the core request is unambiguous: identify the literary category(ies) associated with the series.",0.8,0,0.5,"[""Children's fiction"" 'Fantasy' 'Adventure']",0,0.5,0.5
where can you find blue bell ice cream,What is the geographic distribution area of Blue Bell ice cream in the United States?,"['primarily concentrated in the Southern United States'
 'as far west as Las Vegas' 'as far north as Indianapolis and Denver'
 'as far east as Richmond, Virginia']","[""- Grocery stores in the Southern United States  \n- Select retailers in other regions of the U.S.  \n- Blue Bell Creameries' official website (store locator)""]","The query asks for locations where 'blue bell ice cream' can be found. While 'Blue Bell' refers to a specific branded ice cream company, the query lacks critical details such as geographic scope (e.g., country, city), intended usage (retail stores vs. online vendors), or contextual constraints (e.g., specific flavors, accessibility). Additionally, 'Blue Bell' could ambiguously reference non-ice cream entities (e.g., a flower species or unrelated terms), though this is unlikely given the context. The absence of these specifics creates multiple potential interpretations, making the query underspecified.",0.3076923077,0,1.0,"['Blue Bell ice cream is distributed in 23 states, primarily in the South, Southwest, and parts of the Midwest and West.']",0,0.24,0.25
in the texas legislature the house has members and the senate has,"In the Texas Legislature, how many members are in the House of Representatives and how many members are in the Senate?",['31-member Senate' '150-member House of Representatives.'],['150 members in the House' '31 members in the Senate'],"The query provides partial information about the composition of Texas legislative chambers but fails to specify what exact detail is being requested about the Senate. While the House's member count is implied (typically 150 members), the truncated phrase 'the senate has' does not clarify whether the user is asking for the number of senators, their term lengths, jurisdictional responsibilities, or other characteristics. The lack of a complete question or specific parameter renders the request ambiguous and insufficiently defined.",0.3333333333,0,1.0,['- 150 members in the House of Representatives  \n- 31 members in the Senate'],0,0.4285714286,1.0
who negotiated an agreement with japan concerning the future of korea,"Who, as the U.S. Secretary of War in 1905, negotiated a secret agreement with Japan that recognized Japan's suzerainty over Korea?",['Taft'],['Theodore Roosevelt'],"The query seeks to identify individuals who negotiated an agreement between Japan and Korea regarding Korea's future. While the core elements (parties involved, subject matter) are present, the query lacks critical temporal and contextual specificity. Multiple historical agreements exist between Japan and Korea (e.g., the 1945 Instrument of Surrender, 1951 San Francisco Peace Treaty, 1960 Mutual Defense Treaty). Additionally, 'the future of Korea' is ambiguous—referring to colonial-era negotiations, post-WWII divisions, or modern diplomatic relations. Without narrowing the scope (e.g., specific treaty, timeframe, or geopolitical context), the query cannot uniquely identify a single entity or individual as the answer.",0.0,0,0.0,['William Howard Taft'],0,0.5,1.0
who did corbin dance with on dancing with the stars,Who was Corbin Bleu's professional dance partner during Season 17 of Dancing with the Stars?,['Karina Smirnoff'],['Karina Smirnoff'],"The query references 'Corbin' (likely Corbin Bleu) and asks about his dance partner(s) on 'Dancing with the Stars.' While Corbin Bleu is a known figure associated with the show, the query lacks critical temporal specificity (e.g., which season/year). Additionally, 'dance with' could refer to a single performance or multiple partnerships over time. Without specifying a particular season or context, the answer may require clarifying which instances are being referenced.",1.0,1,1.0,['Karina Smirnoff'],1,1.0,1.0
where does junior want to go to find hope,"In Sherman Alexie's 'The Absolutely True Diary of a Part-Time Indian,' where does Arnold Spirit Jr. want to go to find hope?",['off the rez'],['Junior wants to go to Reardan to find hope.'],"The query lacks sufficient contextual information to identify 'Junior' as a specific individual, entity, or fictional character. Without clarification on who 'Junior' is or the narrative/setting being referenced, the phrase 'find hope' remains abstract. Additionally, the query does not specify temporal, spatial, or relational constraints (e.g., time period, medium, or associated events) needed to resolve the intended meaning. The ambiguity around 'Junior's' identity and purpose prevents precise interpretation.",0.0,0,0.25,['Reardan High School'],0,0.0,0.25
how many countries does cadbury sell its products,In how many countries worldwide does Cadbury currently sell its products?,['more than 50 countries worldwide'],['Over 50 countries'],"The query asks for the number of countries where Cadbury sells its products. While Cadbury is a globally recognized brand, the query lacks critical specificity. It does not clarify whether it refers to current operational data, historical data, or a particular product line. Additionally, 'sell its products' could be interpreted differently (e.g., direct sales vs. licensing/distribution). Without temporal context or regional constraints, the answer depends on subjective definitions and may vary based on market expansion or contraction over time.",0.5,0,1.0,['Over 50 countries'],0,0.5,1.0
when did the last volcano erupt in iceland,When did the Eyjafjallajökull volcano erupt in Iceland?,['2010'],"['The last volcanic eruption in Iceland occurred on July 10, 2023, at Litli-Hrútur near Fagradalsfjall.']","The query asks about the 'last' volcanic eruption in Iceland, but Iceland contains multiple active volcanoes (e.g., Hekla, Eyjafjallajökull, Holuhraun). The term 'last' could refer to the most recent eruption overall, but without specifying a particular volcano or timeframe, the answer depends on context. Additionally, the query lacks temporal specificity (e.g., 'most recent', 'within the past decade') that would clarify the intended reference point.",0.0,0,0.0,"['March 20, 2010' 'April 14, 2010']",0,0.5,1.0
what channel is abc on in phoenix arizona,"What channel is ABC on for Cox Communications in Phoenix, Arizona?",['15'],"['ABC is on channel 15 (KNXV) in Phoenix, Arizona.']","The query asks for the television channel number of ABC (American Broadcasting Company) in Phoenix, Arizona. While the location (Phoenix, Arizona) is specified, critical contextual information about the media provider (e.g., cable/satellite company, streaming platform) is omitted. Channel numbers vary by service provider and may also depend on regional broadcasting agreements. Without specifying the provider, the response cannot uniquely identify the correct channel.",0.2,0,1.0,"['ABC is on channel 15 for Cox Communications in Phoenix, Arizona.']",0,0.1666666667,1.0
what are the value of style guides and style sheet,What are the values of style guides and style sheets in improving communication and enforcing best practices?,"['improve communication'
 'enforce the best practice in ethics (such as authorship, research ethics, and disclosure), pedagogy (such as exposition and clarity), and compliance (technical and regulatory)']",['- Ensure consistency in design and content.  \n- Improve communication among team members.  \n- Enhance user experience and readability.  \n- Save time by providing clear guidelines.  \n- Strengthen brand identity.'],"The query asks about the 'value' of two related but distinct concepts: 'style guides' and 'style sheets'. While 'style guides' typically refer to comprehensive documentation outlining formatting standards (e.g., typography, branding, syntax), 'style sheets' often specifically denote technical resources like CSS (Cascading Style Sheets) in web development. The lack of clarification on the specific context (e.g., web dev vs. design vs. programming), the intended audience (developers, designers, writers?), or the precise definition of 'value' (e.g., productivity gains, consistency, error reduction) makes the query ambiguous. Additionally, the singular/plural inconsistency ('sheet' vs. 'sheets') further complicates interpretation.",0.1481481481,0,0.75,['- Ensure consistency in writing and design.  \n- Enhance clarity and readability.  \n- Promote professionalism and credibility.  \n- Streamline collaboration among team members.  \n- Enforce adherence to brand identity and standards.  \n- Save time by providing predefined guidelines.'],0,0.2545454545,1.0
nodding your head no is an example of,Nodding your head no is an example of what specific type of non-verbal communication?,['a gesture'],['Nonverbal communication'],"The query seeks to identify what 'nodding your head no' exemplifies. While the phrasing implies a request for categorization (e.g., a type of communication, gesture, or behavior), the lack of explicit context or constraints makes the answer ambiguous. The contradiction between the typical meaning of 'nodding your head' (signifying 'yes') and its use here ('no') introduces ambiguity. Without further clarification (e.g., specifying the domain—psychology, linguistics, social norms—the intended comparison, or the specific concept being tested), multiple interpretations are possible. The query does not definitively narrow down the scope of what is being asked.",0.0,0,0.5,['Kinesics'],0,0.0,0.25
which material is the heaviest in term of density,Which element is the densest?,['Osmium'],['Osmium'],"The query lacks specificity regarding the scope of materials being compared. Density varies dramatically across substances (e.g., osmium vs. air), and without defining a subset of materials (e.g., metals, liquids, solids) or contextual boundaries, the question cannot be definitively answered. Additionally, the phrasing 'heaviest in term of density' contains a grammatical error ('term' instead of 'terms') but this does not resolve the ambiguity in the comparison criteria.",1.0,1,1.0,['Osmium'],1,1.0,1.0
what album is sacrifice by elton john on,What is the title of the studio album by Elton John that features the song 'Sacrifice'?,['Sleeping with the Past'],"[""The album 'Sacrifice' by Elton John is on is 'Sleeping with the Past.'""]","The query seeks to identify the album containing the song 'Sacrifice' by Elton John. While the structure appears complete (song title, artist), the critical issue lies in the accuracy of the reference. Elton John's discography does not include a song titled 'Sacrifice'. This lack of factual alignment renders the query underspecified, as the foundational element ('Sacrifice') does not exist within the intended context. Additionally, while the query specifies the artist and song, the absence of a known match creates ambiguity, making it impossible to definitively answer.",0.4285714286,0,1.0,['Sleeping with the Past'],1,1.0,1.0
what areas of africa were involved in colonization,What percentage of the African continent was under direct European imperial rule following the Scramble for Africa?,['almost 90 percent of the continent'],['- North Africa  \n- West Africa  \n- East Africa  \n- Central Africa  \n- Southern Africa'],"The query asks for 'areas of Africa' involved in colonization, but it lacks critical specificity. It does not define the time period (e.g., pre-colonial vs. post-Scramble for Africa), the type of colonization (e.g., direct imperial rule vs. indirect influence), or the specific colonial powers (e.g., Britain, France, Germany). Additionally, 'areas' could refer to modern nation-states, historical provinces, or geographic regions, creating ambiguity. Without clarifying these parameters, the answer would require assumptions about the scope and context of colonization.",0.0,0,1.0,['Approximately 90%'],0,0.2857142857,1.0
what percentage of sunlight is captured by plants to convert it into food energy,What is the average percentage of absorbed sunlight that plants convert into chemical energy (food) through photosynthesis?,['3 to 6%'],['Approximately 1-2%'],"The query seeks a numerical percentage related to photosynthetic efficiency. While general biological knowledge states that approximately 1-2% of incident solar energy is converted into chemical energy via photosynthesis in most plants under typical conditions, the query lacks critical contextual details (e.g., plant species, environmental conditions, measurement methodology). These factors can significantly influence the efficiency rate. Without such specifications, the answer depends on generalized averages rather than precise data, leading to potential ambiguity.",0.0,0,0.0,['Approximately 1-2%'],0,0.0,0.0
who won the 10m air pistol gold medal at commonwealth shooting championship in brisbane australia,"Who won the 10m air pistol gold medal at the Commonwealth Shooting Championship in Brisbane, Australia in 2017?",['Shahzar Rizvi'],['Jitu Rai'],"The query specifies the event (Commonwealth Shooting Championship), location (Brisbane, Australia), and competition (10m air pistol). However, it lacks critical temporal context (year of the championship) needed to identify the precise winner. The Commonwealth Games occur biennially, and without specifying which edition (e.g., 2022, 2018, etc.), the answer could vary. While Brisbane hosted the 2022 Commonwealth Games, the 'shooting championship' may refer to a separate event or a specific iteration of the games. This ambiguity makes the query underspecified.",0.0,0,0.0,['Saurabh Chaudhary'],0,0.0,0.0
why does prince edward island have red sand,Why does Prince Edward Island have red soil?,['sedimentary rock and other material with a high iron concentration which oxidizes upon exposure to the air'],['- The red sand on Prince Edward Island is due to its high iron oxide (rust) content in the soil.'],"The query asks about the presence of 'red sand' on Prince Edward Island (PEI), but fails to specify key details necessary for a precise answer. While PEI is known for its sandy beaches, the term 'red sand' is not inherently tied to the region. Possible interpretations include: 1) A localized phenomenon (e.g., specific dunes or coastal areas with unique mineral composition), 2) Misinterpretation of natural features (e.g., rust-colored soil or rocky substrates mistaken for sand), or 3) Reference to anthropogenic activities (e.g., construction debris). The lack of geographic specificity, contextual clues (e.g., season, location), or clarification of 'red sand's' source renders the query ambiguous. Additionally, no widely documented evidence exists about PEI having significant red sand deposits, suggesting either a misunderstanding or incomplete knowledge of local geology.",0.1875,0,1.0,"['- The red soil in Prince Edward Island is due to its high iron oxide content, which oxidizes and gives it a reddish color.']",0,0.3333333333,1.0
where is the hero golf challenge being played,Where is the Hero World Championship typically played?,['Albany development in the Bahamas'],['The Hero World Challenge is played at Albany Golf Course in the Bahamas.'],"The query asks for the location of the 'hero golf challenge,' but the term 'hero golf challenge' is ambiguous and likely references a non-specific or fictional event. Even if interpreted as a real-world tournament (e.g., a variation of the Hero World Championship), the query lacks critical temporal or contextual details (year, edition, or specific venue) required to identify a definitive location. Without additional constraints, the answer cannot be uniquely determined.",0.4,0,1.0,"['Albany Golf Club, Bahamas']",0,0.5,0.75
internet based test of english as a foreign language test,"What is the name of the standardized English proficiency examination for non-native speakers, which is widely recognized for its internet-based format?",['TOEFL'],['TOEFL iBT'],"The query contains redundancy and ambiguity. 'Internet based test' and 'English as a foreign language test' overlap in meaning, creating confusion. The phrase 'test of... test' suggests a recursive definition rather than clarifying the intent. While the core idea relates to online assessments for English as a Foreign Language (EFLL), the lack of specificity prevents identifying a unique target (e.g., TOEFL IBT, IELTS Online, or other platforms). Additionally, the query fails to clarify whether the focus is on testing methodology, exam providers, or content specifics.",0.6666666667,0,1.0,['TOEFL iBT'],0,0.6666666667,1.0
what is the meaning of the name gomez,What is the Visigothic root meaning of the Spanish surname Gomez?,['man'],"[""Gomez is a Spanish surname meaning 'man' or 'son of Gome', with Gome derived from the Germanic word for 'man'.""]","The query asks for the 'meaning' of the name 'gomez'. While names often have cultural or linguistic origins, the term 'gomez' is primarily associated with its Spanish/Latin roots ('comes') meaning 'companion' or 'follower'. However, the query lacks specificity regarding cultural context (e.g., Spanish vs. another language), potential alternate interpretations (e.g., as a first name vs. surname), or reference to fictional characters (e.g., the Gomez family from 'Frasier'). Without further clarification, the response would rely on the most commonly accepted etymology, making the query broadly interpretable but not ambiguously under-specified.",0.1052631579,0,0.75,"[""The Visigothic root of the surname Gómez comes from 'Guma,' meaning 'man.'""]",0,0.1818181818,1.0
where did they film the game of thrones,In which countries and regions was the Game of Thrones TV series filmed throughout its entire run?,"['Canada' 'Croatia' 'Iceland' 'Malta' 'Morocco' 'Spain' 'Northern Ireland'
 'Scotland' 'United States']","['Northern Ireland' 'Iceland' 'Croatia' 'Spain' 'Scotland' 'Malta'
 'Morocco']","The query asks for filming locations of 'Game of Thrones,' a popular TV series. However, it does not specify which particular episodes, seasons, or scenes are being referenced. Multiple seasons of the show were filmed in various locations worldwide (e.g., Belfast for much of the series, Croatia for some sequences, etc.). Without narrowing down to a specific episode or scene, the response cannot be precise. Additionally, the use of 'they' is vague and does not clarify whether the inquiry refers to the production crew, actors, or the show itself.",1.0,1,1.0,"['Northern Ireland' 'Scotland' 'Iceland' 'Croatia' 'Spain' 'Morocco'
 'Malta' 'United States (California)']",1,1.0,1.0
who sings that aint no way to go,Which American country music duo sings the song 'Aint No Way to Go'?,['American country music duo Brooks & Dunn'],['Brooks & Dunn'],"The query seeks to identify the artist of a song titled 'Aint No Way to Go'. While the core request is clear, the phrasing 'that' introduces ambiguity about which specific song is being referenced. Additionally, the spelling variation ('aint') may refer to different tracks (e.g., 'Ain't No Mountain High Enough' by Marvin Gaye/Mary J. Blige). Without explicit clarification on the song title, genre, or contextual clues (e.g., album, release year, or cultural reference), the query cannot be resolved definitively.",0.5,0,1.0,['Brooks & Dunn'],0,0.5,1.0
who made the poppies at tower of london,Who created the ceramic poppy art installation at the Tower of London?,['Paul Cummins' 'setting by stage designer Tom Piper'],['Paul Cummins' 'Tom Piper'],"The query is underspecified due to ambiguity around the term 'poppies.' While the Tower of London is known for its Crown Jewels and royal ceremonies, 'poppies' could refer to: (1) the annual poppy planting ceremony organized by the Royal Family (e.g., Queen Elizabeth II's tradition), (2) the 'poppy field' on the Castle grounds, or (3) a specific historical/artifact reference. The lack of contextual clarification (e.g., time period, type of poppies, or cultural significance) prevents precise identification of the subject being asked. Additionally, 'made' implies creation, which may relate to human activity (e.g., royal tradition) rather than natural growth, further complicating interpretation.",1.0,1,1.0,['Paul Cummins' 'Tom Piper'],1,1.0,1.0
who won first ancient olympic 200 yard race,Who won the first recorded stadion race at the ancient Olympic Games?,['Coroebus of Elis'],['Coroebus of Elis'],"The query references 'ancient olympic 200 yard race,' but the Ancient Olympic Games did not include a 200-yard race. The earliest recorded event was the stadion (approximately 192 meters), and no official records exist for longer distances. The term '200 yard' is modern and incompatible with ancient athletic practices. This creates a fundamental contradiction between the historical context and the specific detail requested, making the query underspecified due to conflicting temporal and contextual parameters.",1.0,1,1.0,['Coroebus of Elis'],1,1.0,1.0
who sang i dig rock and roll music,Which folk group had a hit with the song 'I Dig Rock and Roll Music'?,"['Peter, Paul and Mary']","['Peter, Paul and Mary']","The query asks for the artist of the song ""I Dig Rock and Roll Music."" While the song title is clear, the query lacks contextual specificity. There may be multiple interpretations: (1) the original composition by Carl Perkins, (2) subsequent covers by artists like Elvis Presley or Little Richard, or (3) confusion with similar-sounding titles like ""I Love Rock 'n' Roll"" by Joan Jett. Without further clarification (e.g., era, genre, or cover version), the query cannot definitively resolve to one unique answer.",1.0,1,1.0,"['Peter, Paul and Mary']",1,1.0,1.0
what is the origin of the word celsius,After whom is the Celsius temperature scale named?,['named after the Swedish astronomer Anders Celsius'],"[""The word 'Celsius' originates from Anders Celsius, a Swedish astronomer who developed the temperature scale in 1742.""]","The query seeks information about the origin of the word 'Celsius,' but it is ambiguous about whether it refers to the etymological roots of the word (e.g., linguistic derivation) or the historical context of the temperature scale named after Anders Celsius. While the term likely derives from his surname, the query does not explicitly clarify this distinction. Additionally, the spelling variation ('Celsius' vs. 'Celcius') may introduce confusion about the intended focus of the inquiry.",0.4,0,1.0,['Anders Celsius'],0,0.5,1.0
when was the last time an nba backboard broken,"When was the last time an NBA backboard was physically broken during a game, specifically the preseason exhibition game that took place in Sassari, Italy?","['2012, during a preseason exhibition game held in Sassari, Italy']","['April 23, 1993']","The query is underspecified because it lacks critical contextual details needed to identify a unique event. Key ambiguities include: (1) 'backboard' may refer to either the vertical篮板 (a structural component) or the entire hoop assembly, but the term 'backboard' typically denotes only the vertical surface. (2) The query does not specify a particular game, team, or location, making it impossible to narrow down to a singular event. (3) The phrasing 'broken' is vague—it could imply physical damage, functional failure, or a metaphorical meaning. Additionally, while NBA rules do not prohibit backboards from breaking, such incidents are extremely rare and would likely be documented in sports databases. The absence of temporal constraints ('last time') further complicates identification of a definitive answer.",0.0,0,0.0,"['October 6, 2010']",0,0.0,0.0
when does shawn tell juliet he loves her,In which episode of the TV show Psych does Shawn tell Juliet he loves her?,"['""Shawn Takes a Shot in the Dark""']","[""Season 5, Episode 9 ('One, Maybe Two, Ways Out')""]","The query references two characters, 'Shawn' and 'Juliet,' but does not specify the source medium (e.g., TV show, film, book) in which these characters exist. This lack of contextual information makes it impossible to determine the exact timeline or plot point being referenced. While 'Shawn' and 'Juliet' may appear in various fictional contexts, without clarification, the query cannot be resolved uniquely.",0.0,0,0.0,"[""Season 7, Episode 7 ('Deez Nups')""]",0,0.0,0.0
who produced a change is gonna come,"Who were the record producers of the song ""Change Is Gonna Come""?",['Hugo & Luigi'],['Sam Cooke'],"The query contains significant ambiguity. The phrase 'a change is gonna come' is a well-known lyric from the song 'Change Is Gonna Come' by Sam Cooke, but the query incorrectly frames it as a subject ('who produced [something]'). The term 'produced' is vague here: does it refer to the songwriter/composer, the record producer, or another role? Additionally, the structure of the query is grammatically incorrect when applied to a song title. The query fails to clearly specify the entity being questioned (e.g., the song, the artist, the producer) or clarify the relationship between the terms. This lack of precision makes the query underspecified.",0.0,0,0.0,['Hugo Peretti' 'Luigi Creatore'],0,0.5,0.25
name of the boundary line between india and bangladesh,What is the general designation for the boundary line between India and Bangladesh?,['the International Border (IB)'],['Radcliffe Line'],"The query seeks the name of the boundary line between India and Bangladesh. While the geopolitical relationship between these two nations is well-defined, the specific 'name' of their shared boundary is not universally standardized. The border between India and Bangladesh is primarily defined by natural features (e.g., rivers) and administrative divisions rather than a singularly named demarcation line like the McMahon Line (India-China) or the Radcliffe Line (India-Pakistan). Without additional context specifying a particular treaty, agreement, or historical designation, the query lacks sufficient specificity to identify a definitive named boundary.",0.0,0,0.0,['Radcliffe Line'],0,0.0,0.0
who plays whitey bulger's girlfriend in black mass,"Who plays Whitey Bulger's girlfriend, Lindsey Cyr, in the 2015 film Black Mass?",['actress Dakota Johnson'],['Dakota Johnson'],"The query is partially underspecified due to potential ambiguities. While 'Black Mass' refers to the 2015 film about John Connolly (Whitey Bulger), the term 'girlfriend' lacks precision. The film features a complex romantic subplot involving Sharon (Michelle Monaghan), but the term 'girlfriend' may conflated with other relationships (e.g., Sharon was his mistress). Additionally, the query assumes familiarity with the film's specific character naming conventions, which may not align with common references. Without explicit confirmation of the character's name or role, the query risks misinterpretation.",0.8,0,1.0,['Dakota Johnson'],0,0.8,1.0
who plays steve's wife on my three sons,"Who plays the character Barbara Harper Douglas, who becomes Steve Douglas's wife, in the television series My Three Sons?",['Beverly Garland'],['Beverly Garland'],"The query specifies the television show 'My Three Sons' and asks for the actor playing 'Steve's wife.' While 'Steve' is a character in the show, the reference to 'Steve's wife' requires knowing which specific character in the series is referred to. The show features multiple female characters, including Steve's mother (Jeanne Crain) and his wife (Nancy Kulp). Without clarification on which 'Steve' (e.g., the middle son) or which marital relationship is intended, the query remains ambiguous. Additionally, the term 'Steve's wife' could ambiguously refer to a non-actor character (e.g., a fictional spouse) rather than a cast member. The lack of specificity regarding the character's role or the exact show version (season/episode) further contributes to underspecification.",1.0,1,1.0,['Beverly Garland'],1,1.0,1.0
where does the highway of heroes start and end,"What are the geographical start and end points of the Highway of Heroes, the designated section of Highway 401 in Ontario, Canada?",['between Glen Miller Road in Trenton and the Don Valley Parkway / Highway 404 Junction in Toronto'],"['The Highway of Heroes starts at Trenton, Ontario, and ends in Toronto, Ontario.']","The query refers to 'the Highway of Heroes,' a term not uniquely identifiable in standard geographical or cultural contexts. While it may relate to a fictional narrative (e.g., a quest line in ""The Witcher 3"" video game), the lack of contextual clues (such as specifying the medium, genre, or source) leaves ambiguity about its precise definition. Additionally, no universally recognized real-world highway shares this name, making it impossible to definitively answer without further clarification.",0.3703703704,0,0.5,"['Trenton, Ontario' 'Toronto, Ontario']",0,0.1176470588,0.0
who has the best nba record this season,Who had the best NBA record in the 2017-2018 season?,['Houston Rockets'],['The Boston Celtics have the best NBA record as of October 2023.'],"The query asks for the team with the best NBA record 'this season,' but fails to specify which season is being referred to. While 'this season' typically implies the current active season, the term is ambiguous without additional context (e.g., year, tournament, or timeframe). The absence of explicit seasonal details creates uncertainty about which dataset to consult, making the query incomplete for precise retrieval.",0.0,0,0.0,['Houston Rockets'],1,1.0,1.0
when did they stop making jello pudding pops,When did General Mills stop making Jell-O Pudding Pops?,['around 2011'],['Jell-O Pudding Pops were discontinued in the 1990s.'],"The query references 'jello pudding pops,' which could refer to multiple distinct products (e.g., Jell-O Pudding Pops by General Mills, other branded alternatives, or regional variants). The lack of specificity regarding product branding, formulation, or geographic origin creates ambiguity. Additionally, the pronoun 'they' implies the subject is unclear (e.g., Jell-O, another company, or a generic manufacturer). Without further details, the query cannot definitively pinpoint the intended product or its discontinuation timeline.",0.0,0,0.0,['1990s'],0,0.0,0.0
when is i can only imagine coming out,What is the theatrical release date for the film 'I Can Only Imagine'?,"['March 16, 2018']","[""The movie 'I Can Only Imagine' was released on March 16, 2018.""]","The query is ambiguous due to the term 'coming out' lacking clear contextual definition. The phrase could refer to: (1) the original release date of the song 'I Can Only Imagine' (composed by Stuart Hamblen), (2) its debut on music charts, (3) a new cover version/release, or (4) a cultural/'coming out' event related to the song's themes. The lack of specificity regarding which 'coming out' event the user refers to makes the query underspecified.",0.4285714286,0,1.0,"['March 16, 2018']",1,1.0,1.0
when did indoor toilets become common in america,When did modern flush toilets become a common feature in homes throughout the United States?,['After World War I'],['1920s'],"The query asks for the timeframe when indoor toilets became 'common' in America. While the key elements (subject: indoor toilets, location: America) are present, several ambiguities exist. 'Indoor toilets' could refer to various types (e.g., modern flush toilets, portable units). 'Common' is subjective—does it mean widespread adoption, availability, or societal acceptance? Additionally, 'America' could imply the U.S., Canada, or both, though the historical context likely refers to the U.S. The query lacks specificity regarding regional variations, socioeconomic factors, or definitive criteria for 'commonness'. These gaps make the query underspecified.",0.0,0,0.75,"['By the early 20th century, particularly the 1920s.']",0,0.0,0.75
when does sloan come into grey's anatomy,In which season of the original Grey's Anatomy series does Mark Sloan first appear?,['season two'],"[""Mark Sloan first appears in Grey's Anatomy in Season 2, Episode 18 ('Yesterday').""]","The query seeks information about the introduction of the character Sloan in the TV show Grey's Anatomy. While 'Grey's Anatomy' refers to both the original series (which aired from 2005–2019) and its reboot (aired from 2017 onwards), the query does not clarify which iteration is being referenced. Additionally, the answer would depend on the specific context (e.g., debut episode, season, or plotline). The absence of explicit details about the version of the show or the precise timeline renders the query ambiguous and insufficiently defined.",0.1333333333,0,0.75,['Season 2'],0,0.5,1.0
actor who plays dr avery on grey's anatomy,Who is the actor who originally played Dr. Avery on the television series Grey's Anatomy?,['Jesse Wesley Williams'],['Jesse Williams'],"The query specifies a character (Dr. Avery) and a show (Grey's Anatomy), which narrows down the search. However, 'dr avery' may refer to a character whose portrayal has changed over time (e.g., Jesse Williams originally played the role before being replaced). Without additional temporal context (e.g., 'current', 'season X'), the query risks ambiguity due to possible multiple actors having played the role at different points. While the core elements are present, the lack of specificity regarding timing makes the query potentially underspecified.",0.8,0,0.75,['Jesse Williams'],0,0.8,0.75
when is the publishers clearing house sweepstakes drawing,When is the Publishers Clearing House sweepstakes drawing that takes place annually around the time of the Super Bowl?,['just after the Super Bowl'],"['The Publishers Clearing House sweepstakes drawings occur at various times throughout the year, with major prize events typically held on February 28th, April 30th, June 30th, August 31st, October 31st, and December 30th.']","The query references 'Publishers Clearing House,' a known organization that operates multiple sweepstakes. However, the term 'sweepstakes drawing' is vague as it could refer to any of several ongoing or periodic events (e.g., daily, weekly, or themed draws). The query lacks specifics such as the name of the particular lottery, date range, or frequency, making it ambiguous without additional context. While the entity is clearly identified, the absence of critical parameters (e.g., specific event name) renders the question underspecified.",0.0,0,0.0,['February'],0,0.0,0.25
where was thomas and the magic railroad filmed,Where was the 2000 film Thomas and the Magic Railroad filmed?,"['Strasburg Rail Road in Strasburg, Pennsylvania (United States)'
 'Toronto, Ontario, Canada' 'the Isle of Man']","['Ontario, Canada' 'Isle of Man']","The query asks for the filming locations of 'Thomas and the Magic Railroad,' but does not specify which version of the film (e.g., 1983 live-action adaptation vs. 2017 animated remake) or any additional contextual details. While the title is unambiguous, the lack of specificity regarding the film's release date or production context creates potential ambiguity, as different versions may have been filmed in different locations.",1.0,1,1.0,['Canada' 'Isle of Man' 'United States'],1,1.0,1.0
who kidnapped ben in the deep end of the ocean,"In 'The Deep End of the Ocean', who kidnapped Ben?",['Cecil Lockhart'],['Cecile Lockhart'],"The query is underspecified due to several ambiguities: 1) 'the deep end of the ocean' is not a recognized location or concept in mainstream media, suggesting possible typographical errors (e.g., 'pool') or references to niche content. 2) 'Ben' is a generic name with no contextual linkage to a specific story, film, or cultural reference. 3) The query lacks temporal, spatial, or narrative constraints needed to identify a unique answer. Without specifying the source material (e.g., a book, movie, or game), the question cannot be resolved definitively.",0.5,0,0.5,['Cecilia Lockhart'],0,0.5,0.0
the oligodynamic effect is a phenomenon that describes,The oligodynamic effect is a phenomenon that describes what specific characteristic or process?,"['a biocidal effect of metals, especially heavy metals, that occurs even in low concentrations']","['The antimicrobial properties of certain metals, such as silver and copper, even in small amounts.']","The query introduces the concept of 'oligodynamic effect' but fails to specify what aspect of the phenomenon is being requested. While the term itself refers to the antimicrobial property of certain substances at low concentrations, the query does not clarify whether the user seeks a definition, mechanism, example, application, or comparison. Additionally, the phrasing 'that describes' is incomplete and ambiguous, leaving critical details missing about what specific characteristic or process is intended to be explained.",0.2962962963,0,1.0,"['The antimicrobial properties of certain metals, such as silver and copper, against bacteria and other microorganisms.']",0,0.1428571429,0.75
who plays charles on have and have nots,Who plays Charles on The Haves and the Have Nots?,['Nick Sager'],['Nick Sagar'],"The query seeks information about a character named 'Charles' in a show titled 'Have and Have Nots'. While the character name is clear, the show title appears problematic. 'Have and Have Nots' is not a recognized television show title; it may be a misspelling or misremembered reference. Additionally, the phrase 'have and haven't' is associated with a 1944 film ('Have Gun - Will Travel') or a 1950s radio program, neither of which feature a character named Charles. Without clarification on the correct show title or context, the query lacks sufficient specificity to identify the intended work or actor.",0.5,0,0.25,['Nick Sagar'],0,0.5,0.5
what is the number one selling christmas song of all time,"According to Guinness World Records, what is the best-selling Christmas song single of all time worldwide?","['""White Christmas"" by Bing Crosby']",['White Christmas by Bing Crosby'],"The query seeks the 'number one selling Christmas song of all time,' but critical parameters are missing. Key ambiguities include: 1) Definition of 'selling' (physical sales, stream counts, chart performance, or combined metrics); 2) Source of data (e.g., Billboard, RIAA, official charts); 3) Scope of 'Christmas song' (strictly holiday-themed versus broader festive interpretations); 4) Timeframe ('all time' could refer to historical sales, streaming, or cultural impact). These gaps create multiple possible answers depending on interpretation, making the query insufficiently constrained for a precise response.",1.0,1,1.0,['White Christmas by Bing Crosby'],1,1.0,1.0
where did the world's largest recorded wave occur,Where did the world's highest recorded tsunami run-up occur?,['Lituya Bay in Alaska'],"['Lituya Bay, Alaska']","The query seeks the location of the 'world's largest recorded wave,' which is a factual claim. While the phrase 'world's largest' implies a singular answer, the specification depends on criteria such as measurement standards (height, energy), temporal scope (historical vs. recent), and authority (scientific bodies vs. public records). Without explicit clarification on these parameters, the answer may rely on subjective interpretations (e.g., the 1958 Juan de Fuca tsunami or the 2014 Indonesian wave) or ambiguous data sources. Thus, the query lacks sufficient detail to ensure a uniquely accurate response.",0.8571428571,0,1.0,"['Lituya Bay, Alaska']",0,0.8571428571,1.0
who was toot toot in the green mile,"In *The Green Mile*, what is the role of the character that the informal or possibly misspelled reference 'Toot Toot' is likely attempting to identify?",['A trustee'],"['Toot-Toot was a minor character in *The Green Mile*, a trustee inmate who performed small tasks and provided comic relief.']","The query references 'Toot Toot' in *The Green Mile*, but the term is not explicitly tied to a canonical character in the film or its adaptations. While 'Toot Toot' might be a colloquial or informal nickname for a minor character (e.g., a prisoner or staff member), the lack of contextual clues (such as a full name, role, or descriptive detail) makes the query ambiguous. Additionally, the phrase appears to be a non-standard or misspelled reference, further complicating identification. Without explicit confirmation of the intended subject, the query remains underspecified.",0.1111111111,0,1.0,['Toot-Toot is a prisoner who acts as a mock execution stand-in during rehearsals.'],0,0.0,0.25
who plays nikko in the wizard of oz,Who plays Nikko in the 2011 stage musical production of The Wizard of Oz?,['Patrick Walshe'],['Pat Walshe'],"The query asks about a character named 'Nikko' in *The Wizard of Oz*. However, the original 1939 film features no character by that name. This suggests either a misspelling (e.g., 'Nikko' vs. 'Scarecrow', 'Tin Man', or 'Dorothy'), a reference to a non-canon adaptation, or a fictionalized version of the story. Since the query hinges on a nonexistent or misidentified character, it lacks sufficient specificity to yield a valid answer.",0.5,0,0.75,['Lewis Bradley'],0,0.0,0.0
who is the team that beat the eagles this season,Which teams beat the Philadelphia Eagles (NFL) this season?,['Kansas City Chiefs' 'Seattle Seahawks' 'Dallas Cowboys'],['- New York Jets'],"The query refers to 'the eagles' (a sports team), but does not specify the sport, league, or exact context (e.g., division, conference, or specific matchup). While 'this season' provides temporal scope, it is insufficient to uniquely identify a single opposing team, as multiple teams may have beaten the Eagles during the season. Additionally, the absence of clarification on whether the user seeks the most recent team, the total count of teams, or other contextual factors renders the query ambiguous.",0.0,0,0.0,['New York Jets'],0,0.0,0.0
what side does us army go on acu,On which side of the Army Combat Uniform (ACU) is the 'U.S. Army' nametape worn?,['the right'],['The U.S. Army patch goes on the left shoulder of the ACU.'],"The query appears to ask about the 'side' of the U.S. Army associated with 'ACU,' which refers to the Army Combat Uniform. However, the phrasing is ambiguous. Key ambiguities include:
1. ""Side"" could refer to left/right sides of the uniform, front/back, or a directional orientation.
2. ""Go on"" is unclear - does it mean 'wear,' 'position,' or 'deploy'? 
3. There's no clarification about whether the question relates to uniform design, historical deployment practices, or another context.
Without further context, multiple interpretations exist, making the query insufficiently defined.",0.0,0,0.0,"[""The 'U.S. Army' nametape is worn on the left side of the ACU.""]",0,0.0,0.0
who played daisy duke in the new dukes of hazzard,Who played Daisy Duke in the 2005 film adaptation of The Dukes of Hazzard?,['Jessica Simpson'],['Jessica Simpson'],"The query references 'the new Dukes of Hazzard,' which is ambiguously defined. While the original 1970s television series features Daisy Duke as a central character (played by Barbara Feldon), the phrase 'new' could imply a reboot, revival, or alternate media adaptation (e.g., a 2019 film or upcoming projects). Since the query lacks specificity about which version of the show or medium being referenced, the required information to identify the correct performer cannot be unambiguously determined.",1.0,1,1.0,['Jessica Simpson'],1,1.0,1.0
how much of the world's diamonds does de beers own,What was De Beers' share of global rough diamond production in 2013?,['33% in 2013'],"[""De Beers controls about 30-40% of the world's diamond production.""]","The query asks for the proportion of the world's diamonds controlled by De Beers. While it identifies the subject (De Beers) and the object (diamonds), the phrasing 'the world's diamonds' is ambiguous. This could refer to total diamond reserves, annual production, market capitalization, or other metrics. Additionally, 'own' may imply direct ownership of mines, equity stakes, or control via partnerships, which are not explicitly clarified. Without specifying the metric or timeframe, the query lacks sufficient detail to produce a definitive answer.",0.0,0,0.5,"[""De Beers' share of global rough diamond production in 2013 was approximately 37%.""]",0,0.25,0.0
what is a cvv code on a visa gift card,"What is a CVV code, a security feature used in payment card transactions?","['a security feature for ""card not present"" payment card transactions instituted to reduce the incidence of credit card fraud']",['A CVV code on a Visa gift card is a 3-digit security code located on the back of the card.'],"The query references 'CVV' (Cipher Verification Value), which is a security code typically associated with traditional credit or debit cards (3-4 digits on the back). However, Visa Gift Cards do not generally include a CVV code, as they are preloaded with funds and lack the same transactional features as conventional payment cards. The query conflates terminology specific to standard银行卡 with a product type (gift card) that operates under different security protocols. This creates ambiguity, as the concept of a CVV does not directly apply to gift cards, requiring clarification on whether the user is referring to a separate security code or a misunderstanding of gift card functionality.",0.25,0,0.75,"[""A CVV code is a 3- or 4-digit number on a payment card used to verify the cardholder's identity during transactions.""]",0,0.2352941176,0.75
where does the phrase train of thought come from,"Who introduced and elaborated the phrase 'train of thought' as early as 1651, and in what specific work?",['introduced and elaborated as early as in 1651 by Thomas Hobbes in his Leviathan'],"[""The phrase 'train of thought' originates from the metaphor of a train, representing a sequence or progression of connected ideas, and dates back to the 17th century.""]","The query asks for the origin of the phrase 'train of thought,' which requires identifying its earliest known usage, author, or contextual source. While the phrase is widely recognized, its etymological roots may involve multiple potential candidates (e.g., literary works, philosophical texts, or colloquial evolution). The query lacks specificity regarding the timeframe, discipline, or exact context in which the phrase originated, leading to ambiguity in how the answer should be framed. Additionally, the term could refer to either its linguistic history or its metaphorical usage in cognitive science, further contributing to the lack of clarity.",0.0555555556,0,0.25,"[""Thomas Hobbes in 'Leviathan'""]",0,0.4444444444,1.0
who plays at the prudential center in newark,Which sports teams play at the Prudential Center in Newark?,"['New Jersey Devils' ""Seton Hall Pirates men's basketball""]","[""- New Jersey Devils (NHL)  \n- Seton Hall Pirates men's basketball team  \n- Various concerts and events""]","The query is ambiguous due to the vague use of 'plays.' The word 'plays' can refer to multiple concepts: (1) sports teams that perform at the venue (e.g., NJ Devils, Nets), (2) performers in live events/concerts, or (3) athletes participating in games. While the location (Prudential Center in Newark) is clearly specified, the intent behind 'plays' remains unresolved. Additional context is needed to determine if the user refers to sports teams, entertainers, or another type of event.",0.5263157895,0,0.75,"[""- New Jersey Devils (NHL)  \n- Seton Hall Pirates men's basketball (NCAA)""]",0,0.6666666667,0.5
who played raquel in only fools and horses,Who played Raquel Turner in the British television sitcom Only Fools and Horses?,['Tessa Peake-Jones'],['Tessa Peake-Jones'],"The query asks for the actor who played a character named 'Raquel' in the TV show 'Only Fools and Horses'. A detailed examination reveals that 'Raquel' is not a recognized character in the original series. The primary female character in the show is Mary (played by Patricia Quinn). There may be confusion with 'Rachel', a character in the show, or potential typos. Additionally, the query lacks contextual details such as the specific season or episode, though this is less critical for identifying the actor. Since 'Raquel' is not a valid character in the show, the query is underspecified due to inaccuracies in the character name.",1.0,1,1.0,['Tessa Peake-Jones'],1,1.0,1.0
when did come fly with me come out,When was Michael Bublé's 'Come Fly With Me' released?,['25 December 2010'],"['December 25, 2010']","The query asks for the release date of the song 'Come Fly With Me,' but it fails to specify which version or artist. Multiple songs share this title (e.g., Eartha Kitt's 1962 rendition, Tove Lo's 2014 pop version). Without additional context, the request cannot be resolved definitively. The ambiguity stems from the lack of specificity regarding the song's origin or artist.",1.0,0,1.0,"['March 8, 2004']",0,0.0,0.0
where does stevia in the raw come from,From what specific plant part and species is the sweetener Stevia in the Raw derived?,['the leaves of the plant species Stevia rebaudiana'],['Stevia in the Raw comes from the leaves of the stevia plant.'],"The query asks about the geographic origin of 'stevia in the raw,' which refers to the purified steviol glycoside form of stevia. While 'stevia' itself is derived from the plant *Stevia rebaudiana* native to South America, the term 'in the raw' specifies the unprocessed form. The query lacks specificity regarding whether it seeks the plant's native regions (e.g., Paraguay, Brazil) or the manufacturing origins of the product. However, the core intent is clearly defined enough to infer the expected answer related to the plant's natural habitat.",0.5333333333,0,1.0,['Leaves of the Stevia rebaudiana plant'],0,0.9090909091,1.0
the rules committee in the house of representatives is able to,What is the rules committee in the house of representatives able to do?,['determining under what rule other bills will come to the floor'],['- Set the terms for debate on a bill.  \n- Determine whether amendments can be added to a bill.  \n- Control the legislative calendar.  \n- Expedite or delay the consideration of legislation.'],"The query is incomplete and lacks a clear question or target action. While it references the 'rules committee' and its role in the House of Representatives, the phrase 'is able to' is followed by an unfinished thought. The user likely intends to inquire about the committee's authorities or capabilities (e.g., 'what is the rules committee able to do?'), but the current formulation fails to specify the exact scope of inquiry. Without a defined object or context, the query remains ambiguous and insufficiently structured to elicit a precise response.",0.0606060606,0,1.0,['- Set the terms for debate on a bill.\n- Determine whether amendments can be made to a bill.\n- Schedule bills for floor consideration.\n- Establish time limits for debate.'],0,0.1764705882,1.0
what part of maryland is close to washington dc,What is the name of the metropolitan area that includes Washington D.C. and its surrounding functionally integrated parts of Maryland?,['Washington metropolitan area'],"['Montgomery County' ""Prince George's County""]","The query asks for a geographic region in Maryland proximate to Washington, D.C., but fails to define 'close' (e.g., distance threshold, administrative boundaries) or clarify if it refers to counties, cities, or specific landmarks. While common knowledge associates areas like Montgomery County, Prince George's County, or the Northern Neck with proximity, the absence of explicit criteria leaves multiple valid answers. Additionally, 'part' is ambiguous—does it mean a single municipality, a county, or a broader regional area?",0.0,0,0.75,['Washington Metropolitan Area'],1,1.0,1.0
when did the democratic party change its name,When did the Democratic-Republican Party officially adopt the name 'Democratic Party'?,['the 1830s'],['The Democratic Party has always been known as the Democratic Party since its founding in the 1820s.'],"The query asks about a potential name change of the Democratic Party, but does not specify which iteration of the party or which historical period. The Democratic Party has undergone multiple rebrandings (e.g., from 'Democratic-Republican' to 'Democratic', and later iterations), and the term 'Democrat' predates the modern party. Without clarification on the specific entity or timeframe, the question lacks sufficient detail to identify a unique answer.",0.0,0,0.0,"[""The Democratic-Republican Party did not officially adopt the name 'Democratic Party'; it evolved into the Democratic Party in the 1820s.""]",0,0.0,0.0
how long did it take voyager to reach pluto,How long did it take New Horizons to reach Pluto?,"['3 years, 3 months, 9 days']",['- Voyager spacecraft did not visit Pluto.'],"The query is underspecified due to multiple ambiguities. First, 'voyager' refers to two distinct probes (Voyager 1 and Voyager 2), but the query does not clarify which one is intended. Second, Pluto is no longer classified as a planet (reclassified as a dwarf planet in 2015), though the query treats it as a valid destination. Third, neither Voyager 1 nor Voyager 2 ever reached Pluto; the New Horizons mission was the first to visit Pluto. The lack of specific details about the spacecraft, destination, or context makes the query unclear and requires additional information to resolve.",0.0,0,0.0,['9 years and 6 months'],0,0.5454545455,0.0
what was the name of darth vader star destroyer,What was the name of the Imperial Star Destroyer that Darth Vader was aboard when it captured Princess Leia's Tantive IV at the beginning of Star Wars: A New Hope?,['Devastator'],['Executor'],"The query asks for the name of a Star Destroyer associated with Darth Vader. While Darth Vader is a well-known Star Wars character, the term 'Star Destroyer' refers to a class of warships used by the Galactic Empire. The query lacks specificity regarding which Star Destroyer (e.g., the *Chimaera*, *Victory*, or others) is being referenced. Additionally, in most Star Wars media, Darth Vader does not personally command a named Star Destroyer; he often pilots smaller vessels like the *TIE fighter* or uses the *Millennium Falcon*. Without further contextual clues (such as a specific movie, book, or timeline), the query cannot be definitively answered.",0.0,0,0.0,['Devastator'],1,1.0,1.0
who was the successful commanding general of the northern forces in the civil war,Who was the commanding general of the Union Army of the Potomac who successfully halted Robert E. Lee's first invasion of the North during the American Civil War?,['George B. McClellan'],['Ulysses S. Grant'],"The query seeks information about a 'successful' commanding general of the Northern forces during the Civil War. While the subject matter (American Civil War, Northern forces) is clear, the term 'successful' lacks operationalization. Success could refer to strategic wins, overall battlefield effectiveness, leadership acumen, or post-war legacy. Multiple candidates exist (e.g., Ulysses S. Grant, William Tecumseh Sherman, George Meade), and the query does not specify metrics for evaluating 'success.' Additionally, the timeframe for assessing success is unspecified, further contributing to ambiguity.",0.0,0,0.0,['George B. McClellan'],1,1.0,1.0
who are the dallas cowboys playing on thanksgiving,Who were the Dallas Cowboys playing on Thanksgiving in 2019?,['the Detroit Lions'],['The Washington Commanders'],"The query seeks information about the Dallas Cowboys' game schedule on Thanksgiving. While 'Thanksgiving' refers to a specific holiday with a known date (the fourth Thursday of November), the query does not specify a year. This omission creates ambiguity, as the Cowboys' opponents and schedules vary by season. Additionally, the phrase 'playing on thanksgiving' could refer to any game held on a Thanksgiving day, which may occur multiple times depending on the year. Without explicitly stating the year or providing additional contextual clues (e.g., 'this year' or 'in 2023'), the query lacks sufficient specificity to definitively identify the intended event.",0.0,0,0.0,['Buffalo Bills'],0,0.0,0.0
name the tissue type of the inner most layer of cells,What is the tissue type of the innermost layer of cells lining the lumen of the human digestive tract?,['Epithelium'],['Epithelial tissue'],"The query asks for the 'tissue type' of the 'inner most layer of cells,' but it lacks critical contextual information. The term 'cells' is vague—does it refer to a specific organism (e.g., human, plant), organ system, or cellular arrangement (e.g., epithelial, connective)? Without specifying the biological context (e.g., root, stomach, blood vessel), multiple possible answers exist. For instance, in plants, the endodermis is the innermost layer of root cells, while in humans, the innermost layer of the digestive tract is stratified columnar epithelium. The absence of specificity creates ambiguity.",0.0,0,1.0,['Simple columnar epithelium'],0,0.5,1.0
who pays medical bills in great britain where does the money come from to pay these bills,"In Great Britain, what is the primary source of funding for the National Health Service (NHS)?",['general taxation'],"['- The National Health Service (NHS) pays medical bills in Great Britain.  \n- The money comes from taxation, primarily funded by general taxes and National Insurance contributions.']","The query seeks to understand two related concepts: (1) the entity responsible for paying medical bills in the UK and (2) the origin of funds used for those payments. While the UK's National Health Service (NHS) typically covers publicly-funded medical services through taxation, the query lacks specificity regarding whether the focus is on NHS, private healthcare, or hybrid models. Additionally, 'medical bills' may imply private billing scenarios (e.g., private hospitals/care) where payment mechanisms differ. The ambiguity around the scope of 'medical bills' (public vs. private) and the absence of contextual detail (e.g., patient responsibility, statutory coverage) render the query underspecified.",0.16,0,1.0,['General taxation'],1,1.0,1.0
the first political society started under british rule in india was,What was the first formal political association established in British India?,['The British Indian Association'],"[""The Bengal Landholders' Society (formed in 1838)""]","The query seeks information about the 'first political society' established under British rule in India. However, several critical ambiguities exist: (1) 'Political society' is not explicitly defined — it could refer to a political party, reform movement, association, or other organizational form; (2) Historical definitions of 'society' vary (e.g., the Indian National Congress was founded in 1885, while earlier groups like the Brahmo Samaj predate British rule); (3) The timeline 'under British rule' is vague, as Britain's control over India began in 1757 with the Battle of Plassey. Additionally, no contextual clues are provided to distinguish between societal forms (e.g., religious associations vs. political entities). These uncertainties prevent a definitive answer.",0.0,0,0.0,['The Bengal British India Society (1843)'],0,0.25,0.0
where does a wrinkle in time take place,Where does the novel A Wrinkle in Time take place?,['Connecticut'],"['Earth' 'Camazotz' 'Ixchel' 'Uriel' ""The Happy Medium's cave""]","The query refers to 'A Wrinkle in Time,' which can refer to either the 1962 science fiction novel by Madeleine L'Engle or its 2005 film adaptation. The novel is set in a fictional town in New England, while the film incorporates elements of space-time travel and alternate dimensions. Without explicit clarification of which medium (novel/film) the user is referencing, the answer hinges on ambiguity. Additionally, the phrase 'wrinkle in time' may evoke different interpretations depending on context, further contributing to underspecification.",0.0,0,0.0,"['Earth' 'Camazotz' 'Ixchel' ""The Happy Medium's cavern""]",0,0.0,0.0
when was the last time clemson won the national championship,When was the last time Clemson won the national championship in football?,['2016'],['2018'],"The query asks for the 'last time' Clemson won a national championship but does not specify the sport (e.g., football, basketball, baseball). Clemson competes in multiple sports with distinct national championships, and the answer depends on context. Without clarification, the query cannot be uniquely resolved.",0.0,0,0.0,['2018'],0,0.0,0.0
the duluth model is an intervention program that emphasizes,"What does the Duluth Model, as an intervention program, primarily emphasize?",['re-education'],"['Addressing domestic violence through understanding power and control dynamics.'
 'Promoting accountability for perpetrators.'
 'Supporting victims and survivors of abuse.']","The query introduces the Duluth Model as an intervention program but fails to specify the exact focus or elements being emphasized. While the subject matter is clear, the sentence structure leaves critical details unspecified (e.g., what aspects of the model are highlighted, such as therapeutic approaches, behavioral strategies, or societal factors). This ambiguity prevents the query from eliciting a definitive or targeted response.",0.0,0,0.25,['The Duluth Model primarily emphasizes addressing power and control dynamics in abusive relationships.'],0,0.0,0.25
what is the meaning of the movie wonder,What is the main premise of the 2017 film 'Wonder'?,['a child with Treacher Collins syndrome trying to fit in'],"[""The movie 'Wonder' conveys themes of kindness, acceptance, empathy, and the importance of looking beyond appearances to understand people's inner struggles.""]","The query lacks specificity regarding which movie titled 'Wonder' is being referenced (e.g., the 2017 film starring Julia Roberts, or potential lesser-known versions). Additionally, the term 'meaning' is vague—does it refer to thematic elements, symbolic interpretations, or the film's overall message? Without clarifying these points, the response risks ambiguity or misalignment with the intended focus.",0.0714285714,0,0.5,"['A boy with facial differences attends a mainstream school for the first time, facing challenges and inspiring others with his courage and kindness.']",0,0.0689655172,1.0
who designed the traffic circle in long beach ca,"Who designed the Los Alamitos Traffic Circle in Long Beach, CA?",['German engineer Werner Ruchti'],['Harvey H. Smith'],"The query asks for the designer of a traffic circle in Long Beach, California. While the location (Long Beach, CA) and subject (traffic circle) are clearly defined, the query lacks specificity regarding which particular traffic circle is being referenced. Long Beach contains multiple traffic circles (e.g., those associated with ports, highways, or neighborhoods), and without additional contextual clues (such as a specific name, landmark, or geographic detail), the query cannot definitively identify the target structure. This ambiguity introduces potential for multiple valid answers or incomplete results.",0.0,0,0.0,['Katherine Spitz'],0,0.0,0.0
what is the democracy of the united states,What is the form of government of the United States?,['federal republic'],['The United States is a federal constitutional republic and representative democracy where citizens elect officials to represent their interests and make decisions on their behalf.'],"The query appears to seek information about the nature of the U.S. political system, specifically its democratic characteristics. While 'democracy' inherently refers to a system of government by the people, the phrase 'the democracy of the United States' is ambiguous. It could imply questions about the type (e.g., liberal democracy, representative democracy), historical development, structural features, or comparisons to other systems. The lack of specificity regarding the scope (e.g., 'type,' 'structure,' 'history') makes the query underspecified, as multiple interpretations exist and additional context would clarify the intended focus.",0.16,0,1.0,['Federal constitutional republic'],0,0.8,1.0
who won the medals in men's figure skating 2018,Who won the medals in men's figure skating at the 2018 PyeongChang Winter Olympics?,['Yuzuru Hanyu' 'Shoma Uno' 'Javier Fernández'],['- Gold: Yuzuru Hanyu (Japan)  \n- Silver: Shoma Uno (Japan)  \n- Bronze: Javier Fernández (Spain)'],"The query seeks information about medalists in men's figure skating during the year 2018. While '2018' provides a temporal reference, it does not explicitly clarify which specific event (e.g., Winter Olympics, World Championships, or another competition) is being referenced. Additionally, the term 'medals' could apply to multiple events within the same year. Since the query lacks explicit details about the competition type or venue, it remains ambiguous. However, the most likely interpretation is the 2018 Winter Olympics in PyeongChang, as that is the primary international event associated with figure skating in that year. Still, without confirmation, the query could potentially refer to other events.",0.2857142857,0,1.0,['- Gold: Yuzuru Hanyu (Japan)  \n- Silver: Shoma Uno (Japan)  \n- Bronze: Javier Fernández (Spain)'],0,0.2857142857,0.5
how many gallons of water in the gulf of mexico,"What is the approximate volume of water in the Gulf of Mexico, expressed in both US and Imperial gallons?","['2,500 quadrillion liters (550 quadrillion Imperial gallons, 660 quadrillion US gallons, 2.5 million km3 or 600,000 cu mi)']",['Approximately 643 quadrillion gallons'],"The query asks for the volume of water in the Gulf of Mexico measured in gallons. While the Gulf of Mexico is a defined geographic region, determining its exact volume requires accounting for dynamic factors such as tidal fluctuations, seasonal variations, and sediment accumulation. Additionally, 'gallons' specifies a unit of volume, but the query does not clarify whether it refers to U.S. liquid gallons, imperial gallons, or another standard. Furthermore, the absence of a specific timeframe (e.g., current volume, historical averages) makes it impossible to provide a definitive numerical answer without assumptions. These missing details render the query underspecified.",0.1818181818,0,0.25,['- Approximately 643 quadrillion US gallons  \n- Approximately 536 quadrillion Imperial gallons'],0,0.4285714286,0.0
what are the top five wine producing states,What are the top five wine producing states in the United States?,['California' 'Washington' 'New York' 'Pennsylvania' 'Oregon'],['California' 'Washington' 'New York' 'Oregon' 'Texas'],"The query lacks geographic context. While 'states' implies a country with distinct administrative divisions (e.g., USA, France, Italy), the term 'wine-producing states' is not uniquely defined without specifying the country. Different nations have varying lists of top wine-producing regions. For example, in the U.S., California leads, while in France, regions like Bordeaux and Burgundy are prominent. The absence of a specified country creates ambiguity about which jurisdiction's data to use.",1.0,1,1.0,['California' 'Washington' 'New York' 'Oregon' 'Texas'],1,1.0,0.75
what is the longest english word in the dictionary,What is the longest non-hyphenated English word listed in a major general-purpose dictionary?,['pneumonoultramicroscopicsilicovolcanoconiosis'],['Pneumonoultramicroscopicsilicovolcanoconiosis'],"The query lacks specificity regarding which dictionary (e.g., Oxford, Merriam-Webster) or criterion (e.g., official recognition, length measurement method) to use. Multiple sources may list different words as 'longest,' such as 'pneumonoultramicroscopicsilicovolcanoconiosis' (29 letters) or other variations depending on context or dictionary standards. Without clarifying these parameters, the query cannot yield a singular, unambiguous answer.",1.0,1,1.0,['Pneumonoultramicroscopicsilicovolcanoconiosis'],1,1.0,1.0
ethiopia flight 961 crashes in to the sea,When did Ethiopian Airlines Flight 961 crash into the sea?,['23 November 1996'],"['Ethiopian Airlines Flight 961 crashed into the Indian Ocean near the Comoros Islands on November 23, 1996, after being hijacked and running out of fuel.']","The query specifies the airline (Ethiopian Airlines) and flight number (961), but fails to provide critical contextual details such as the date of the incident, geographic coordinates, or precise circumstances of the crash. While the event refers to a real historical tragedy (Ethiopian Airlines Flight 961 crashed into the Sea of Arabia in 1989), the lack of temporal and spatial specificity creates ambiguity. Without additional context, the query could refer to other potential incidents involving similar descriptions.",0.2307692308,0,1.0,"['November 23, 1996']",0,1.0,1.0
what are the main functions of the stem,What are the main functions of a plant stem?,"['Support for and the elevation of leaves, flowers and fruits'
 'Transport of fluids between the roots and the shoots in the xylem and phloem'
 'Storage of nutrients' 'Production of new living tissue']",['- Support the plant.\n- Transport water and nutrients.\n- Store food and nutrients.\n- Facilitate growth and development.'],"The query refers to the term 'stem,' which is ambiguous without contextual clarification. Depending on the discipline, 'stem' could relate to: (1) botanical anatomy (e.g., plant stems providing structure and nutrient transport), (2) statistics (e.g., stem-and-leaf plots organizing data), (3) engineering/mechanics (e.g., structural supports), or (4) other specialized fields. The lack of specificity prevents accurate identification of the intended meaning.",0.2608695652,0,1.0,"['- Support the plant and hold it upright.  \n- Transport water, nutrients, and sugars between roots and leaves.  \n- Store nutrients and water.  \n- Facilitate growth and development.']",0,0.2941176471,0.75
when does precipitate form in a chemical reaction,What is the general physical state of the reaction medium required for a precipitate to form in a chemical reaction?,['When the reaction occurs in a liquid solution'],['A precipitate forms when two soluble substances react to produce an insoluble solid in a solution.'],"The query asks for the conditions under which a precipitate forms during a chemical reaction, but it lacks critical specificity. Precipitation depends on factors such as the identities of the reacting species, their concentrations, solution temperatures, and solubility rules. Without specifying particular reagents, environmental conditions, or contextual constraints (e.g., qualitative vs. quantitative analysis), the question cannot be answered definitively. The response would require additional parameters to determine the exact timing or circumstances of precipitation.",0.3157894737,0,1.0,['The reaction medium must generally be in a liquid state.'],0,0.4285714286,1.0
suburbanization of more developed countries is mostly due to,What specific pattern of residential choice and work location primarily drives suburbanization in more developed countries?,"['Many residents of metropolitan regions work within the central urban area, and choose to live in satellite communities called suburbs and commute to work']","['Desire for larger living spaces'
 'Improved transportation infrastructure' 'Increased car ownership'
 'Perception of better quality of life in suburbs'
 'Lower crime rates compared to urban areas']","The query asks for the primary cause of suburbanization in more developed countries. While common factors (e.g., automotive infrastructure, economic shifts, policy decisions) are often cited, the query lacks specificity about temporal scope, geographic focus, or contextual constraints. Multiple plausible explanations exist, and the term 'mostly due to' implies ambiguity in identifying a single dominant factor. Without additional qualifiers, the query remains open to interpretation.",0.1935483871,0,0.25,['People choose to live in suburbs for larger homes and better living conditions while commuting to urban areas for work.'],0,0.4186046512,0.75
who developed the central processing unit (cpu),Who developed the fundamental architectural concept for the central processing unit (CPU)?,['John von Neumann'],['The concept of the CPU was developed by John von Neumann and his team in the 1940s.'],"The query asks for the developer of the 'central processing unit (CPU)', but does not specify which particular CPU or era. CPUs have evolved significantly over time, with different engineers and companies contributing to various generations. Without additional context (e.g., specifying a particular CPU model, year, or technological advancement), the query lacks sufficient constraints to pinpoint a single definitive answer. The term 'CPU' is broad and could refer to early vacuum tube-based designs, integrated circuits, or modern microprocessors, each with distinct creators.",0.3529411765,0,1.0,['John von Neumann'],1,1.0,1.0
what is the latest version of microsoft office 2010,What is the final build number for Microsoft Office 2010 after all updates and service packs?,['14.0.7182.5000'],['The latest version of Microsoft Office 2010 is Service Pack 2 (SP2).'],"The query asks for the 'latest version' of Microsoft Office 2010. However, Microsoft Office 2010 was officially discontinued over a decade ago, with no subsequent major updates or versions released after its initial launch in 2010. The term 'latest version' implies ongoing development or updates, which do not exist for this product line. Additionally, the query may be based on a misunderstanding, as users might confuse Office 2010 with newer versions like Office 2016, 2019, or 2021. Without clarification on whether the user refers to the original 2010 release, a service pack (e.g., SP1), or a mistaken assumption about newer versions, the query remains underspecified.",0.0,0,0.0,['14.0.7268.5000'],0,0.0,0.0
where will be the next olympics be held,Where will the 2020 Summer Olympics be held?,['Tokyo'],"['Paris, France']","The query contains grammatical errors ('will be the next olympics be held') and ambiguities. While the intent is clear (to find the location of the next Olympics), critical specifications are missing: 1) The query does not clarify whether it refers to the Summer, Winter, or another variant of the Olympics; 2) 'Next' is ambiguous as the Olympics occur every two years (for some types) or quadrennially, requiring contextual knowledge of the current timeline; 3) No additional filters (e.g., specific continent, city, or year) are provided. These gaps mean the query requires external assumptions to resolve.",0.0,0,0.0,"['Tokyo, Japan']",0,0.6666666667,1.0
what is the point in a rugby scrum,What is the purpose of a rugby scrum?,['restarting play after a minor infringement'],['To restart play after a minor infringement or stoppage.'],"The query is ambiguous due to the term 'point' being undefined. In rugby, a scrum is a tactical formation for restarting play, but 'point' could refer to multiple concepts: (1) the strategic purpose/importance of a scrum, (2) the physical positioning/momentum generated during a scrum, or (3) a literal interpretation of 'point' (e.g., scoring opportunity). The lack of clarification on which meaning of 'point' the user intends makes the query underspecified.",0.6153846154,0,1.0,['To restart play after a minor infringement or stoppage.'],0,0.6153846154,1.0
who lives at the end of king lear,"In William Shakespeare's tragedy *King Lear*, according to common theatrical interpretations, which characters are still alive at the play's conclusion?",['Edgar' 'Albany' 'Kent'],['Edgar' 'Albany'],"The query asks about the survival of characters in 'King Lear,' a Shakespearean tragedy. While the play's结局 is generally understood to involve Cordelia and Edgar surviving, the exact outcome can vary depending on the edition or interpretation of the work (e.g., differences between the 1605 quarto and 1681 folio). Additionally, secondary characters like Fool or certain servants may also be considered in different analyses. Without specifying a particular edition, performance, or critical perspective, the answer remains ambiguous.",1.0,1,1.0,['Albany' 'Edgar' 'Kent'],1,1.0,1.0
how tall was the tsunami that hit japan,What was the maximum run-up height of the tsunami that hit Japan during the 2011 Great East Japan Earthquake?,['up to 40.5 metres (133 ft)'],['- The tsunami that hit Japan in 2011 reached heights of up to 40.5 meters (133 feet) in some areas.'],"The query asks for the height of a tsunami 'that hit Japan,' but does not specify which tsunami event (e.g., 2011 Tohoku earthquake tsunami, 1896 Sanriku tsunami, etc.). Multiple tsunamis have historically affected Japan with varying heights. While the 2011 tsunami is commonly referenced, the lack of temporal or geographic specificity creates ambiguity. The question also fails to clarify whether 'height' refers to wave amplitude, run-up distance, or another measurement. Without additional context, the query cannot be resolved definitively.",0.3333333333,0,1.0,['The maximum run-up height of the tsunami was 40.5 meters (133 feet).'],0,0.25,1.0
what is the secret of the law of attraction,What is the Law of Attraction?,['the belief that by focusing on positive or negative thoughts people can bring positive or negative experiences into their life'],['Focus on positive thoughts and emotions to attract desired outcomes.'],"The query asks for 'the secret' of the Law of Attraction, a concept with varied definitions across spiritual, New Age, and self-help contexts. The term 'secret' introduces vagueness, as the Law of Attraction encompasses multiple interpretations (e.g., focused intention, subconscious programming, energy alignment). The lack of specificity regarding whether the user seeks historical origins, practical applications, philosophical underpinnings, or critiques leaves the request ambiguous. Additionally, the phrase 'secret' may imply a single, undiscovered truth, which conflicts with the multifaceted nature of the topic.",0.2068965517,0,1.0,"[""The Law of Attraction is the belief that positive or negative thoughts bring corresponding positive or negative experiences into a person's life.""]",0,0.6842105263,1.0
how far is the pitchers mound to home plate in little league baseball,What is the distance from the pitcher's mound to home plate in Little League Junior League baseball?,['exactly 60 feet 6 inches (18.44 m) from the rear point of home plate'],['46 feet'],"The query asks about the distance between the pitcher's mound and home plate in 'little league baseball,' but does not specify which division of Little League (e.g., Tee Ball, Junior League, Class A, Class B, etc.) the user is referencing. Little League has multiple tiers with distinct field dimensions. While the general public may associate 'Little League' with a standardized distance (often 40 feet for younger players), the absence of specificity regarding the league level means the answer could vary. This lack of contextual detail renders the query underspecified.",0.1333333333,0,0.0,['60 feet 6 inches'],0,0.4705882353,0.5
who are the leaders of the jehovah witnesses,Who are the current members of the Governing Body of Jehovah's Witnesses?,"['Kenneth Cook' 'Samuel F. Herd' 'Geoffrey Jackson' 'Mark Stephen Lett'
 'Gerrit Lösch' 'Anthony Morris III' 'Mark Sanderson' 'David H. Splane']","[""The Governing Body of Jehovah's Witnesses""]","The query asks for 'leaders' of the Jehovah's Witnesses, but does not specify which层级或角色 of leadership (e.g., global leadership, regional leaders, church elders). While the organization has a clear hierarchy with titles like 'General Overseer' and 'President', the term 'leaders' is too broad without additional context. Additionally, the query lacks specificity regarding geographic scope (global vs. local) or temporal focus (current vs. historical leaders). This ambiguity means multiple valid answers could exist, making the query underspecified.",0.0,0,0.25,"['Kenneth Cook' 'Samuel Herd' 'Geoffrey Jackson' 'Stephen Lett'
 'Gerrit Lösch' 'Anthony Morris III' 'Mark Sanderson' 'David Splane']",1,1.0,1.0
when did the smoking ban in public places start,When did the smoking ban in public places start in California?,['1995'],"['The smoking ban in public places started on March 26, 2006, in Scotland.'
 'It started on April 2, 2007, in Wales.'
 'It started on April 30, 2007, in Northern Ireland.'
 'It started on July 1, 2007, in England.']","The query asks for the date when a smoking ban in public places began, but it does not specify a geographic location (e.g., country, city) or jurisdiction. Smoking bans vary by region, with different implementation dates across locations like New York City (2003), England (2007), or Australia (varied starting points). Without additional context, the query cannot be answered definitively as it lacks specificity.",0.0,0,0.0,"['January 1, 1995']",0,0.5,1.0
the main idea of limited government is that,What is the main idea of limited government?,"['the government is empowered by law from a starting point of having no power, or where governmental power is restricted by law, usually in a written constitution']",['Government power is restricted by laws and a constitution.'],"The query appears to be incomplete as it ends with 'is that' without specifying what the main idea is. While the topic ('limited government') is clearly defined, the question lacks clarity on what aspect of the concept is being asked (e.g., its defining principle, historical context, philosophical basis, etc.). This omission makes it difficult to determine the exact focus of the inquiry.",0.375,0,1.0,['The main idea of limited government is that governmental power is restricted by laws or a constitution to protect individual rights and prevent abuse of authority.'],0,0.4166666667,1.0
is the united states a country or nation,"Considering its status as a politically independent sovereign territory with defined borders and government, is the United States a country or a nation?",['country'],['The United States is both a country and a nation.'],"The query seeks to distinguish between 'country' and 'nation', two concepts that overlap but have distinct meanings. A 'country' refers to a politically independent territory with sovereignty, while a 'nation' often denotes a group of people sharing cultural, linguistic, or historical ties. The U.S. is universally recognized as a sovereign country (with defined borders, government, and international recognition). However, the term 'nation' may ambiguously refer to the collective identity of its diverse populations. The question's core issue lies in the overlapping terminology: the U.S. is both a country and a nation in certain contexts, but the query does not specify the criteria (e.g., political sovereignty vs. cultural identity) for making this distinction. This lack of contextual clarity renders the question ambiguous.",0.25,0,0.25,['The United States is a country.'],0,0.4,1.0
name three large lakes other than the great lakes in the united states,"Name three of the largest natural lakes by surface area in the United States, excluding the Great Lakes, that are not estuaries or heavily modified for water management.",['Great Salt Lake' 'Lake of the Woods' 'Iliamna Lake'],['- Great Salt Lake  \n- Lake Okeechobee  \n- Lake Tahoe'],"The query asks for 'three large lakes' outside the Great Lakes. While the exclusion of the Great Lakes provides clarity, the term 'large' is ambiguously defined. There is no explicit standard (e.g., minimum surface area) to determine which lakes qualify as 'large.' Additionally, the query may imply a geographical expectation, but without specifying regions or criteria, interpretations could vary. Commonly known alternatives like Lake Superior (a Great Lake) complicate the scope, further highlighting the vagueness of 'large.'",0.6,0,1.0,['- Great Salt Lake (Utah)  \n- Lake Iliamna (Alaska)  \n- Lake Okeechobee (Florida)'],0,0.4615384615,0.75
what is the snow on mars made of,What is the primary constituent of the seasonal snow deposits observed on Mars' polar caps?,['CO2 ice (dry ice)'],['Carbon dioxide (dry ice)' 'Water ice'],"The query asks about the composition of 'snow' on Mars. While Mars is known to have dry ice (carbon dioxide) rather than water ice, the term 'snow' could ambiguously refer to either. The query assumes familiarity with Martian atmospheric chemistry and geological features (e.g., seasonal polar caps). A technically accurate answer requires knowing that Mars' snow consists of frozen CO₂, but the ambiguity arises from the lack of explicit clarification about the type of snow being referred to. Additionally, the query does not account for contextual factors like temperature, pressure, or location on Mars (polar vs. equatorial regions), which influence the form of surface ice.",0.5,0,1.0,['Carbon dioxide'],0,0.0,1.0
what is the name of india pakistan border,What is the India-Pakistan border locally known as?,['known locally as the International Border (IB)'],['Radcliffe Line'],"The query asks for the 'name' of the India-Pakistan border. While the Line of Actual Control (LAC) is the widely recognized term for the de facto boundary between India and Pakistan, the phrase 'name of the border' lacks specificity. The query does not clarify whether it refers to the LAC, historical agreements (e.g., Line of Control in Jammu and Kashmir), or other terminology. Additionally, the absence of geographic context (e.g., regions, features, or treaties) makes the query ambiguous. Without further detail, the request remains underspecified.",0.0,0,0.25,['The Radcliffe Line'],0,0.0,0.0
where will the first round of march madness be played,What are the venues for the first round of the 2018 March Madness tournament?,"['PPG Paints Arena, Pittsburgh, Pennsylvania (Host: Duquesne University)'
 'Intrust Bank Arena, Wichita, Kansas (Host: Wichita State University)'
 'American Airlines Center, Dallas, Texas (Host: Big 12 Conference)'
 'Taco Bell Arena, Boise, Idaho (Host: Boise State University)'
 'Spectrum Center, Charlotte, North Carolina (Host: University of North Carolina at Charlotte)'
 'Little Caesars Arena, Detroit, Michigan (Host: University of Detroit Mercy)'
 'Bridgestone Arena, Nashville, Tennessee (Host: Ohio Valley Conference)'
 'Viejas Arena, San Diego, California (Host: San Diego State University)']","['The first round of March Madness will be played at various locations across the United States, including venues selected by the NCAA.']","The query asks for the locations of the first round of March Madness, which is an annual NCAA basketball tournament. While March Madness occurs each year, the query does not specify a particular year, leading to ambiguity. The term 'first round' refers to multiple games spread across various venues nationwide, with dates and locations varying annually. Without additional context (e.g., a specific year), the query cannot yield a definitive answer, as the locations and schedules change each year.",0.1290322581,0,0.0,"['- Dayton, Ohio (First Four)  \n- Pittsburgh, Pennsylvania  \n- Wichita, Kansas  \n- Dallas, Texas  \n- Boise, Idaho  \n- Charlotte, North Carolina  \n- Detroit, Michigan  \n- Nashville, Tennessee  \n- San Diego, California']",0,0.2,0.25
when did the us take over wake island,When did the U.S. originally gain control of Wake Island?,"['January 17, 1899']","['The U.S. took possession of Wake Island on January 17, 1899.']","The query asks for the date when the U.S. 'took over' Wake Island. This phrase is ambiguous because Wake Island has historically changed hands multiple times. The U.S. originally gained control of Wake Island in 1899 through the Treaty of Paris following the Spanish-American War. It was briefly held by Japan during World War II (June 1941), after which the U.S. reclaimed it. Without clarification on which specific event the user is referencing (the 1899 cession or the 1941 recapture), the query lacks sufficient specificity to yield a definitive answer.",0.4615384615,0,1.0,"['The U.S. gained control of Wake Island on January 17, 1899.']",0,0.4615384615,1.0
when does the new episodes of supernatural start,When did the thirteenth season of the original series Supernatural premiere?,"['October 12, 2017']",['Supernatural ended in November 2020 and no new episodes are planned.'],"The query asks for the start time of 'new episodes' of 'Supernatural,' but it lacks critical specificity. The term 'new episodes' is ambiguous—does it refer to the next season, a particular episode, or a reboot? Additionally, 'Supernatural' refers to multiple iterations (original series, 2020 revival, spinoffs), and the query does not clarify which version or context is being referenced. Without further details about the specific show, season, or platform (e.g., streaming service), the request cannot be accurately resolved.",0.0,0,0.0,"['October 12, 2017']",1,1.0,1.0
what is the idle line voltage in australia,"What is the on-hook direct current (DC) potential on a standard analog telephone line in Australia, measured with respect to the tip conductor?",['a direct current (DC) potential of −48V to −52V with respect to the tip conductor'],['The idle line voltage in Australia is 230V.'],"The query contains ambiguous terminology ('idle line voltage') that lacks clear contextual definition. 'Idle line voltage' is not a standard technical term in electrical engineering or power systems. While Australia uses 230V AC (single phase) for domestic供电 and 132kV/220kV for transmission, the phrase 'idle line voltage' implies a state of non-operation or minimal load, which is not conventionally defined in national电网 specifications. The query also does not specify whether it refers to residential, commercial, or transmission-line voltage, further contributing to ambiguity.",0.0,0,0.0,['-48V DC'],0,0.1333333333,1.0
who played mr. willoughby in sense and sensibility,Who played Mr. Willoughby in the 1995 film 'Sense and Sensibility'?,['Matthew Gregory Wise'],['Greg Wise'],"The query asks for the actor who portrayed Mr. Willoughby in 'Sense and Sensibility.' While the title specifies the work, the query does not clarify which adaptation (e.g., 1980 BBC series, 2006 film, or other versions) is being referenced. Different adaptations feature distinct actors for the role, making the query ambiguous without additional context.",0.4,0,0.5,['Greg Wise'],0,0.4,0.5
when will the next episode of flash be aired,When did The Flash (CW TV series) Season 4 Episode 23 air?,"['May 15, 2018']","['The Flash series concluded on May 24, 2023, with its final episode.']","The query specifies 'flash' as the show and asks for the airing date of the 'next episode.' While 'flash' is commonly associated with the CW TV series, the query does not explicitly clarify which iteration of 'flash' (e.g., TV series, animated show, etc.) is being referenced. Additionally, the term 'next episode' implies a dynamic timeline dependent on the current date, which varies by region and scheduling changes. Without specifying a particular season, episode number, or geographic location, the query leaves room for ambiguity and requires contextual assumptions.",0.1428571429,0,0.0,"['May 22, 2018']",0,0.6666666667,0.0
when do mr schuester and emma get together,In which season of the original TV series Glee do Mr. Schuester and Emma Pritchett get married?,['the fourth season'],"[""Mr. Schuester and Emma officially get together in Season 2, Episode 22 ('New York') of Glee.""]","The query references characters from the TV show 'Glee' (Mr. Schuester and Emma Pritchett), who are established as a romantic couple in the series. However, the query lacks critical contextual details: (1) It does not specify whether it refers to the original series, a sequel, or a fanwork; (2) It omits seasonal/episodic context (e.g., Season 3's 'Emma' arc); (3) It assumes knowledge of non-canonical lore (e.g., their relationship timeline beyond the show's canon). Without clarifying these elements, the query cannot be resolved definitively due to potential ambiguities across media adaptations or alternate universes.",0.1111111111,0,0.0,['Season 4'],0,0.5,1.0
who is the designer in devil wears prada,Which real-world fashion designer makes a cameo appearance in the film The Devil Wears Prada?,['Valentino Garavani'],['Patricia Field'],"The query asks for 'the designer' in the context of the movie 'Devil Wears Prada.' While the film focuses on fashion and includes references to high-end design brands, the term 'designer' is ambiguously applied. The movie does not center on a single named designer as a protagonist or key character; instead, it portrays the editorial culture of a luxury magazine. Without clarification (e.g., whether the user seeks a fictional character, a real-world brand/designer referenced in the film, or a specific role), the query lacks sufficient specificity to yield a definitive answer.",0.0,0,0.0,['Valentino Garavani'],1,1.0,1.0
when did the cubs won a world series,When did the Chicago Cubs win their most recent World Series?,['2016'],['1907' '1908' '2016'],"The query asks for the date(s) when the Chicago Cubs won a World Series. While the Cubs have historically won the World Series multiple times (e.g., 1907, 1920, 1969, 1971, 2016), the query does not specify which victory (if any) is being referenced. The use of 'a' rather than 'the' suggests the user may be seeking general information about their historical wins, but the lack of clarity on whether they want all dates, specific years, or clarification on the team's current status (e.g., post-2016 performance) makes the query ambiguous.",1.0,1,1.0,['2016'],1,1.0,1.0
when did the first train run in england,When did the earliest documented use of wagonways for industrial transport begin in England?,['1560s'],"['September 27, 1825']","The query asks for the date of the 'first train' in England, but does not clarify critical parameters such as: (1) whether it refers to the first public railway (Stockton and Darlington, 1825), (2) the first intercity rail line (Liverpool and Manchester, 1830), (3) the first steam-powered train, or (4) any other contextual definition. Multiple historically significant events exist, making the query ambiguous without additional constraints.",0.0,0,0.0,['Early 17th century'],0,0.0,0.0
when does auto start-stop automatically shutdown the engine,Under what specific driving condition does a typical auto start-stop system automatically shut down the engine?,['upon braking to a full stop'],"['- When the vehicle is stationary (e.g., at a stoplight).  \n- When the brake pedal is fully pressed (in automatic transmissions).  \n- When specific conditions like engine temperature, battery charge, and cabin climate are optimal.']","The query asks about the timing of engine shutdown in an 'auto start-stop' system but fails to specify critical contextual details. It does not clarify: 1) Which vehicle model/system being referenced (as behavior varies by manufacturer), 2) Specific operational conditions (e.g., idle duration, driving speed, ambient temperature), 3) Whether the inquiry relates to a particular drive cycle (e.g., highway vs. city driving), and 4) If the question pertains to a specific vehicle owner's experience versus general functionality. These omissions create ambiguity about what exactly constitutes 'automatically shutdown' and when.",0.0,0,0.5,"['When the vehicle is stationary, such as at a red light or in traffic, and certain conditions like sufficient battery charge and engine temperature are met.']",0,0.0,0.5
when does elijah first appear in vampire diaries,When does Elijah first appear in The Vampire Diaries (2009-2017 TV series)?,"['""Rose""']","[""Elijah first appears in Season 2, Episode 8 ('Rose').""]","The query asks for the debut appearance of 'Elijah' in 'The Vampire Diaries.' While the title provides context, the term 'Vampire Diaries' refers to multiple media franchises (original TV series, 2014 film, 2020 reboot). The name 'Elijah' is not uniquely tied to a single version of the franchise. For example: - In the original TV series (2009–2017), Elijah is a recurring character who debuted in Season 1, Episode 3 ('The Other Side'). - In the 2014 film, Elijah is a central character introduced earlier. - In the 2020 reboot, Elijah is a newly introduced character. Since the query lacks specificity about which version of the franchise is being referenced, the answer depends on interpretation.",0.2,0,1.0,"[""Elijah first appears in Season 2, Episode 8, titled 'Rose.'""]",0,0.1818181818,1.0
what is the purse for the senior open,What was the purse for the 2011 U.S. Senior Open?,"[""fixed in United States dollars, was $2 million in 2011, with a winner's share of $315,600""]",['The purse for the Senior Open Championship is $2.75 million.'],"The query asks about the 'purse' for the 'Senior Open,' which likely refers to prize money for a golf tournament. However, the term 'Senior Open' is ambiguous as it could refer to multiple events (e.g., PGA Tour's Senior Open, LPGA's Senior Women's Tournament, or other regional/senior-specific championships). The query lacks critical specifics such as: 1) Which tour/event (PGA, LPGA, etc.), 2) Year of the tournament, and 3) Contextual details (e.g., whether it's a specific edition of the event). Without this information, the request cannot be accurately resolved.",0.0869565217,0,0.0,['$2.6 million'],0,0.1176470588,0.0
where is the sweet sixteen 2018 being held,Where were the 2018 NCAA Men's Basketball Tournament Sweet Sixteen games held?,"['Staples Center, Los Angeles, California'
 'Philips Arena, Atlanta, Georgia' 'TD Garden, Boston, Massachusetts'
 'CenturyLink Center Omaha, Omaha, Nebraska']","['The 2018 NCAA Sweet Sixteen games were held in Atlanta, Boston, Los Angeles, and Omaha.']","The query asks for the location of the 'Sweet Sixteen 2018' event. While the event name and year are specified, the term 'Sweet Sixteen' is not uniquely identifying. There may be multiple events with this name across different cities, schools, or organizations. Additionally, no geographic details (e.g., city, state) are provided, making it impossible to definitively answer without further context. The query lacks sufficient constraints to narrow down the specific event and its location.",0.2105263158,0,0.25,"['- Atlanta, Georgia  \n- Boston, Massachusetts  \n- Los Angeles, California  \n- Omaha, Nebraska']",0,0.4285714286,0.25
what is the largest magnitude earthquake that has occurred in the pacific northwest,What is the name of the earthquake with the largest Moment Magnitude (Mw) that has occurred in the Cascadia Subduction Zone throughout all recorded geological history?,['The 1700 Cascadia earthquake'],"['The 1700 Cascadia earthquake, estimated magnitude 8.7–9.2.']","The query asks for the 'largest magnitude' earthquake in the 'Pacific Northwest,' but several ambiguities exist. First, 'Pacific Northwest' is a broad regional term that could encompass varying boundaries (e.g., Washington, Oregon, Idaho, or even parts of British Columbia). Second, 'has occurred' is vague regarding temporal scope—does it refer to historical records, past decades, or all time? Third, while 'magnitude' is clearly defined, the absence of clarification on measurement scale (Richter, Moment Magnitude, etc.) could lead to inconsistent interpretations. These uncertainties prevent a definitive answer without additional constraints.",0.6666666667,0,1.0,['1700 Cascadia earthquake'],1,1.0,1.0
who plays dr. sloan on kevin saves the world,Who plays Dr. Sloan in the television series Kevin (Probably) Saves the World?,['Richard Masur'],['JoAnna Garcia Swisher'],"The query specifies a particular character ('dr. sloan') and a specific television show ('kevin saves the world'), which together uniquely identify the cast member being sought. However, 'kevin saves the world' may refer to a fictional or less widely known production, and 'dr. sloan' might not be a canonical character in that series. Without additional contextual details (e.g., exact show title, season, or clarification of character name), the query risks ambiguity due to potential naming inconsistencies or non-existent references.",0.0,0,0.0,['India de Beaufort'],0,0.0,0.0
who takes over the presidency if the vice president cant,"In the United States, who takes over the presidency if both the President and Vice President are unable to serve?",['Speaker of the House of Representatives'],['Speaker of the House of Representatives'],"The query asks about presidential succession when the vice president is unable to serve. While the general rule is that the speaker of the House becomes president if both the president and vice president are removed from office, the query lacks critical specificity. It does not clarify whether the president is still in office, whether the vice president's inability is due to death, resignation, removal, or incapacity, or whether the scenario involves multiple failures in the line of succession. These ambiguities make the query underspecified.",1.0,1,1.0,['The Speaker of the House of Representatives'],1,1.0,1.0
in a deep mine temperatures increase with depth at the rate of,What is the typical rate at which temperatures increase with depth in a deep mine?,['28–34 °F/mi'],['Approximately 25–30°C per kilometer of depth.'],"The query asks about the rate at which temperatures increase with depth in a deep mine but fails to specify critical parameters such as the numerical value of the rate (e.g., 'how many degrees per meter'), units of measurement, or contextual factors (e.g., geographic location, mineral composition). Additionally, the phrase 'at the rate of' is incomplete, leaving the question open-ended without defining the expected response format or required precision.",0.0,0,0.0,['- Approximately 25–30°C per kilometer.'],0,0.0,0.0
what were the results of the development of florida's railroads,What were the immediate effects of Florida's railroad development on settlement patterns and land use?,['towns grew and farmland was cultivated along the rail line'],['- Growth of tourism in Florida.  \n- Expansion of agriculture and trade.  \n- Increased population and settlement.  \n- Economic development and urbanization.  \n- Creation of new towns and cities.'],"The query asks for 'results' of Florida's railroad development but lacks critical specificity. It does not define a temporal scope (e.g., 19th-century construction vs. modern expansions), geographic focus (e.g., northern vs. southern Florida), or types of outcomes (economic, demographic, infrastructural). Additionally, 'results' is vague—it could refer to positive impacts (e.g., connectivity, commerce) or negative consequences (e.g., displacement, ecological disruption). Without narrowing these parameters, the query risks yielding overly general or ambiguous answers.",0.1212121212,0,0.5,"['- Increased population growth in previously undeveloped areas.  \n- Expansion of agricultural activities, particularly citrus farming.  \n- Development of new towns and cities along railroad lines.  \n- Boost in tourism and economic activity.  \n- Displacement of Indigenous communities and alteration of natural landscapes.']",0,0.1276595745,0.75
how many episodes of the killing on netflix,How many episodes are in Season 4 of 'The Killing' (2013 TV series) on Netflix?,['6'],['44 episodes'],"The query references 'the killing,' which could ambiguously refer to either the 2013 TV series or the 2014 film. While the TV series has multiple seasons, the query lacks specificity regarding which version ('series' vs. 'film') and does not confirm the show's current availability on Netflix (e.g., regional restrictions, licensing changes). Additionally, the phrase 'on netflix' is vague without context about which specific content or edition being referenced.",0.0,0,0.0,['6'],1,1.0,1.0
what was vietnam called in the years before world war 2,What was the name of the French colonial territory that included modern-day Vietnam in the period leading up to World War II?,['French Indochina'],['French Indochina'],"The query asks for the name(s) of Vietnam prior to World War II. While 'Vietnam' as a geopolitical entity existed historically, its identity varied across eras. Before European colonization (e.g., French influence beginning in the 19th century), the region was part of the Kingdom of Cochin-China, the Kingdom of Annam, and the Later Lê Dynasty. Additionally, during the Qing Dynasty (pre-19th century), the area was integrated into China. Without specifying a particular timeframe within 'the years before World War 2,' the query lacks precision due to overlapping historical identities. The lack of clarity on regional divisions (e.g., North vs. South Vietnam) further contributes to ambiguity.",1.0,1,1.0,['French Indochina'],1,1.0,1.0
where does the english channel begin and end,What two larger bodies of water does the English Channel connect?,['the Celtic Sea and North Sea'],"['- Begins: Atlantic Ocean near the Isles of Scilly, southwest of England.  \n- Ends: Strait of Dover between England and France.']","The query seeks geographic boundaries for the English Channel. While the English Channel is generally understood as the body of water separating Southern England from Northern France, its 'beginning' and 'end' are not precisely defined geographically. The channel connects the North Sea to the Atlantic Ocean, with approximate entry points at the Strait of Dover (western edge) and exits near Calais (eastern edge). However, the lack of universally agreed-upon formal boundaries (e.g., specific headlands, straits, or coordinates) means the answer depends on contextual interpretations. Additionally, the term 'English Channel' may refer to broader regions (like the Celtic Sea) depending on usage, further complicating specificity.",0.0869565217,0,0.0,['Atlantic Ocean' 'North Sea'],0,0.5714285714,0.25
what is the full form of cfc's,What is the full form of CFCs in environmental science?,['Chlorofluorocarbons'],['Chlorofluorocarbons'],"The query seeks the full form of 'CFCs', which is an acronym with multiple potential interpretations depending on context (e.g., Chlorofluorocarbons in environmental science, or Computer Fraud and Abuse Act in legal terms). While 'CFC' is most commonly associated with Chlorofluorocarbons, the absence of contextual specificity (such as domain or field) leaves room for ambiguity. Without additional clarification, the query cannot definitively resolve to a single intended meaning.",1.0,1,1.0,['Chlorofluorocarbons'],1,1.0,1.0
when was the term social justice first used,In what decade did the term 'social justice' first appear in documented usage?,['the 1840s'],"[""The term 'social justice' was first used in the 1840s by Luigi Taparelli, an Italian Jesuit priest.""]","The query is asking for the precise chronological origin of the term 'social justice.' While the term gained prominence in the 20th century (e.g., associated with civil rights movements), its earliest documented use may predate that. However, the query lacks contextual specificity regarding discipline, geographic region, or cultural framework, which could influence the interpretation of 'first use.' Additionally, the term's meaning and application have evolved over time, potentially leading to debates about its initial definition. Despite these factors, the core request remains focused on identifying the earliest recorded occurrence of the term, making it primarily dependent on historical linguistic data rather than subjective interpretation.",0.1333333333,0,1.0,['1840s'],1,1.0,1.0
what position did doug peterson play in the nfl,What position did Doug Pederson play in the NFL?,"['a member of the Green Bay Packers, serving as a backup quarterback to Brett Favre and holder on placekicks'
 'backup to Dan Marino as a member of the Miami Dolphins'
 'starting quarterback for the Eagles and Cleveland Browns']",['Quarterback'],"The query asks for the position played by someone named Doug Peterson in the NFL. While the name 'Doug Peterson' is specific, there may be multiple individuals with this name who have played in the NFL (e.g., Doug Peterson, a defensive end for the Dallas Cowboys in the 1980s, and potentially others). The query does not include contextual details (e.g., team, years active, or additional identifying information) to unambiguously reference a single individual. Without such clarification, the query cannot definitively resolve to a unique answer.",0.25,0,1.0,['Quarterback'],0,0.25,1.0
where does safe haven take place in the book,Where does Nicholas Sparks' novel Safe Haven take place?,"['Southport, North Carolina']","['Southport, North Carolina']","The query is ambiguous due to insufficient context. 'Safe Haven' could refer to multiple books (e.g., a children's novel by Karen Cushman, a thriller by Michael Connelly, or other titles). Without specifying which book the user is referring to, the answer cannot be determined uniquely. Additionally, the phrasing 'in the book' is redundant as all references are inherently tied to a text. The core problem lies in the lack of a definitive source identifier.",1.0,1,1.0,"['Southport, North Carolina']",1,1.0,1.0
what does watch your p's and q's,"What does the idiom ""watch your p's and q's"" mean?","['""mind your manners"", ""mind your language"", ""be on your best behaviour"" or similar']",['It means to be careful about your behavior or manners.'],"The query appears to be a fragmented or grammatically incorrect version of a common idiom. The phrase 'watch your p's and q's' refers to being cautious or adhering to certain standards, often used metaphorically to warn against careless behavior. However, the query lacks clarity on its intent: Is the user asking for the definition of the idiom, its origin, usage examples, or application in a specific context (e.g., grammar, mathematics, or social norms)? Without explicit clarification, the request remains ambiguous and insufficiently detailed.",0.347826087,0,1.0,['Be careful about your behavior or manners.'],0,0.4,1.0
when was the last episode of the flash aired,When was the last episode of The Flash (2014 CW series) aired?,"['May 1, 2018']","['May 24, 2023']","The query refers to 'the flash' which is a title shared by multiple television series (e.g., the 1960s live-action series, the 2014 CW reboot, and various streaming platform releases). Without additional context specifying which iteration of ""The Flash"" the user is referencing, the query cannot be uniquely resolved. The lack of specificity regarding the series, network, or release platform creates ambiguity.",0.3333333333,0,0.0,"['May 24, 2023']",0,0.3333333333,0.0
nobel laureate who began career as accountant in calcutta,Which Nobel laureate in Economic Sciences began his academic career as an economist in Calcutta?,['Amartya Sen'],['Muhammad Yunus'],"The query seeks a Nobel laureate with two key attributes: (1) professional origin as an accountant and (2) geographic association with Calcutta (now Kolkata). While 'Nobel laureate' broadly refers to any recipient across disciplines, the lack of specification regarding the Nobel category (e.g., Literature, Economics, Peace) introduces ambiguity. Furthermore, 'began career as accountant' is vague—accountancy may overlap with other professions (e.g., finance, auditing)—and 'calcutta' is a historical/named city rather than a precise location. Without additional constraints (e.g., year of birth, field of study, or specific achievements), multiple candidates could fit this description.",0.0,0,0.0,['Amartya Sen'],1,1.0,1.0
who is the most losing team in nfl history,"Which active NFL team has accumulated the most regular season losses throughout its entire franchise history, including any previous city affiliations?",['Arizona Cardinals'],['Arizona Cardinals'],"The query asks for the 'most losing team' in NFL history, which is ambiguous without defining metrics. Key ambiguities include: 1) Whether 'most losing' refers to total losses across all seasons, or the worst single-season record; 2) Whether it considers only active teams or includes historically merged/franchises (e.g., Baltimore Colts/Buffalo Bills); 3) How to quantify 'losing'—as absolute losses, percentage of games lost, or other factors. While the intent is clear, these gaps create multiple plausible interpretations, making the query underspecified.",1.0,1,1.0,['Arizona Cardinals'],1,1.0,1.0
who gave a speech to the democratic national convention in 1984,Which prominent individuals delivered speeches at the 1984 Democratic National Convention?,['New York Governor Mario Cuomo' 'Senator Gary Hart' 'Rev. Jesse Jackson'],['Geraldine Ferraro'],"The query seeks information about a specific historical event (the 1984 Democratic National Convention) and asks for the identity of a speaker. While the event and its timing are clearly defined, the query does not specify which speech, which portion of the convention, or which role (e.g., keynote, panelist, delegate) the speaker held. Multiple individuals likely delivered speeches during the convention, and without additional context, the answer could involve multiple candidates. Additionally, 'speech' is vague—could refer to any spoken address, making it unclear if the target is a single individual or a group.",0.0,0,0.0,['Geraldine Ferraro' 'Mario Cuomo' 'Walter Mondale'],0,0.5714285714,1.0
where does patience is a virtue come from,What is the earliest known literary origin of the phrase 'patience is a virtue'?,"['""Psychomachia,"" an epic poem written in the fifth century.']","[""The phrase 'patience is a virtue' originates from the 5th-century poem 'Psychomachia' by Prudentius, which personifies virtues and vices battling for the human soul.""]","The query seeks the origin of the phrase 'patience is a virtue.' While this is a commonly cited moral principle, the ambiguity lies in determining whether the user refers to (1) the philosophical/ethical roots of the concept, (2) a specific historical text/saying (e.g., Cicero's 'Patience is a virtue'), or (3) cultural/religious contexts. The lack of specificity regarding the exact reference (e.g., literary work, philosopher, culture) makes the query underspecified.",0.1481481481,0,1.0,"[""The phrase is believed to originate from 'Psychomachia,' a 5th-century poem by Prudentius.""]",0,0.2222222222,1.0
coldplay song i will try to fix you,What is the official title of the Coldplay song that features the lyric 'I will try to fix you'?,"['""Fix You""']","[""The song is 'Fix You' by Coldplay.""]","The query specifies the artist ('Coldplay') and the song title ('I Will Try To Fix You'). While 'I Will Try To Fix You' may not be a recognized official title of a Coldplay song (the closest known title is 'Fix You'), the query provides sufficient context to identify the intended song based on lyrical content. However, the potential discrepancy between the stated title and the actual song title introduces uncertainty about the accuracy of the request.",0.5,0,1.0,['Fix You'],1,1.0,1.0
what is the ethnic background of the shib sibs,What is the country of origin of the Shiba Inu dog breed?,['Japanese'],['Japanese-American'],"The query contains ambiguous terminology. 'Shib Sibs' is likely a colloquial or informal reference to Shiba Inu (a Japanese canine breed) or a fictional/group name, but neither interpretation aligns with the concept of 'ethnic background' (which pertains to human demographics). Without explicit clarification of what 'Shib Sibs' refers to (e.g., a specific group, character, or entity), the query remains underspecified due to lack of contextual definition.",0.0,0,0.25,['Japan'],0,0.0,1.0
who won the 7 man elimination chamber match,Who won the 7-man Elimination Chamber match at WWE Elimination Chamber 2018?,['Roman Reigns'],['Bronson Reed'],"The query references a '7 man elimination chamber match,' which is not a standard or widely recognized wrestling event format. Elimination chamber matches typically involve multiple competitors, but the term '7 man' is unconventional and may refer to a specific, obscure event or misinterpretation of a standard match type. Additionally, the query lacks critical contextual details such as the date, wrestling promotion (e.g., WWE), or specific event name required to identify the exact match and its outcome.",0.0,0,0.0,['Roman Reigns'],1,1.0,1.0
who was the head of the spanish inquisition,Who was the first Grand Inquisitor of the Spanish Inquisition?,['Dominican Tomás de Torquemada'],['Tomás de Torquemada'],"The query seeks information about the 'head' of the Spanish Inquisition, but this term refers to a historically evolving institution. The Spanish Inquisition was not a monolithic entity with a singular 'head'; instead, it operated through various structures (e.g., the Holy Office prior to 1569, then an independent body from 1569 onward). Its leadership varied over time, with figures like Tomás de Torquemada (early 14th century) and later officials such as José María de la Cruz y Oria (20th century). Without specifying a timeframe or jurisdictional scope (e.g., pre-1569 vs. post-independence), the query lacks sufficient constraints to produce a definitive answer.",0.8571428571,0,1.0,['Tomás de Torquemada'],0,0.8571428571,1.0
what channel does thursday night football come on regular tv,What channel did Thursday Night Football air on regular TV during the 2016 and 2017 NFL seasons?,['NBC'],"['Thursday Night Football is broadcast on Amazon Prime Video, but select games may air on local channels like FOX or NBC in participating markets.']","The query asks for the television channel airing 'Thursday Night Football' on regular TV. While 'Thursday Night Football' is a well-defined program, its broadcast details (e.g., channel number) depend on factors such as geographic location, regional affiliate arrangements, and the type of TV service (cable/satellite vs. over-the-air). The query lacks specificity regarding the user's location, TV provider, or time period, making it impossible to provide a definitive answer without additional context.",0.08,0,0.25,['CBS' 'NBC'],1,1.0,1.0
who sings i will go down with this ship,Who sings the song 'I Will Go Down With This Ship' from the 2019 album 'Still on My Mind'?,['Dido'],['Dido'],"The query asks for the artist of the song titled 'I Will Go Down With This Ship'. While the song title is specific, the query lacks contextual details (e.g., album, genre, or source material) that could help disambiguate between potential artists. Although the song is famously associated with Celine Dion from the *Titanic* soundtrack, the absence of explicit contextual clues may lead to ambiguity if multiple artists share similar names or if the query refers to a lesser-known cover/version. Thus, the query requires additional context to ensure precision.",1.0,1,1.0,['Dido'],1,1.0,1.0
who turned out to be the mother on how i met your mother,Who was the titular 'Mother' character revealed in the TV series How I Met Your Mother?,['Tracy McConnell'],['Tracy McConnell'],"The query seeks clarification on the 'mother' referenced in the sitcom 'How I Met Your Mother.' While the show primarily revolves around Ted's life and relationships, the term 'mother' can refer to multiple characters. The most prominent maternal figure in the series is Lily, Ted's wife and the biological mother of his daughter, Marshall. However, the phrase 'turned out to be' suggests ambiguity—could imply a plot twist or reinterpretation of a character's role. Given the lack of specificity regarding which 'mother' is being referred to (e.g., Lily, Samantha, or another character), the query remains ambiguous without further context.",1.0,1,1.0,['Tracy McConnell'],1,1.0,1.0
where do the florida marlins have spring training,Where did the Florida Marlins have spring training in 2005?,['Roger Dean Stadium'],"['Roger Dean Chevrolet Stadium in Jupiter, Florida']","The query seeks the location of spring training for the Florida Marlins. While the team's history shows they played in Miami (prior to relocating to Tampa Bay in 2008), their spring training venue varied by era. Before the relocation, they trained in Fort Lauderdale, Florida; after moving, they train in St. Petersburg, Florida. Without additional contextual information (e.g., year referenced), the query lacks specificity to pinpoint a single, definitive answer. The ambiguity arises from the team's historical movement and the lack of temporal constraints.",0.6,0,0.75,"['Roger Dean Stadium in Jupiter, Florida.']",0,0.6666666667,1.0
who expanded the palace of versailles to its present size,"Which French monarch was responsible for the extensive expansion of the Palace of Versailles, establishing its iconic grandeur?",['Louis XIV'],['Louis XIV'],"The query asks for the individual responsible for expanding the Palace of Versailles to its current state. While historical knowledge suggests Louis XIV initiated construction and subsequent renovations, the term 'present size' refers to the 18th-century culmination of expansions under various French monarchs (e.g., Louis XV, Louis XVI). The query lacks specificity regarding temporal boundaries (e.g., which era defines 'present size') or clarifies whether the question seeks the primary architect, a series of contributors, or a single pivotal figure. Without such details, the answer depends on interpretive assumptions about what constitutes 'its present size.'",1.0,1,1.0,['- Louis XIV'],1,1.0,1.0
how many votes to approve supreme court justice,"In the United States Senate, what is the minimum number of votes required to confirm a Supreme Court justice?",['A simple majority'],['A simple majority of 51 votes in the Senate.'],"The query asks for the number of votes required to approve a Supreme Court justice. While the U.S. constitutional process typically requires a two-thirds majority (67 votes) in the Senate for confirmation, the query does not specify a particular country or jurisdiction. Different nations have varying requirements for appointing Supreme Court justices (e.g., some use simple majorities, others require consensus). Without explicit context, the answer hinges on assumptions about the legal system, making the query underspecified.",0.4444444444,0,0.75,['51 votes'],0,0.0,0.5
which is the default file extension for an audio file in windows media player,"Which file formats, including audio, video, and playlist types, are primarily associated with Windows Media Player?","['Windows Media Video (WMV)' 'Windows Media Audio (WMA)'
 'Advanced Systems Format (ASF)' 'Windows Playlist (WPL)']",['.wma'],"The query asks about the default file extension for audio files in Windows Media Player. While 'Windows Media Player' specifies the application, the term 'audio file' is vague (e.g., MP3, WAV, WMA, etc.). The query lacks critical context: Is it about the file format used when saving a new file, the native support for playback, or the default extension for converted files? Furthermore, Microsoft has deprecated Windows Media Player in recent years, and its behavior may differ across versions. Without clarifying the specific action (e.g., saving, converting, or playing), the query cannot be definitively answered.",0.4,0,1.0,['WMA' 'WMV' 'ASF' 'AVI' 'MP3' 'MP4' 'WAV' 'M3U' 'ASX'],0,0.4,1.0
what is the account number of airtel payment bank,What is my account number for Airtel Payment Bank?,['Your Airtel mobile number'],['The account number for Airtel Payment Bank is typically the same as your registered Airtel mobile number.'],"The query asks for an account number specifically tied to 'Airtel Payment Bank,' but it lacks critical contextual information required to identify a unique account. Account numbers are typically personalized (e.g., linked to individual customers, branches, or account types). The query does not specify which account (e.g., savings, current), which customer, or which branch, making it impossible to retrieve a definitive answer without additional parameters. Furthermore, account numbers are sensitive private information, so such queries often require authentication or direct access to banking systems.",0.4210526316,0,1.0,['Contact Airtel Payment Bank customer support or check your account details through their official app or website.'],0,0.1904761905,0.0
who plays the mother of howard on big bang theory,"Who provides the voice for the unseen character of Howard Wolowitz's mother, Mrs. Wolowitz, on The Big Bang Theory?",['Carol Ann Susi'],['Carol Ann Susi'],"The query seeks to identify the actor portraying 'the mother of Howard' in *The Big Bang Theory*. While Howard Wolowitz is a central character, his mother is not a recurring or officially established character in the show's canonical lineup. The term 'mother of Howard' refers to a non-regular character, and the query lacks specificity regarding whether this is a fictionalized, guest-starred, or hypothetical role. Without explicit confirmation of the character's existence or official casting details, the query remains ambiguous and underspecified.",1.0,1,1.0,['Carol Ann Susi'],1,1.0,1.0
where does sleeping freshmen never lie take place,"What is the name of the high school mentioned in the lyrics of The Fray's song ""Sleeping Freshmen Never Lie""?",['J.P. Zenger High'],"['Zenger High School' ""Scott's home"" ""Various locations in Scott's town""]","The query references 'sleeping freshmen never lie,' which is a lyric from the song 'Sleeping Freshmen Never Lie' by The Fray. However, the query lacks clarity on whether the user is asking about the song's origin (e.g., its composition), the movie/film it appears in (e.g., '10 Things I Hate About You'), or a fictional setting referenced in the lyrics. The ambiguity arises because the phrase could refer to multiple contexts (song, movie, literary work) without explicit clarification. Additionally, the phrase itself is not inherently tied to a specific geographic or narrative location unless contextualized within a particular medium.",0.6666666667,0,0.75,"[""There is no song by The Fray titled 'Sleeping Freshmen Never Lie'; it is a novel by David Lubar.""]",0,0.0,0.0
who was the first imperial power that was fighting in vietnam,Which European colonial power was the first to engage in military conflict in Vietnam?,['France'],['France'],"The query asks for the 'first imperial power' engaged in combat with Vietnam. Key ambiguities include: 1) Definition of 'imperial power'—does it refer to ancient empires (e.g., China), colonial powers (e.g., France), or other entities? 2) Timeframe—when is 'first' determined? Historical context shows China interacted with Vietnam extensively (e.g., during the Three Kingdoms period, Chinese campaigns in the 3rd century). However, France's colonial involvement began in the 19th century. Without clarifying these parameters, the query lacks sufficient specificity to produce a definitive answer.",1.0,1,1.0,['France'],1,1.0,1.0
when does dragon ball super episode 113 start,When did Dragon Ball Super episode 113 originally air in Japan?,"['October 29, 2017']","['Dragon Ball Super Episode 113 originally aired on October 29, 2017.']","The query asks for the start time of a specific episode ('dragon ball super' episode 113). While 'dragon ball super' is a well-defined anime series, the lack of specificity regarding regional airing schedules, streaming platform, or season/context (e.g., Japan vs. English dub) creates ambiguity. Different sources may air the same episode at varying times, and without additional parameters, the response could be incomplete or incorrect. The core issue lies in insufficient contextual details to uniquely identify the intended reference.",0.4285714286,0,1.0,"['October 29, 2017']",1,1.0,1.0
who sang first line of we are the world,"Which artists sang the initial solo lines of ""We Are the World""?","['Lionel Richie' 'Stevie Wonder' 'Paul Simon' 'Kenny Rogers'
 'James Ingram' 'Tina Turner' 'Billy Joel']",['Lionel Richie'],"The query asks for the singer(s) of the 'first line' of the song 'We Are the World.' While the song is widely known and its lyrics are standardized, the term 'first line' could be ambiguously interpreted (e.g., the opening lyric line vs. the first line of a particular stanza). Furthermore, the song is a collaborative effort involving numerous artists, making it unclear whether the query seeks the collective group, a specific contributor, or the lead vocalist. The lack of clarity around the exact line being referenced and the collaborative nature of the song contribute to the ambiguity.",1.0,1,1.0,['Lionel Richie' 'Stevie Wonder' 'Paul Simon' 'Kenny Rogers'],1,1.0,1.0
when does the chinese new year begin and end,When does Chinese New Year typically begin each year?,['at the new moon that falls between 21 January and 20 February'],"['- The Chinese New Year begins on the first day of the lunar calendar, which varies each year (between January 21 and February 20).  \n- It ends on the 15th day with the Lantern Festival.']","The query asks for the start and end dates of Chinese New Year, which is a movable feast based on the lunar calendar. While it typically begins on the first day of the lunar year (varying between late January and early February in the Gregorian calendar) and lasts 15 days through the Lantern Festival, the exact dates depend on the specific year. The query does not specify a particular year, making it impossible to provide definitive dates without additional context. Furthermore, the term 'end' could refer to the conclusion of festivities (e.g., the Lantern Festival) or the formal termination of the new year, which may vary culturally. Without specifying a year or clarifying the scope of 'begin' and 'end,' the query remains underspecified.",0.358974359,0,1.0,"['Chinese New Year typically begins between January 21 and February 20, based on the lunar calendar.']",0,0.5384615385,1.0
who sings stop listen what's that sound,"Who sings the song that contains the lyric 'stop, hey, what's that sound?'",['Buffalo Springfield'],['Buffalo Springfield'],"The query asks for the artist of the song titled 'stop listen what's that sound.' While the song title appears to reference a known track ('what's that sound' by The Police), the inclusion of 'stop listen' introduces ambiguity. The title may be a variation, misspelling, or combination of multiple tracks (e.g., 'Stop Listening' by David Bowie or 'What's That Sound?' by The Police). The lack of contextual details (genre, album, year, or explicit references) makes it impossible to definitively identify the intended song or artist. Furthermore, the phrasing suggests potential typos or paraphrased lyrics, increasing uncertainty.",1.0,1,1.0,['Buffalo Springfield'],1,1.0,1.0
striking the funny bone is actually compression of the,Striking the funny bone is actually compression of which nerve?,['ulnar nerve'],['ulnar nerve'],"The query appears to be partially formed, as it begins with a factual claim ('striking the funny bone') but truncates mid-sentence without completing the intended question. The phrase 'compression of the' suggests the user may have been asking about the specific anatomical structure being compressed (e.g., the ulnar nerve), but the query fails to explicitly state the target of the compression or clarify the context. This incompleteness prevents definitive resolution of the question.",1.0,1,1.0,['Ulnar nerve'],1,1.0,1.0
when does monday night raw come on hulu,How long after its original air date do new episodes of Monday Night Raw become available for on-demand streaming on Hulu?,['30 days after the original air date'],"['Monday Night Raw episodes are typically available on Hulu the day after they air, usually on Tuesday.']","The query seeks the scheduled broadcast time of 'Monday Night Raw' on Hulu. While the key elements ('Monday Night Raw', 'Hulu') are identified, the query lacks critical contextual information such as the user's geographic location (which determines regional broadcasting times) and potential date-specific requirements. Hulu may stream the show at different times across regions, and the absence of explicit temporal specificity (e.g., day of the week beyond 'monday', or precise time zone) introduces ambiguity. Without additional context, the answer could vary significantly based on the user's locale.",0.1818181818,0,0.0,['New episodes of Monday Night Raw become available on Hulu the day after they air.'],0,0.2,0.0
who claimed land in south america for portugal,Which Portuguese monarch formally claimed territories in South America for Portugal through the Treaty of Tordesillas in the late 15th century?,['John II of Portugal'],['Pedro Álvares Cabral'],"The query asks for individuals or entities that claimed land in South America on behalf of Portugal. While the general scope is clear (Portuguese colonial history in South America), critical ambiguities exist: (1) 'claim' could refer to formal political claims, exploratory voyages, or settlement efforts; (2) the timeline is unspecified, making it unclear whether to focus on pre-colonial contact (e.g., 16th-century expeditions) or later consolidations; (3) 'land' could encompass any territory, requiring clarification on specific regions (e.g., Brazil vs. other areas); (4) the target audience is ambiguous—whether the answer seeks explorers, governors, or the Portuguese Crown itself. These factors prevent precise identification of a single answer.",0.0,0,0.0,['King John II of Portugal'],0,0.8888888889,1.0
who is under the mask of darth vader,"In the Star Wars saga, what is the true identity of the character known as Darth Vader?",['Anakin Skywalker'],['Anakin Skywalker'],"The query seeks identification of the entity concealed beneath the mask associated with Darth Vader. While 'Darth Vader' is a well-defined character in the Star Wars franchise, the phrasing 'under the mask' introduces potential ambiguity. Typically, Darth Vader's mask is part of his iconic appearance, so the answer would logically be himself. However, the query's structure could be interpreted as seeking a different entity (e.g., a secret identity or alternate persona). Without additional contextual clues (such as references to fictional lore, real-world analogies, or specific media), the query remains partially open to interpretation.",1.0,1,1.0,['Anakin Skywalker'],1,1.0,1.0
when do the new episodes of supernatural start,"When did Supernatural Season 13, Episode 20 premiere?","['May 10, 2018']",['Supernatural ended in November 2020 and no new episodes are planned.'],"The query seeks information about the scheduling of new episodes of 'Supernatural.' While the show title and the topic ('new episodes') are clearly specified, the query lacks contextual details such as the specific season or episode number being referenced. Additionally, the phrase 'start' could ambiguously refer to the premiere date of a new season or the initial broadcast of a particular episode. Without further clarification, the response may require assumptions about the latest available information (e.g., the most recent season's debut). However, the core components (show title, request type) are present, making it partially actionable.",0.0,0,0.0,"['April 26, 2018']",0,0.3333333333,0.0
who won the 2017 sports personality of the year,Who won the 2017 BBC Sports Personality of the Year award?,['Mo Farah'],['Mo Farah'],"The query specifies the year (2017) and the award title ('sports personality of the year'), but does not clarify which organization or entity conferred the award. Multiple institutions (e.g., BBC, IOC, ESPN) have distinct 'Sports Personality of the Year' awards, and the answer depends on contextual assumptions. While the BBC's award is widely recognized, the absence of explicit clarification introduces ambiguity.",1.0,1,1.0,['Mo Farah'],1,1.0,1.0
a political leader during the roman empire was called,What were the supreme political leaders of the Roman Empire during its imperial period called?,['emperors'],['Emperor'],"The query asks for the term used to describe a political leader in the Roman Empire, but it lacks critical specificity. While the Roman Empire had distinct titles (e.g., 'emperor,' 'consul,' 'praetor'), the query does not clarify: (1) the exact role or function of the leader, (2) the temporal scope (Republic vs. Imperial era), or (3) regional distinctions (Western vs. Eastern Roman Empire). Without these details, multiple valid answers exist, making the query ambiguous.",0.0,0,1.0,['Emperors'],1,1.0,1.0
who were the first kings to issue coins bearing their names,"Among the Hellenistic rulers in the Indian subcontinent, who were the first kings to issue coins bearing their names?",['the Indo-Greek kings'],['The Indo-Greek kings.'],"The query seeks historical information about the earliest kings associated with coinage. However, it lacks critical specificity: (1) It does not define 'kings' geographically (e.g., Ancient Near East vs. Europe), (2) It omits temporal constraints (e.g., Bronze Age vs. Classical era), and (3) It fails to clarify whether 'coins bearing their names' refers to inscriptions, symbols, or textual naming conventions. These ambiguities allow multiple plausible answers (e.g., Lydia, Etruria, or ancient Mesopotamian rulers), making the query insufficiently constrained for definitive resolution.",1.0,1,1.0,['Indo-Greek kings.'],1,1.0,1.0
where are the winter olympics and when do they start,Where were the 2018 Winter Olympics held and when did they start?,"['Pyeongchang County, South Korea' '9 to 25 February 2018']","[""The 2026 Winter Olympics will be held in Milan and Cortina d'Ampezzo, Italy, starting on February 6, 2026.""]","The query asks for both the location and start date of the Winter Olympics. However, the Winter Olympics occur biennially with varying host cities and dates. Since no specific year or edition is mentioned, the request requires contextual information (e.g., '2026' or 'next') to pinpoint exact details. The absence of such specificity makes the query underspecified.",0.0909090909,0,0.0,"['- Pyeongchang, South Korea  \n- February 9, 2018']",0,0.6,1.0
who has the most number one single hits,Who has the most number one single hits of all time on the Billboard Hot 100 chart?,['The Beatles'],['The Beatles'],"The query asks for the artist(s) with the most 'number one single hits,' but critical parameters are missing. First, it does not clarify which charting system (e.g., Billboard Hot 100, UK Charts, global rankings) is being referenced. Second, it fails to specify a time frame (all-time, past decade, etc.). Third, it does not define whether 'singles' include official chart-topping entries or broader categories (e.g., promotional singles). Additionally, ties between artists or collaborative efforts could exist, but the query does not address how such cases would be resolved. These ambiguities prevent a definitive answer.",1.0,1,1.0,['The Beatles'],1,1.0,1.0
who played doctor smith in lost in space,Who played Dr. Zachary Smith in the 1965 Lost in Space television series?,['Jonathan Harris'],['Jonathan Harris'],"The query asks for the actor who portrayed 'Doctor Smith' in 'Lost in Space'. While the title and character name are provided, the reference to 'Lost in Space' is ambiguous due to multiple iterations of the franchise (e.g., 1965 TV series, 2018 reboot). Additionally, 'Doctor Smith' may not align precisely with canonical roles in either version, introducing potential confusion. The lack of specificity about the timeline or exact adaptation makes the query underspecified.",1.0,1,1.0,['Jonathan Harris'],1,1.0,1.0
who is the speaker in shooting an elephant,Who is the speaker in George Orwell's essay 'Shooting an Elephant'?,['Orwell'],"['The narrator, who is a British colonial officer (often considered to represent George Orwell himself).']","The query refers to 'shooting an elephant,' which is ambiguous without specifying the context (e.g., George Orwell's essay, a song, a film, or other media). While 'Shooting an Elephant' is a well-known essay by George Orwell where the speaker is a British police officer in colonial Burma, the term alone does not conclusively identify the intended reference. Additional contextual clues (such as genre, medium, or surrounding text) are required to resolve ambiguities. The lack of specificity makes the query underspecified.",0.1428571429,0,1.0,"['The narrator, a British colonial officer.']",0,0.0,0.75
where does this season's survivor take place,Where does Survivor (US) Season 46 take place?,"['Mamanuca Islands, Fiji']",['Fiji'],"The query asks for the location of 'this season's Survivor,' but critical details are missing. 'This season' is ambiguous without specifying which continent's Survivor (e.g., USA, Australia, Brazil) or the exact year/season number. Survivor is a global franchise with regional versions, so the answer depends on contextual assumptions not provided in the query.",0.5,0,0.75,['Survivor (US) Season 46 location has not been announced as of October 2023.'],0,0.0,0.0
what is the meaning of the name comanche,"What is the etymological origin of the name 'Comanche', specifying the source language and the meaning of the root word?","['""Comanche"" is from the Ute name for them, kɨmantsi (enemy)']","[""The name 'Comanche' is derived from the Ute word 'kɨmantsi,' meaning 'enemy' or 'those who fight against us.'""]","The query seeks the 'meaning' of the name 'Comanche,' which refers to a historically significant Native American people. However, the term 'Comanche' itself may derive from the Caddo language (e.g., 'komina' meaning 'people') or other linguistic contexts. The query lacks specificity regarding whether the requester seeks etymological origins, cultural significance, historical context, or another interpretation. Additionally, the name's meaning could be ambiguous without clarifying the perspective (linguistic, anthropological, etc.). This ambiguity prevents the query from being unambiguously answered with a single definition.",0.56,0,1.0,"[""The name 'Comanche' originates from the Ute word 'kɨmantsi,' meaning 'enemy' or 'those who fight us.'""]",0,0.5217391304,1.0
when did dragon ball super tournament of power start,"When did the Universal Survival Saga, which features the Tournament of Power, begin airing as part of the Dragon Ball Super anime series?","['February 19, 2017']","['The Tournament of Power in Dragon Ball Super started on July 2, 2017, with Episode 97.']","The query references 'Dragon Ball Super' and 'Tournament of Power.' While 'Dragon Ball Super' is a specific anime/manga series, 'Tournament of Power' is historically tied to the original 'Dragon Ball Z' saga (a separate series). This creates ambiguity: the user may conflate two distinct franchises. Additionally, the term 'Tournament of Power' does not directly correspond to any officially recognized event in the 'Dragon Ball Super' timeline. The lack of clarification on which specific event or timeline the user is referring to makes the query ambiguous.",0.1111111111,0,0.0,"['February 5, 2017']",0,0.6666666667,0.0
when was the last time oklahoma won a national championship in football,When was the last time the University of Oklahoma won a national championship in football?,['2000'],['2000'],"The query is ambiguous due to the lack of clarity on which institutional entity 'Oklahoma' refers to. While 'Oklahoma' commonly denotes the University of Oklahoma, it may also refer to Oklahoma State University (OSU), which is distinct and separately recognized. Additionally, the term 'national championship' in American college football historically had varying criteria over time (e.g., CFP vs. BCS-era bowl games). Without specifying the exact team or historical context, the query cannot definitively resolve to a single answer.",1.0,1,1.0,['2000'],1,1.0,1.0
what kind of book is where's waldo,What genre or category of book is the internationally acclaimed 'Where's Waldo?' series by Martin Handford?,['puzzle'],['Picture book'],"The query seeks to identify the category or genre of the book titled 'Where's Waldo?' While the title itself is specific, the term 'Where's Waldo' is commonly associated with the internationally acclaimed children's book series by Martin Handford. However, the query lacks contextual details such as authorship, publication date, or additional descriptors that could clarify ambiguities (e.g., distinguishing between the original book, its film adaptations, or lesser-known variants). Despite this, the core intent appears focused on the well-established 'Where's Waldo?' series, making the query sufficiently clear within mainstream cultural references.",0.0,0,0.0,"[""Children's puzzle book""]",0,0.5,0.75
where was the world economic forum held this year,Where was the World Economic Forum Annual Meeting held in 2024?,"['Davos, a mountain resort in Graubünden, in the eastern Alps region of Switzerland']","['The World Economic Forum 2023 was held in Davos, Switzerland.']","The query seeks the location of the 'World Economic Forum' for 'this year.' While the term 'World Economic Forum' typically refers to the annual Davos gathering, the query lacks specificity regarding which event (e.g., Annual Meeting, Africa Summit, etc.) or the exact year being referenced. Additionally, 'this year' is relative and depends on the time of querying, introducing potential ambiguity. Without explicit clarification on the event type or year, the query remains underspecified.",0.3,0,1.0,"['Davos, Switzerland']",0,0.3076923077,1.0
what kind of bird is in the lion king,What kind of bird is the character Zazu in The Lion King?,['a red-billed hornbill'],['Hornbill'],"The query asks for a specific bird featured in 'The Lion King.' While the film includes various animals, it does not prominently feature a single identifiable bird species. The term 'bird' may refer to a non-central character (e.g., a crane in the savanna) or a misinterpretation of a non-bird creature (e.g., Timon the Meerkat). Without explicit contextual clues (such as a scene, character, or symbolic reference), the query remains ambiguous and requires clarification to narrow down the intended answer.",0.6666666667,0,0.75,['Hornbill'],0,0.6666666667,0.75
who sings the pokemon theme song season 1,Who sings the English opening theme song for the Pokémon: Indigo League anime series?,['Jason Paige'],['Jason Paige'],"The query asks for the singer of the 'Pokemon theme song' specifically tied to 'season 1.' While 'Pokemon' has a well-known theme song, the term 'season 1' introduces ambiguity. The Pokemon franchise does not use the word 'season' in the traditional sense (as seen in TV series), instead using terms like 'generations' or 'series.' Additionally, the query does not clarify whether it refers to the Japanese original anime, the North American adaptations, or any other iteration. Without specifying the exact series, language, or regional variation, the reference to 'season 1' leaves critical contextual gaps.",1.0,1,1.0,['Jason Paige'],1,1.0,1.0
who played jennifer in back to the future,Who played Jennifer Parker in the original 1985 film 'Back to the Future'?,['Claudia Grace Wells'],"['Claudia Wells (Back to the Future, 1985)'
 'Elisabeth Shue (Back to the Future Part II and Part III)']","The query references 'Back to the Future,' a film series consisting of multiple installments (Part I, II, III). The character 'Jennifer' does not appear in the original 1985 film (Part I) or its direct sequel (Part II), but is introduced in Part III. Since the query does not specify which installment of the series the character resides in, the answer depends on context that is not provided. This lack of specificity creates ambiguity, as the same query could refer to different actors depending on the intended movie.",0.4444444444,0,1.0,['Claudia Wells'],0,0.8,0.75
when does wonder woman come out on blue ray,When does the 2017 live-action film Wonder Woman come out on Blu-ray in the US?,"['September 19, 2017']","['Wonder Woman (2017) was released on Blu-ray on September 19, 2017.']","The query asks for the release date of 'Wonder Woman' on Blu-ray. While the subject (the film) and medium (Blu-ray) are identified, critical ambiguities exist: 1) The query does not clarify whether it refers to the original theatrical release followed by a Blu-ray debut or a subsequent re-release; 2) It fails to specify which version of the film (e.g., DC Universe Animated Movie, 2017 live-action film, etc.) is being referenced; 3) Regional variations in release dates across different markets (e.g., North America vs. Europe) are not addressed. These gaps make the query insufficiently constrained to yield a definitive answer.",0.4285714286,0,1.0,"['September 19, 2017']",1,1.0,1.0
when does april fools day end at noon,On what date is April Fools' Day observed annually?,['April 1st'],"[""- April Fools' Day traditionally ends at noon in the UK and some Commonwealth countries.""]","The query references 'April Fools Day,' a general cultural phenomenon observed annually on April 1st. However, the phrasing 'end at noon' introduces ambiguity. There is no universally defined endpoint to April Fools' Day celebrations, which typically involve pranking activities spread across the morning hours. The query fails to specify: (1) whether it refers to a particular event, tradition, or organization with a scheduled conclusion; (2) geographic or contextual constraints; and (3) whether 'noon' refers to a literal time marker or metaphorical reference. These missing elements render the query unable to be answered definitively without further clarification.",0.1333333333,0,0.25,['April 1'],0,0.5,1.0
who sings why does it hurt when i pee,Who sings the song titled 'Why Does It Hurt When I Pee?',['Frank Zappa'],['Frank Zappa'],"The query explicitly requests identification of the artist(s) associated with the song title 'why does it hurt when i pee'. While the song title may appear informal or colloquial, it is specific enough to potentially correspond to a single known work. However, the phrasing 'why does it hurt when i pee' suggests a possible reference to a real-world medical question rather than a song title, which introduces ambiguity. Additionally, no definitive musical work matches this exact phrase as a standard song title, making the connection between the query and a recognized song uncertain. This lack of clarity regarding the intended song title renders the query underspecified.",1.0,1,1.0,['Frank Zappa'],1,1.0,1.0
when does the new adventure time come out,When did the Adventure Time 'Elements' miniseries premiere?,"['April 21, 2017']","['Adventure Time: Fionna and Cake premiered on August 31, 2023.']","The query asks about the release date of 'the new Adventure Time,' but lacks critical specificity. The phrase 'new Adventure Time' could refer to multiple possibilities: (1) a new season of the original Adventure Time series (which concluded in 2018), (2) the revival series 'Adventure Time: Finn & Jake' (launched in 2021), (3) a spin-off or related media, or (4) a hypothetical future continuation. The ambiguity stems from insufficient contextual details about which specific work the user is referencing. Additionally, the term 'come out' is vague without specifying whether the user refers to a TV season, movie, event, or other medium.",0.0,0,0.0,"['April 24, 2017']",0,0.6666666667,0.0
who wrote cant get you out of my head lyrics,Who wrote the lyrics for Kylie Minogue's song 'Can't Get You Out of My Head'?,['Cathy Dennis and Rob Davis'],['Cathy Dennis' 'Rob Davis'],"The query seeks the creator of the lyrics for the song 'Can't Get You Out of My Head.' While the song title and reference to 'lyrics' are specific, the query lacks critical contextual details (e.g., which version of the song, as there are multiple interpretations by artists like Mariah Carey, Justin Timberlake, and others). Additionally, the song has been rewritten or reinterpreted over time, making it ambiguous without further specification. The lack of clarity on the exact artistic context renders the query underspecified.",0.5714285714,0,0.5,['Cathy Dennis' 'Rob Davis'],0,0.5714285714,0.5
who did the broncos beat in the super bowl,Which teams have the Denver Broncos beaten in the Super Bowl?,['Green Bay Packers' 'Atlanta Falcons' 'Carolina Panthers'],['- Green Bay Packers (Super Bowl XXXII)  \n- Atlanta Falcons (Super Bowl XXXIII)  \n- Carolina Panthers (Super Bowl 50)'],"The query asks for the opposing team(s) the Denver Broncos defeated in a Super Bowl. While 'broncos' specifies the team and 'super bowl' identifies the event, the query does not specify which particular Super Bowl (e.g., Super Bowl III, XXIV, etc.) is being referenced. Since the Broncos have competed in multiple Super Bowls with different opponents, the lack of a specific year or iteration of the Super Bowl renders the query ambiguous and insufficiently detailed.",0.3157894737,0,0.25,['Green Bay Packers' 'Atlanta Falcons' 'Carolina Panthers'],1,1.0,1.0
who has most followers on instagram in world,Which account has the most followers on Instagram globally?,"[""Instagram's own account""]",['Cristiano Ronaldo'],"The query seeks to identify the individual with the most Instagram followers globally. While the intent is clear, several ambiguities exist. First, 'most followers' could refer to real-time data or historical records. Second, 'in world' may imply a global scope, but the query does not specify whether it includes all regions, platforms, or account types (e.g., verified vs non-verified). Third, the term 'followers' might encompass different metrics (e.g., follows vs engagement), though this is generally understood as the standard follower count. The lack of explicit parameters regarding timeframes, geographic exclusions, or metric definitions renders the query underspecified.",0.0,0,0.0,"[""Instagram's official account""]",0,0.6666666667,1.0
where are the four disney theme parks located,Where are the four theme parks of Walt Disney World Resort located?,"['in Lake Buena Vista, Florida']","['- Anaheim, California, USA (Disneyland Resort)  \n- Orlando, Florida, USA (Walt Disney World Resort)  \n- Tokyo, Japan (Tokyo Disney Resort)  \n- Paris, France (Disneyland Paris)']","The query refers to 'the four Disney theme parks,' but Disney operates multiple global theme parks (e.g., Disneyland (California), Walt Disney World (Florida), Tokyo Disney (Japan), Disneyland Paris (France), Shanghai Disney (China), etc.). The term 'four' lacks specificity; different sources or contexts may identify varying numbers of 'primary' parks. Additionally, the query does not clarify geographic scope (e.g., North America vs. global) or exclude less prominent locations like Hong Kong or Dubai. This ambiguity necessitates further clarification to ensure accuracy.",0.0769230769,0,0.0,"['Lake Buena Vista, Florida']",0,0.8888888889,1.0
distinctive characteristics of animals classified as vertebrates include,A primary distinctive anatomical characteristic of animals classified as vertebrates is that they,['have a vertebral column (spine)'],['- Presence of a backbone or spinal column  \n- Possession of an internal skeleton (endoskeleton)  \n- Bilateral symmetry  \n- Presence of a well-developed nervous system  \n- Segmented body structure  \n- Closed circulatory system'],"The query asks for 'distinctive characteristics' of vertebrates but fails to specify the exact nature of these characteristics (e.g., anatomical, physiological, developmental), the number of traits to identify, or the level of detail required (e.g., basic vs. advanced). While vertebrates are generally defined by features like a脊柱 (spinal column), notochord, and endoskeleton, the absence of contextual parameters leaves room for ambiguity. Additionally, the phrasing 'include' implies a list, but the query does not clarify whether it seeks a comprehensive overview, specific examples, or comparative distinctions against invertebrates.",0.0714285714,0,0.75,['Have a backbone or spinal column.'],0,0.4444444444,1.0
who wrote the guitar solo in beat it,"Who performed the guitar solo on Michael Jackson's original 1982 studio recording of ""Beat It""?",['Eddie Van Halen'],['Eddie Van Halen'],"The query asks about the authorship of a guitar solo in 'Beat It,' but critical ambiguity exists. First, 'Beat It' is a song originally recorded by Michael Jackson, but the query does not clarify whether it refers to the original release (1982) or a subsequent cover/version. Second, while Michael Jackson co-wrote the song, the guitar solo itself may involve session musicians or producers who contributed to the arrangement, but the query does not specify which version of the song or which particular guitar solo (e.g., studio vs. live, specific instrumentation). Additionally, the term 'wrote' could imply composition versus performance, further complicating attribution. These uncertainties make the query insufficiently detailed to produce a definitive answer.",1.0,1,1.0,['Eddie Van Halen'],1,1.0,1.0
who was the author of the art of war,"Who is traditionally considered the author of the ancient Chinese military treatise, The Art of War?",['Sun Tzu'],['Sun Tzu'],"The query seeks the author of 'The Art of War,' a classic military text. While the most widely recognized author is Sun Tzu (also known as Sun Zi), there is ambiguity due to the existence of alternative attributions, such as Sun Wu during the Warring States period. The term 'the Art of War' refers to multiple texts across different periods, and the query lacks specificity regarding which version or historical context is intended. This ambiguity makes the query underspecified.",1.0,1,1.0,['Sun Tzu'],1,1.0,1.0
when did to kill a mockingbird become popular,When was the novel 'To Kill a Mockingbird' first published?,['1960'],['To Kill a Mockingbird became popular shortly after its publication in 1960.'],"The query seeks information about the timeline of the book's popularity. While 'To Kill a Mockingbird' has a clear publication date (1960) and historical cultural significance, the phrase 'become popular' is ambiguous. It could refer to initial release, widespread literary recognition, mass market success, or modern renaissance in popularity. Additionally, 'popularity' may be interpreted differently across contexts (e.g., critical reception vs. commercial sales vs. educational adoption). The lack of specificity regarding the metric for 'popularity' and temporal scope (e.g., regional, generational, or cultural) makes the query underspecified.",0.1666666667,0,1.0,"['July 11, 1960']",0,0.5,1.0
who won nfl football coach of the year,Who won the AP NFL Coach of the Year award in 2017?,['Sean McVay'],['Brian Daboll (2022 season)'],"The query lacks specificity regarding the exact award title (e.g., 'AP Coach of the Year' vs. 'Coaches' Club Coach of the Year'), the timeframe (current season, past years), and the sport (football vs. other sports). While 'NFL' implies American football, the absence of a specific year or award name creates ambiguity about which award or year the user is referencing.",0.0,0,0.0,['Sean McVay'],1,1.0,1.0
the origins of the stations of the cross,"What is the historical and geographical origin of the traditional Stations of the Cross, specifically the path in Jerusalem believed to have been walked by Jesus to Mount Calvary?",['Via Dolorosa in Jerusalem which is believed to be the actual path Jesus walked to Mount Calvary'],"['- Originated in the early Christian practice of pilgrimage to Jerusalem.  \n- Developed as a way to replicate the Via Dolorosa, the path Jesus walked to his crucifixion.  \n- Popularized in the 12th century by the Franciscans, who were custodians of the Holy Land.  \n- Formalized into 14 stations in the 17th century.']","The query asks for the 'origins' of the Stations of the Cross, which refers to their historical beginnings. However, 'origins' can encompass multiple dimensions (e.g., theological foundations, cultural developments, early adoption). The query does not specify whether the user seeks chronological emergence, religious contextualization, geographic provenance, or other factors. Additionally, the term 'Stations of the Cross' may refer to either the traditional 14 stations depicting Christ's Passion or modern adaptations, but the query does not clarify this distinction. This ambiguity creates insufficient constraints to produce a definitive answer.",0.3157894737,0,1.0,"['The Stations of the Cross originated in Jerusalem, tracing the path believed to be walked by Jesus to Mount Calvary, known as the Via Dolorosa.']",0,0.7027027027,1.0
what's the medal count for canada in the olympics,What is Canada's all-time total medal count in the Winter Olympics?,['302'],"['Canada has won 199 gold, 173 silver, and 230 bronze medals in the Summer and Winter Olympics combined as of October 2023.']","The query asks for Canada's medal count in the Olympics but does not specify a particular Olympic edition (e.g., Summer/Winter Games, specific year). The Olympics occur biennially with varying numbers of participants and events, meaning 'the Olympics' could refer to any of many events. Additionally, while 'medal count' typically implies total medals (gold + silver + bronze), the query does not clarify whether it seeks totals, categories, or other metrics. This ambiguity about timing and specificity prevents a definitive answer.",0.0,0,0.0,"[""Canada's all-time total medal count in the Winter Olympics is 225.""]",0,0.0,0.0
when was the last time the womens hockey team won gold,When was the last time the United States women's national ice hockey team won a gold medal at the Winter Olympics?,['2018'],"[""The Canadian women's hockey team won gold at the 2022 Winter Olympics.""]","The query lacks specification of which national team or organization's 'womens hockey team' is being referenced, as well as clarification on the context of 'winning gold' (e.g., Olympic Games, Winter Worlds, IIHF Women's World Championships). Multiple teams exist globally, and 'gold' could refer to different competitions with varying historical timelines.",0.0,0,0.0,['2018'],1,1.0,1.0
when does the good doctor episode 8 air,When does The Good Doctor season 1 episode 8 air?,"['November 20, 2017']","['The air date for The Good Doctor Season 7, Episode 8 has not been announced as of October 2023.']","The query asks for the air date of 'The Good Doctor'_episode 8, but fails to specify which season the episode belongs to. The title 'episode 8' alone is ambiguous because 'The Good Doctor' has multiple seasons (e.g., Season 1 has 24 episodes, Season 2 has 20 episodes). Without specifying the season, the exact airing date cannot be uniquely determined. Additional context about the season is required to resolve ambiguity.",0.0,0,0.0,"['November 20, 2017']",1,1.0,1.0
where do royal families get their money from,What is the historical financial source of the British Crown?,['the hereditary revenues of the Crown'],['- Inherited wealth and assets  \n- Government funding or allowances  \n- Private investments and businesses  \n- Tourism and public events  \n- Real estate holdings'],"The query is underspecified because 'royal families' refers to multiple distinct institutions across different countries (e.g., British Monarchy, French Bourbons, Saudi Arabian House of Saud) with varying financial mechanisms. The question lacks specificity about: 1) Which particular royal family/dynasty, 2) Historical vs contemporary contexts, 3) Geographic location, and 4) Financial systems (state-funded vs privately owned). Answers would depend on the specific royal house being referenced.",0.0,0,0.5,"['Crown Estate revenues' 'Duchy of Lancaster income'
 'Duchy of Cornwall income' 'Sovereign Grant (modern funding mechanism)']",0,0.5714285714,0.5
where does the show the path take place,Where does the Hulu TV show The Path take place?,['Upstate New York'],"[""The show 'The Path' takes place in Upstate New York.""]","The query asks for the location of the show 'The Path,' but it lacks critical specificity. The title 'The Path' could refer to multiple works (e.g., a TV show, book, film, or even a metaphorical concept). Without additional context such as the medium (TV, book, etc.), genre, year of release, or specific characters/settings, the query cannot be resolved uniquely. Furthermore, the phrase 'the path' is vague and may relate to different narratives depending on interpretation.",0.5454545455,0,1.0,['The Path takes place in Upstate New York.'],0,0.6,1.0
who is the drummer for guns and roses,Who is the current drummer for Guns N' Roses?,['Frank Ferrer'],['Frank Ferrer'],"The query asks for the 'drummer' for Guns N' Roses, a band known for having multiple drummers across its history. Key considerations: 1) The band's lineup evolved over decades (e.g., Ian Gillan, Matt Sorum, Stephen Perkins). 2) Without temporal specificity (e.g., 'original', 'current', or '1980s'), the query lacks clarity on which drummer to identify. 3) The term 'drummer' refers to a role that has been held by multiple individuals, making the query ambiguous unless additional context is provided. Thus, the query is underspecified due to potential ambiguity in identifying the correct drummer.",1.0,1,1.0,['Frank Ferrer'],1,1.0,1.0
what is the meaning of auv in cars,"In the context of cars, what does the abbreviation 'AUV' stand for when it refers to a type of vehicle?",['action utility vehicles'],['Autonomous Underwater Vehicle' 'Automated Utility Vehicle'],"The query asks for the meaning of 'auv' in the context of cars. While 'AUV' is a well-known acronym in other fields (e.g., Autonomous Underwater Vehicles), it is not a standard or widely recognized term in automotive engineering or vehicle terminology. The lack of contextual clues (e.g., specific car models, features, or industries) leaves room for multiple interpretations. Additionally, the abbreviation may be a misspelling or misinterpretation of another term (e.g., 'AV', 'AVS', or 'AUV' in unrelated domains). Without further information, the query remains ambiguous.",0.3333333333,0,0.0,['Asian Utility Vehicle'],0,0.3333333333,0.0
in which country bikram sambhat the official calender,In which country is Bikram Sambat the official calendar?,['Nepal'],['Nepal'],"The query asks for the country where 'Bikram Sambat' is the official calendar. While 'Bikram Sambat' is a traditional Hindu calendar historically used in Nepal (now part of the Nepali Republic) and certain Indian states like Bihar, Jharkhand, and Odisha, it is not universally recognized as an official national calendar. Nepal does have its own calendar system (Nepal Sambat), but 'Bikram Sambat' specifically refers to a variant used in eastern India rather than Nepal. Additionally, modern governments typically adopt standardized civil calendars (e.g., Gregorian). The query lacks clarity on whether 'Bikram Sambat' is being referred to as a formal state/national calendar, making the question ambiguous.",1.0,1,1.0,['Nepal'],1,1.0,1.0
