original_question,modified_question,short_answer,model_original_answer,classifier_reasoning,original_f1,original_em,original_AA,model_new_answer,new_em,new_f1,new_AA
"In what year was the narrator of ""Blackadder's Christmas Carol"" born?","In what year was Rowan Atkinson, the actor who portrayed and narrated as Ebenezer Blackadder in ""Blackadder's Christmas Carol,"" born?",['1959'],['1949'],"The query seeks the birth year of the narrator from the show ""Blackadder's Christmas Carol."" The term ""narrator"" refers to the character Blackadder, who is a fictional character in the sitcom. However, the query lacks clarity regarding whether it refers to the character (who is fictional and thus has no real birth year) or the actor (Rowan Atkinson) who portrays the character. Additionally, while the show is well-known, specific biographical details about its characters are not publicly documented in a standardized manner. This ambiguity creates uncertainty about the intended subject of the query.",0.0,0,0.0,['1955'],0,0.0,0.0
What is the first two words of the fifth studio album of Joseph Edgar Foreman?,What are the first two words of the eighth studio album of Tindersticks?,['The Hungry'],['The Patriotic'],"The query references 'Joseph Edgar Foreman,' who is not a recognized musician or artist in mainstream music history. There is no publicly available record of a fifth studio album by this individual. Additionally, the query assumes the existence of a discographical entry for this non-existent artist, making the premise invalid. Without verification of the subject's legitimacy or their musical output, the query cannot be resolved accurately.",0.0,0,0.0,['The Something'],0,0.0,0.0
Robert Earl Holding owned an oil company that was originally founded by who?,"Robert Earl Holding owned Sinclair Oil Corporation, which was originally founded by who?",['Harry F. Sinclair'],['David P. Smith'],"The query requires determining the original founder of an oil company owned by Robert Earl Holding. However, the identity of the specific oil company is not explicitly stated. While Robert Earl Holding may be associated with a particular company (e.g., Chevron, ExxonMobil), the lack of explicit naming creates ambiguity. The answer depends on correctly identifying which oil company he owns, which is not directly specified in the query. This omission leads to potential multiple interpretations or incomplete data.",0.0,0,0.0,['Harry F. Sinclair'],1,1.0,1.0
In what county was Duffy Jackson born?,"In what county was Duffy Jackson, the jazz drummer, born?""",['Nassau County'],['Suffolk County'],"The query seeks information about the birth county of a person named 'Duffy Jackson.' While the name provides a potential identifier, it does not include contextual clues (e.g., full name, dates, profession, or other distinguishing features) to resolve ambiguities. Multiple individuals named Duffy Jackson may exist across different counties, making it impossible to definitively answer without further constraints. Additionally, the query assumes prior knowledge of the subject's identity and background, which is not explicitly stated.",0.5,0,0.0,['Shelby County'],0,0.5,0.0
When was the defending titlist of 2009–10 Biathlon World Cup – Pursuit Men born? ,"When was Emil Hegle Svendsen, the defending titlist of the 2009–10 Biathlon World Cup – Pursuit Men, born?",['27 January 1974'],"['March 18, 1983']","The query seeks the birth date of the 'defending titlist' of the 2009–10 Biathlon World Cup Pursuit Men. To answer this, the system must first identify who the defending titlist (champion) was for that specific event during that season. The query does not explicitly state the athlete's name or provide sufficient contextual clues to uniquely determine the individual. Without explicit identification of the athlete, the query depends on external knowledge or database lookup to resolve the ambiguity. Since the query lacks direct specificity regarding the athlete's identity, it cannot be considered fully self-contained or unambiguous.",0.0,0,0.0,"['July 12, 1985']",0,0.0,0.0
When did the car depicted on the cover of Pentastar: In the Style of Demons cease production?,"When did the 1970 Plymouth Barracuda, depicted on the cover of Pentastar: In the Style of Demons, cease production?",['1974'],['1987'],"The query refers to a 'car depicted on the cover' of an album, but fails to identify the specific car model or its real-world counterpart. The album title 'Pentastar: In the Style of Demons' appears to be a fictional or abstract work (possibly a concept album or artist project), and without explicit confirmation of the car's identity (e.g., a real vehicle model, a fictional design, or a reference to a known cultural icon), the query cannot be resolved. Additionally, the term 'cease production' implies a real-world manufactured product, which may not apply to a fictional or artistic depiction. The lack of specificity regarding the car's nature and origin renders the query underspecified.",0.0,0,0.0,['The 1970 Plymouth Barracuda ceased production in 1974.'],0,0.25,1.0
What commentator and author questioned the validity of CORE's non-profit status?,What commentator and author questioned the validity of the Citizens Union Research Organization's (CORE) non-profit status?,['Rachel Anne Maddow'],['David Horowitz'],"The query seeks a specific individual who meets two criteria: being both a commentator and an author, and having questioned the non-profit status of 'CORE'. While 'CORE' may refer to a specific entity (e.g., the Citizens Union Research Organization or another organization), the term 'CORE' alone is ambiguous without further context. Additionally, the combination of 'commentator' and 'author' is vague—these roles could apply to numerous individuals across various fields. The query lacks sufficient constraints (e.g., time period, domain, or specific work) to uniquely identify the intended subject. Without explicit references to a particular organization, publication, or event, the question cannot be resolved definitively.",0.0,0,0.0,['Victor Navasky'],0,0.0,0.0
did Robert Wise have more award nominations than Zoltan Korda?,Did Robert Wise receive more Academy Award nominations than Zoltan Korda over their careers?,['yes'],"['Yes, Robert Wise had more award nominations than Zoltan Korda.']","The query compares the number of award nominations between two filmmakers. While the subjects (Robert Wise and Zoltan Korda) are clearly identified, the query lacks specificity regarding: 1) the type of awards being referenced (e.g., Academy Awards, BAFTAs, other film-specific or industry awards), 2) the time period covered (e.g., career-spanning vs. decade-specific), and 3) whether 'award nominations' refers to total nominations across all categories or specific categories. These ambiguities require external assumptions to resolve, making the query dependent on contextual knowledge rather than explicitly defined parameters.",0.1818181818,0,1.0,['Yes'],1,1.0,1.0
"When did the English local newspaper, featuring the sculpture and war memorial in the Forbury gardens, change names?",When did The Birmingham Post change names?,['2009'],['The English local newspaper changed its name to the Reading Mercury in 1723.'],"The query references a 'local newspaper' associated with specific physical landmarks (sculpture and war memorial in Forbury Gardens). While these landmarks may hint at a potential identification (e.g., The Birmingham Post was historically linked to Forbury Gardens), the term 'English local newspaper' lacks specificity. Multiple newspapers could theoretically exist in the same area, and the description does not explicitly name the publication. Additionally, the absence of definitive contextual clues (e.g., former/current name, regional scope) creates ambiguity about which newspaper is being referenced. Thus, the query relies on external knowledge to infer the intended subject, making it underspecified.",0.0,0,0.0,['The Birmingham Post changed its name to The Post in September 2023.'],0,0.0,0.0
"What years did Jose Gonzalo Rodriguez Gacha and other leaders of fthe Medallin Cartel operate in Boliva, Colombia, Central America, Peru, the United States, Canada, and Europe?","During what decades did Jose Gonzalo Rodriguez Gacha and other key leaders of the Medellín Cartel primarily operate, including their significant activities in Colombia, Bolivia, Peru, Central America, and the United States?",['1970s and 1980s'],['1970s to late 1980s'],"The query is underspecified because: 1) 'fthe Medallin Cartel' contains a spelling error ('fthe' instead of 'the') and likely refers to the Medellín Cartel, which historically operated primarily in Colombia and nearby regions. 2) The question includes irrelevant or implausible geographic locations (e.g., Canada, Europe) where the Medellín Cartel had no significant operations. 3) The query does not clarify whether 'operated' refers to direct involvement, smuggling routes, or indirect activity. 4) The timeframe for the cartel's existence (late 1950s–early 1990s) is well-documented, but the query fails to narrow down the exact years needed for precision. 5) The phrase 'other leaders' introduces ambiguity about which specific individuals or roles are being referenced.",0.5714285714,0,1.0,['1970s' '1980s'],0,0.5,0.5
Arthur Noss was a gunner for the commader during which two European theatre battles in WWII?,"Given that Arthur Noss served as a gunner for the commander, which two European theatre battles in WWII are associated with his service?",['Battle of Britain and the Battle of Malta'],['Battle of the Bulge' 'Battle of Normandy'],"The query asks for two specific European battlefield campaigns in WWII involving Arthur Noss as a 'gunner for the commander.' While the subject matter (WWII European theaters) provides contextual scope, critical ambiguities exist: 1) 'Arthur Noss' is not a historically documented figure in mainstream military histories; 2) 'commader' appears to be a spelling error (likely 'commander'); 3) No additional contextual clues (e.g., unit, timeline, battle type) are provided to narrow down potential conflicts. Without verified references to this individual's service record, the query cannot be resolved definitively.",0.4,0,0.0,['Battle of Normandy' 'Battle of the Bulge'],0,0.4,0.0
Between Pinanga and Alopecurus which genus is more common in temperate regions?,"Considering their natural distribution and prevalence, which genus, Pinanga or Alopecurus, is more commonly found across temperate regions globally today?",['Alopecurus'],['Alopecurus'],"The query asks for a comparative assessment of generality between two plant genera (Pinanga and Alopecurus) in temperate regions. While the question identifies the taxa and the bioclimatic zone, it lacks critical specifications: (1) How is 'commonness' defined (e.g., species diversity, population density, taxonomic richness)? (2) What temporal scale? (3) Geographic scope within temperate regions? (4) Ecological context (e.g., soil type, vegetation type)? These ambiguities prevent a definitive answer without additional contextual constraints.",1.0,1,1.0,['Alopecurus'],1,1.0,1.0
"Who brewed the first espresso coffee in space, Patrick Baudry or Samantha Cristoforetti?","Which astronaut brewed the first espresso coffee in space using the ISSpresso machine on May 3, 2015?",['Samantha Cristoforetti'],['Samantha Cristoforetti'],"The query presents two individuals, Patrick Baudry and Samantha Cristoforetti, and asks about the 'first' espresso coffee brewed in space. While both are real astronauts with spaceflight experience, there is no verifiable historical record confirming either of them brewed espresso in space. Additionally, the term 'first' implies a definitive chronological event, but the query does not provide contextual evidence (e.g., dates, missions, or sources) to distinguish between their claims. Without explicit factual basis, the question remains unresolved due to lack of concrete data.",1.0,1,1.0,['Samantha Cristoforetti'],1,1.0,1.0
Which port city lies approximately 25 km north of the Lingnan Fine Arts Museum?,Which port city lies approximately 25 km north of the National Palace Museum?,['Keelung'],['Guangzhou'],"The query requires identifying a port city based on its proximity to the Lingnan Fine Arts Museum. However, the term 'Lingnan' refers to a broad regional area in South China (Guangdong and Fujian provinces) rather than a single, precisely defined location. Without explicit geographic coordinates or a definitive reference point for the Lingnan Fine Arts Museum, the answer hinges on assumptions about its location. Additionally, multiple port cities exist within the Lingnan region (e.g., Shenzhen, Zhongshan). The lack of specificity regarding the museum's exact location renders the query ambiguous, making it impossible to definitively identify the correct answer.",0.0,0,0.0,['Keelung'],1,1.0,1.0
Where is the school that Tyler Kalinoski went to located?,Where is the high school that Tyler Kalinoski went to located?,"['located in Olathe, Kansas']","['Dayton, Ohio']","The query specifies a particular individual ('Tyler Kalinoski') and asks for the location of the school they attended. While the name provides a potential subject, the query lacks contextual clues (e.g., time period, region, or additional identifying details) to unambiguously determine which school is being referenced. Without explicit information linking 'Tyler Kalinoski' to a specific institution, the query relies on external data that may not be uniquely identifiable. This creates ambiguity, as multiple schools could be associated with the same name depending on geography, timeline, or other factors.",0.0,0,0.0,"['Olathe, Kansas']",0,0.6666666667,1.0
D1NZ is a series based on what oversteering technique?,What oversteering technique is the D1NZ motorsport championship based on?,['Drifting'],['Drifting'],"The query references 'D1NZ' as a series but fails to clarify which specific series or media outlet this refers to. While 'D1NZ' may be a shorthand for 'Dirt 4: Nitro', a video game, the term is ambiguous without explicit definition. Additionally, the question assumes prior contextual knowledge about the series' content or technical focus on oversteering techniques, which is not directly addressed in the query itself. The lack of specificity regarding the series and its connection to oversteering makes the query reliant on external assumptions.",1.0,1,1.0,['Drifting'],1,1.0,1.0
"The NG postcode area is situated approximately how many miles from Gamston, Rushcliffe?","What is the approximate distance from Gamston, Rushcliffe (Nottinghamshire) to Nottingham city centre (NG1)?",['approximately 3 mi'],['Approximately 2-3 miles.'],"The query is underspecified due to several critical ambiguities: 1) 'NG' is a broad postcode area covering multiple districts (e.g., NG1-NG9), requiring specification of an exact postcode for precision. 2) 'Gamston' is unambiguous (a town in Lincolnshire), but 'Rushcliffe' appears questionable - it may refer to a fictional location, a misspelling (e.g., Rushden), or a non-existent place. 3) Even if locations were clear, calculating distances between postcode areas requires geographic coordinates or mapping data, which is not explicitly provided. The lack of specificity about the NG postcode subset and potential errors in location names renders the query insufficiently defined.",0.3333333333,0,0.75,['Approximately 5 miles (8 kilometers).'],0,0.25,0.0
"Along side Thomas Alan, which singer's first three albums were recorded at The Boarding House?","Along side Thomas Alan, a consistent presence among the staff at The Boarding House comedy club, which comedian's first three major albums, featuring material largely developed at that venue, were released by Warner Bros. Records?",['Steve Martin'],['Kate Wolf'],"The query references 'Thomas Alan' and 'The Boarding House,' but neither entity is clearly defined in mainstream cultural or musical contexts. While 'The Boarding House' is a historic recording studio, its association with specific artists is limited to well-documented cases (e.g., The Rolling Stones). 'Thomas Alan' is not a recognizable public figure in music history, making it impossible to definitively link them to a specific artist or album. Additionally, the phrase 'alongside' implies collaboration or co-location, but without explicit clarification of Thomas Alan's role or connections to The Boarding House, the query remains ambiguous.",0.0,0,0.0,['Steve Martin'],1,1.0,1.0
The Curaçao Centre for Correction and Detention changed its name to Sentro di Detenshon i Korekshon Kòrsou at this event which saw the dissolution of a Caribbean country on what date?,"On what date did the Netherlands Antilles dissolve, an event that established Curaçao as an autonomous country and led to the official designation of its correctional facility as Sentro di Detenshon i Korekshon Kòrsou?",['10 October 2010'],"['October 10, 2010']","The query requires identifying the date of an event linking two distinct occurrences: (1) a name change of a correctional facility in Curaçao and (2) the dissolution of a Caribbean country. However, several critical gaps exist: (a) There is no historically documented instance of a Caribbean country 'dissolving' (e.g., countries do not dissolve; they may merge, split, or face political transitions). (b) The name 'Sentro di Detenshon i Korekshon Kòrsou' appears to be a transliteration of French/Spanish terms, suggesting the entity may be a fictional or non-existent organization. (c) No credible connection exists between Curaçao's institutions and the dissolution of a Caribbean state. Without clarification on the specific country or event, the query remains ambiguous and unable to produce a definitive answer.",1.0,0,1.0,"['October 10, 2010']",0,1.0,1.0
What country of origin does Robert brothers and Jacques Charles have in common?,"What country of origin do the Robert brothers, known for their pioneering work on hydrogen balloons, and Jacques Charles have in common?",['French'],['France'],"The query asks for the shared country of origin between 'Robert brothers' and Jacques Charles. However, 'Robert brothers' is ambiguously defined, as there are multiple historical or fictional figures named Robert brothers (e.g., the Robert brothers from the 19th-century ballooning era, or unrelated siblings). Jacques Charles (1746–1823) was definitively born in France. Since the query does not explicitly identify which specific Robert brothers are referenced, the question cannot be resolved without further clarification. This ambiguity renders the query underspecified.",0.0,0,1.0,['France'],0,0.0,1.0
Are both Helen Dunmore and M. P. Shiel of West Indian descent?,"Is it accurate to state that both Helen Dunmore, who was born in London to Jamaican-born parents, and M. P. Shiel are confirmed to be of West Indian descent?",['no'],"['Helen Dunmore is not of West Indian descent.'
 'M. P. Shiel is of West Indian descent.']","The query asks about the ethnic origins of two individuals. Helen Dunmore's heritage is relatively well-documented: she was born in London to Jamaican-born parents, confirming her West Indian descent. However, M.P. Shiel's background is ambiguous. While some sources suggest he may have had Irish or Scottish ancestry (e.g., as a writer associated with early 20th-century English literature), there is insufficient reliable evidence to confirm or deny his West Indian descent. The uncertainty around M.P. Shiel's ethnicity renders the query dependent on potentially contested or incomplete information.",0.0,0,0.75,"['No, Helen Dunmore was not of West Indian descent; she was born in Yorkshire to English parents. M. P. Shiel, however, was of West Indian descent, born in Montserrat.']",0,0.0666666667,0.0
What is the name of the Isles who were led by Aonghus Mór and covered a total land area of over 8300 km2?,"What was the name of the historical kingdom in the Hebrides and other islands, where a prominent leader named Aonghus Mór (Angus Mor Macdonald, Lord of Islay) held significant sway, and which covered a total land area of over 8300 km²?",['Kingdom of the Isles'],['The Lordship of the Isles'],"The query references Aonghus Mór, a historically documented leader of the Isle of Man in the 14th century. However, the Isle of Man has a land area of ~572 km², far below the stated threshold of 8300 km². While 'Isles' could theoretically refer to multiple islands, the combination of Aonghus Mór’s association with the Isle of Man and the mismatched land area requirement creates inconsistency. No plausible historical or geographical entity matches both criteria simultaneously. The contradiction implies the query contains conflicting or inaccurate data.",0.6666666667,0,0.25,['The Kingdom of the Isles'],1,1.0,1.0
Katie sagona is known as what kind of actor because she was a child acting on stage or in motion pictures or television?,"What term describes an actor who began their career as a child performing on stage, in motion pictures, or on television?",['child actor'],['Child actor'],"The query seeks to identify a categorization (e.g., 'child actor', 'theater performer') for Katie Sagona based on her work as a child in performing arts. While the question specifies 'child acting on stage/movies/TV', the critical issue lies in the ambiguity of the subject's identity. The name 'Katie Sagona' appears to be a misspelling or non-existent public figure, as no widely recognized actor by this name exists in entertainment history. Without confirmation of the individual's authenticity or contextual references (e.g., filmography, notable works), the query cannot be resolved definitively. Additionally, while the scope of media types is clarified, the absence of concrete evidence linking the name to a specific career path leaves the answer ambiguous.",1.0,1,1.0,['Child actor'],1,1.0,1.0
What was the name of the commander who captured all of the French ships that varied in size?,"What was the name of the British commander who, on August 17, 1778, captured the French frigate *Vengeance* and a convoy of ten other French ships?",['Joshua Rowley'],['John Paul Jones'],"The query is underspecified due to ambiguity in critical details. The phrase 'varied in size' is vague and could refer to any number of ships, but without clarification (e.g., specific conflict, time period, or fleet type), multiple commanders across history could fit this description. Additionally, the claim of 'capturing all of the French ships' implies a comprehensive victory, which is highly unlikely in most historical contexts. The lack of temporal, geographic, or tactical specificity makes the question unanswerable without further constraints.",0.0,0,0.0,['Commodore John Byron'],0,0.0,0.0
who was the anthropologist who thought that the plaster casts that were discovered by Paul Freeman were a critical piece of evidence?,"Which anthropologist, known for his work on cryptids, considered the alleged Bigfoot footprint plaster casts attributed to Paul Freeman to be critical evidence?","['Don Jeffrey ""Jeff"" Meldrum (born May 24, 1958) is a Professor of Anatomy and Anthropology']",['Grover Krantz'],"The query asks for an anthropologist linked to plaster casts discovered by Paul Freeman. While 'Paul Freeman' may refer to a real historical figure (e.g., a 19th-century archaeologist), the term 'plaster casts' lacks specificity—there are numerous unearthing contexts across history. Additionally, no widely recognized anthropologist is directly tied to evaluating casts discovered by Paul Freeman as critical evidence. The ambiguity lies in the lack of contextual details (e.g., geographic location, cultural period, or scholarly debate) necessary to pinpoint a definitive answer.",0.0,0,0.0,['Grover Krantz'],0,0.0,0.0
What are the names of the co-directors of the psychological horror film starring Emily Browning and Elizabeth Banks?,What are the names of the co-directors of the psychological horror film 'The Uninvited' starring Emily Browning and Elizabeth Banks?,['Charles and Thomas Guard'],['Charles Guard' 'Thomas Guard'],"The query seeks the co-directors of a 'psychological horror film' starring Emily Browning and Elizabeth Banks. While the genre and lead actors are specified, the film itself is not explicitly named. This creates ambiguity because there may be multiple films fitting the description (e.g., 'The Others' (2001) features Emily Blunt, not Browning, and Elizabeth Banks is not in it; 'Hereditary' (2018) includes Toni Collette but not either actress). Without a unique identifier (title), the query cannot pinpoint a single film, making it impossible to definitively retrieve the directors.",0.6666666667,0,0.5,['Charles Guard' 'Thomas Guard'],0,0.6666666667,0.5
Where is the first major improved highway located?,"What city served as the western terminus of the National Road, the first major improved highway in the United States?","['Wheeling, West Virginia']","['United States, between Philadelphia and Lancaster, Pennsylvania (Lancaster Turnpike).']","The query lacks specificity regarding critical parameters: (1) Geographic scope (e.g., national, regional, or international), (2) Definition of 'major improved highway' (e.g., infrastructure standards, historical significance, or technical specifications), and (3) Temporal reference (e.g., earliest instance, a specific era, or modern context). These ambiguities result in multiple possible answers depending on interpretation, making the query insufficiently constrained to yield a definitive response.",0.0,0,0.0,"['Vandalia, Illinois']",0,0.0,0.0
Progress MS-09 was used to resupply the satellite that first launched into orbit in what year?,"Progress MS-09 was used to resupply the International Space Station, the first module of which was launched into orbit in what year?",['1998'],['1998'],"The query contains ambiguities that prevent full specification. First, 'satellite' is incorrectly applied to the International Space Station (ISS), which is a modular space station, not a single satellite. Second, while Progress MS-09 is historically associated with resupply missions to the ISS, the query does not explicitly identify which specific satellite/module or object was resupplied. This creates uncertainty about the subject being referenced, making the query reliant on external assumptions.",1.0,1,1.0,['1998'],1,1.0,1.0
H-63 is a highway that runs near the county seat of what Michigan county?,Forest Highway 63 (FH-63) is a highway that runs near the county seat of what Michigan county?,['Chippewa County'],['Alcona County'],"The query requires identifying a Michigan county whose county seat is near a highway designated 'H-63'. While Michigan does have state highways denoted by letters (e.g., M-roads), 'H-63' is not recognized as an official Michigan state highway. This ambiguity introduces uncertainty about the validity of the highway's existence or designation. Additionally, the query assumes prior knowledge of the highway's location relative to a county seat, which is not explicitly clarified. Since the highway's identity is questionable and no contextual clues resolve this ambiguity, the query lacks sufficient specificity to yield a definitive answer.",0.5,0,0.0,['Marquette County'],0,0.5,0.0
Who used a Barrack buster to shoot down a British Army Lynx helicopter,"During The Troubles in Northern Ireland, which paramilitary organization was known to have fired RPG-7s, sometimes colloquially referred to as 'Barrack Busters', at British Army Lynx helicopters?",['IRA'],['The Provisional Irish Republican Army (IRA)'],"The query contains specific terminology ('Barrack buster', 'Lynx helicopter') but lacks critical contextual details. A 'Barrack buster' is ambiguously defined—a slang term for an RPG-7 or similar anti-personnel weapon, but its use against a helicopter is highly unlikely due to its design. Additionally, the phrase 'shoot down a British Army Lynx helicopter' implies a combat scenario with no clear historical or factual basis. The query does not specify time period, location, source material (e.g., film/game), or clarify if this is a hypothetical, fictional, or real-world scenario. These gaps prevent definitive identification of the actor.",0.3333333333,0,1.0,['Provisional Irish Republican Army (IRA)'],0,0.3333333333,1.0
What liberal arts college has their athletic teams named the Lincoln Memorial Railsplitters?,"What university, whose name includes 'Lincoln Memorial', has its athletic teams named the Railsplitters?",['Lincoln Memorial University'],['Lincoln Memorial University'],"The query seeks a specific liberal arts college associated with a particular athletic team name. While 'liberal arts college' narrows the category, the team name 'Lincoln Memorial Railsplitters' is highly unconventional and does not match any known NCAA school mascot or name. The combination of specificity (liberal arts) and uniqueness (rail splitters) creates ambiguity, as there is no documented institution matching this description. Without additional contextual clues (e.g., state, region, historical reference), the query lacks sufficient constraints to yield a definitive answer.",1.0,1,1.0,['Lincoln Memorial University'],1,1.0,1.0
What man is credited eith inventing both the Leyden jar and the Tribometer?,What Dutch scientist is credited with inventing the Leyden jar?,['Pieter van Musschenbroek'],['Pieter van Musschenbroek'],"The query seeks a single individual credited with inventing both the Leyden jar and the Tribometer. While the Leyden jar is historically attributed to Ewald Johannes van der Heydte or Pieter van Musschenbroek, the Tribometer is a modern device primarily used to measure frictional properties. There is no established historical figure credited with inventing the Tribometer, and its development spans multiple scientists across centuries. Additionally, the query contains a grammatical error ('eith' instead of 'with') and ambiguous phrasing, further complicating identification of a definitive answer. Since the required information to confirm a shared inventor is lacking, the query remains underspecified.",1.0,1,1.0,['Pieter van Musschenbroek'],1,1.0,1.0
Which Bob Stoops coached team beat the 2016 Auburn Tigers football team?,Which Bob Stoops-coached team defeated the 2016 Auburn Tigers football team in a game that concluded the 2016 college football season?,['2016 Oklahoma Sooners football team'],['Oklahoma Sooners'],"The query seeks information about a specific sports event involving Bob Stoops' coaching career and the 2016 Auburn Tigers. First, identifying 'Bob Stoops' as the former head coach of the University of Oklahoma Sooners. Next, verifying if Oklahoma ever played against Auburn in the 2016 season. Historical records show that Auburn did not participate in the 2016 College Football Playoff, and their schedule that year did not include a matchup with Oklahoma. Additionally, Oklahoma's 2016 season record does not reflect a victory over Auburn. While Oklahoma did defeat Auburn in the 2015 Sugar Bowl, this falls outside the specified timeframe. The lack of a confirmed 2016 game between these teams renders the query unable to produce a definitive answer.",0.5714285714,0,1.0,['Oklahoma Sooners'],0,0.5714285714,1.0
"Wapping has the oldest riverside tavern, dating back from when?","When does The Prospect of Whitby, known as the oldest riverside tavern in Wapping, date back to?",['from around 1520'],['Dating back to 1520.'],"The query seeks information about the origin (specific date or era) of the 'oldest riverside tavern' in Wapping. While the subject matter is geographically specific (Wapping, London), the term 'oldest' implies a need for historical verification. However, the query lacks critical contextual elements such as: 1) The name of the tavern (which could uniquely identify it); 2) Specific historical events or milestones tied to its establishment; 3) References to primary source documents or records. Without these, the answer depends on external historical data not provided in the query itself. The phrase 'dating back from when?' also suggests ambiguity about whether the user expects a calendar date, century, or broader timeframe.",0.2857142857,0,1.0,['1520'],0,0.5,1.0
Who was a higher ranked tennis player: Paola Suárez or Michael Venus?,"Acknowledging the separate ranking systems for men's and women's tennis, and considering both peak rankings and Grand Slam titles as measures of success, which player, Paola Suárez or Michael Venus, achieved a higher level of overall career success?",['Paola Suárez'],['- Paola Suárez'],"The query compares two athletes from different genders (women's vs. men's tennis), whose rankings exist in entirely separate systems. While the question implies a direct comparison, the term 'higher ranked' is ambiguously defined (e.g., peak ranking, current ranking, or overall career achievement). Furthermore, the absence of a specific time frame (e.g., 'as of 2023') means the answer depends on contextual data not provided. The query also fails to clarify whether the comparison is valid given the gender disparity in tennis rankings.",1.0,1,1.0,['Paola Suárez'],1,1.0,1.0
Paul DeBoy is known for an appearance in the Western action-adventure game developed by which company?,"Paul DeBoy is known for an appearance in the Western action-adventure game Red Dead Redemption, developed by which company?",['Rockstar San Diego'],['Rockstar Games'],"The query seeks to identify the developer of a specific Western action-adventure game featuring Paul DeBoy. While the game type (Western action-adventure) provides context, it does not uniquely identify a single game. Multiple games could fit this category, and without explicit mention of the game title, the answer relies on external knowledge about DeBoy's roles. Additionally, the term 'Western' may ambiguously refer to either the genre or geographic origin, further complicating identification. Since the query does not specify the exact game title or additional constraints, the required specificity to definitively answer is lacking.",0.4,0,0.25,['Rockstar Games'],0,0.4,0.5
What university did Bill Daly graduate that Gary Bettman also graduated from?,What law school did Bill Daly graduate from that Gary Bettman also graduated from?,['New York University School of Law'],['Cornell University'],"The query requires identifying a common university between two individuals (Bill Daly and Gary Bettman). While Gary Bettman is publicly known to have earned a Bachelor's degree in Economics from Harvard University, there is no widely verified public information confirming Bill Daly's educational background or any university他 graduated from. Without explicit confirmation of both individuals' alma maters, the query cannot be resolved definitively. Additionally, the lack of contextual clues (e.g., whether 'graduated' refers to formal degrees or other forms of completion) further complicates the answer.",0.25,0,0.0,['New York University School of Law'],1,1.0,1.0
What is one of the most successful retro-clones that is no longer supported by Wizards of the Coast?,"What is the name of the successful third-party retro-clone that emulates the Advanced Dungeons & Dragons 1st Edition ruleset, an edition no longer supported by Wizards of the Coast?",['Old School Reference and Index Compilation'],['Pathfinder'],"The query seeks a 'retro-clone' of a D&D edition that is no longer supported by Wizards of the Coast (WotC). While 'retro-clones' generally refer to third-party adaptations of classic RPGs, the term lacks precise definition in this context. Additionally, the phrase 'most successful' introduces subjectivity, as success criteria (e.g., sales, popularity) vary. The query also depends on up-to-date information about WotC's current product support policies, which may change over time. Without explicit examples or clarification on what qualifies as a 'retro-clone,' the query remains ambiguous.",0.0,0,0.0,['Osric'],0,0.0,1.0
"Name one of the Judges of Spring Baking Championship television series who was born on December 17, 1974 ?","Name one of the American Judges of Food Network's Spring Baking Championship television series who was born on December 17, 1974?","['Jeffrey Adam ""Duff"" Goldman']",['Nancy Fuller'],"The query requires identifying a judge from a specific television series ('Spring Baking Championship') born on a particular date (December 17, 1974). While the date provides a potential narrowing factor, the term 'Spring Baking Championship' is not a widely recognized or standardized TV show title. Without explicit confirmation of the show's official roster of judges or their biographical details, the uniqueness of the response cannot be guaranteed. Additionally, the query does not specify additional constraints (e.g., country, season, or other criteria) that might further clarify the intended target. Thus, the query lacks sufficient specificity to ensure a definitive answer.",0.0,0,0.0,['Nancy Fuller'],0,0.0,0.0
What was the breakthrough role of the actor starring in Good Boy! and was a native of Atlanta?,"What was the breakthrough role of actress Brittany Murphy, who starred in the 2003 film ""Good Boy!"" and was a native of Atlanta?","['Tai Frasier in ""Clueless""']","[""Frankie Muniz in 'Malcolm in the Middle'""]","The query seeks information about an actor's 'breakthrough role' based on two conditions: (1) their association with the work 'Good Boy!' and (2) their birthplace in Atlanta. However, the query fails to identify the specific actor, as multiple individuals may have appeared in 'Good Boy!', and 'Atlanta' as a birthplace could apply to many actors. Additionally, 'Good Boy!' is not a widely recognized title, leading to ambiguity about which film/show it refers to. Without specifying the actor's name or narrowing down the context of 'Good Boy!', the query cannot uniquely determine the intended subject.",0.2,0,0.0,"[""Her breakthrough role was in the 1995 film 'Clueless.'""]",0,0.3333333333,1.0
"Between Greyia and Calibanus, which genus contains more species?","Considering Greyia and Calibanus, and given that Calibanus is not a recognized scientific genus in botanical taxonomy, which of the two is a valid genus?",['Greyia'],['Calibanus'],"The query asks for a comparison between two genera, Greyia and Calibanus. While Greyia is a well-documented genus within the family Asteraceae, Calibanus is not a recognized scientific genus in botanical taxonomy. This lack of validation for Calibanus renders the comparison impossible, as one of the required terms does not exist in the taxonomic record. Additionally, even if Calibanus were a valid genus, the absence of specific data on its species count further complicates the answer.",0.0,0,0.0,['Greyia'],1,1.0,1.0
"What company has a headquarters in Whitley, Convernty, United Kingdom?","What company has a headquarters in Whitley, Coventry, United Kingdom?",['Jaguar Land Rover'],['Jaguar Land Rover'],"The query contains potential ambiguities and inaccuracies. 'Convernty' appears to be a misspelled or non-existent location; the likely intent was 'Coventry,' a major city in the UK. Additionally, 'Whitley' is a smaller settlement near Coventry, but the combination of these two locations creates confusion. Without confirmation of the correct geographic coordinates or additional context, the specificity of the query is compromised. A fully specified query would require verified, unambiguous geographical data and sufficient contextual clues to identify a unique entity.",1.0,1,1.0,['Jaguar Land Rover'],1,1.0,1.0
Who starred as an American attorney in Grey Gardens?,Who portrayed the American attorney Phelan Beale in the 2009 HBO film Grey Gardens?,['Ken Howard'],['Arye Gross'],"The query seeks an actor who played an 'American attorney' in the 1975 film *Grey Gardens*. However, the film features Joan Crawford and Betty Davis in roles centered on their real-life personas (Mabel and Edie), not legal professions. Neither actor is associated with portraying an attorney in this context. Additionally, the phrase 'American attorney' introduces a detail not present in the film's canonical casting or plot. While the query specifies a role ('attorney') and a work (*Grey Gardens*), the combination does not match any established cast member, making the question underspecified due to potential misalignment between the requested role and the film's content.",0.0,0,0.0,['Ken Howard'],1,1.0,1.0
Ethel Winter worked with which avant-garde theater director?,Ethel Winter worked with which avant-garde theater director on the production of 'The Coach with the Six Insides'?,['Jean Erdman'],['Jerzy Grotowski'],"The query specifies 'Ethel Winter' (a historical figure) and asks for an 'avant-garde theater director,' which implies experimentation or innovation in theater. While 'avant-garde' broadly defines the artistic direction, the query lacks temporal or contextual specifics (e.g., time period, performance, or collaborative project). This ambiguity allows multiple potential directors (e.g., Peter Brook, Robert Wilson, or others), making the query underspecified due to insufficient constraints to isolate a single definitive answer.",0.0,0,0.0,['Jean Erdman'],1,1.0,1.0
"Born on 6 March 1937, this man was also a citizen of the United Kingdom.","Born on 6 March 1937, this man was also a citizen of the United Kingdom and a prominent Scottish businessman who served as Chairman of Scottish & Newcastle. Who was he?",['Alistair Grant'],"[""Valentina Tereshkova's husband, Andriyan Nikolayev""]","The query provides a birthdate (6 March 1937) and citizenship (United Kingdom), but these details alone do not uniquely identify a specific individual. Multiple people could share the same birthdate and national origin. While the combination narrows the field, it remains insufficient to definitively pinpoint a single person without additional distinguishing factors such as name, occupation, or notable achievements. The ambiguity lies in the lack of uniqueness in the provided data.",0.0,0,0.0,['Brian Stewart'],0,0.0,0.0
where is a  football club which Aly Mohamed play for from ,What is the country of the football club that Alaa Mohamed played for?,['United Arab Emirates'],"[""Aly Mohamed's football club is not specified in the provided information.""]","The query is underspecified due to several critical issues. First, 'Aly Mohamed' is likely a misspelling or incorrect name for a known footballer (e.g., 'Alaa Mohamed' or 'Ahmed Salah'), leading to ambiguity. Second, the phrase 'which Aly Mohamed play for' uses present tense ('play') but the query structure implies past action ('played'). Third, the final word 'from' appears misplaced and may indicate a grammatical error. These factors collectively create uncertainty about the target athlete, their affiliated club, and the intent behind the question.",0.0,0,0.0,['Egypt'],0,0.0,0.0
"Which of the fighter in Battle of Gavinana was created in 1422, and came to an end when the Holy Roman Empire was wound up in 1806, as the result of the Napoleonic Wars?","Which military force, associated with the Holy Roman Empire, was established in 1422 and ceased to exist when the Holy Roman Empire was dissolved in 1806 as a result of the Napoleonic Wars?",['Army of the Holy Roman'],['Imperial Army of the Holy Roman Empire'],"The query contains several critical flaws. First, 'Battle of Gavinana' is not a recognized historical event; no major battles share this name. Second, the timeline is inconsistent: the Holy Roman Empire dissolved in 1806 during the Napoleonic Wars, yet the query references a 'fighter' created in 1422 (a date far earlier than the Renaissance). These contradictions indicate the query relies on false premises. Furthermore, the term 'fighter' is ambiguous without clarification (e.g., military unit, weapon, or aircraft). The lack of valid historical context and contradictory timelines render the query fundamentally flawed.",0.8,0,0.75,['Imperial Army (Reichsarmee)'],0,0.2857142857,0.75
What three other National forests are administered by the same people who administer the park in which the Art Loeb trail runs through?,"What three other National Forests are administered by the same U.S. Forest Service unit that administers Pisgah National Forest, where the Art Loeb Trail is located?","['Croatan, Nantahala, and Uwharrie']","['Pisgah National Forest' 'Nantahala National Forest'
 'Uwharrie National Forest']","The query requires identifying the park containing the Art Loeb Trail, which is ambiguous. While the Art Loeb Trail is commonly associated with Boston-area green spaces (e.g., Franklin Park), it does not run through a nationally recognized 'park' (like a national park). Additionally, the trail is not officially tied to any National Forest or federally administered park. Without clear identification of the target park or its administrator, the query lacks sufficient specificity to resolve the administrative relationship between the park and National Forests.",0.2857142857,0,0.25,['- Nantahala National Forest  \n- Uwharrie National Forest  \n- Croatan National Forest'],0,0.4615384615,1.0
Who was the head coach for the team whose fourth round draft pick in 1974 played college football at Alabama A&M?,"Who was the head coach for the team that drafted Jim O'Malley, a fourth-round pick in 1974 who played college football at Alabama A&M?",['Chuck Noll'],['Chuck Noll'],"The query requires identifying a team based on its 1974 fourth-round draft pick who attended Alabama A&M. While the year, draft round, and school are specified, these alone may not uniquely identify the team. Multiple teams could have drafted players from Alabama A&M in the 1974 fourth round, leading to ambiguity. Without explicit confirmation of the player’s identity or the team’s name, the query lacks sufficient specificity to resolve the exact team or coach.",1.0,1,1.0,"[""There is no record of a player named Jim O'Malley being drafted in 1974 or playing college football at Alabama A&M.""]",0,0.0,0.0
Which player for the Chicago American Gears held the record which George Harry Yardley III broke ,Which player held the NBA single-season scoring record that George Yardley broke during the 1957-58 NBA season?,"['George Lawrence Mikan, Jr.']",['George Mikan'],"The query contains multiple ambiguities. First, 'Chicago American Gears' appears to be a fictional or obscure team name; no major professional sports franchise by this name exists. Second, George Harry Yardley III is likely a fabricated or lesser-known individual, as no prominent athlete by this name is documented. Finally, the term 'record' is too vague—it could refer to any statistic (e.g., points, wins, goals), and the query does not specify the nature of the record broken. Without clear references to actual entities or definitions, the query lacks sufficient context to produce a definitive answer.",0.6666666667,0,1.0,['George Mikan'],0,0.6666666667,0.5
"Who performed the Simon & Garfunkel song that was a follow-up single to ""The Boxer"" on Australian Idol? ","Who performed the Simon & Garfunkel song ""Bridge Over Troubled Water"" on Australian Idol?",['Anthony Callea'],['Guy Sebastian'],"The query is underspecified due to contradictory and inaccurate premises. First, ""The Boxer"" is a 1970 Simon & Garfunkel song, and no follow-up single exists for it. Second, Australian Idol is a reality TV show featuring contestant performances, not record labels releasing singles. The phrase ""follow-up single to ""The Boxer"" on Australian Idol"" conflates unrelated concepts (music industry releases vs. TV performance) and introduces fictional elements. Key ambiguities include: (1) the non-existence of a follow-up single to ""The Boxer"", (2) the misattribution of a song to a TV show, and (3) confusion between artistic collaboration and media appearances.",0.0,0,0.0,['Guy Sebastian'],0,0.0,0.0
"In relation to Rome, where was the city whose king was the father of Ocnus?  ","In relation to Rome, where was the city whose king was the father of Rhea Silvia?",['12 mi southeast of Rome'],['Mantua'],"The query is underspecified due to ambiguity surrounding key terms. ""Ocnus"" is likely a mis-spelling or obscure reference (possibly intended as ""Oedipus,"" but even then, no direct link to Rome). The query assumes prior knowledge of a historical figure (Ocnus) and their familial relationships, which is not clearly defined. Additionally, the phrase ""in relation to Rome"" is vague—it could mean geographically adjacent, politically affiliated, or culturally linked—but the lack of specificity makes it impossible to definitively narrow down the target city. Without further contextual clues or clarification on Ocnus's identity or the nature of the relationship to Rome, the query cannot be resolved unambiguously.",0.0,0,0.0,['Alba Longa'],0,0.0,0.25
"Seven years before the opening of the Brewer Fieldhouse in Columbia, Missouri, where was Chester Brewer working as head football coach and head basketball coach?","In 1922, where was Chester Brewer working as both head football coach and head basketball coach?",['University Farm'],['Michigan Agricultural College (now Michigan State University)'],"The query requires identifying Chester Brewer's workplace seven years prior to the Brewery Fieldhouse's opening in Columbia, MO. However, the critical detail of the fieldhouse's opening date is absent, making it impossible to calculate the exact timeframe. Additionally, while the query combines football and basketball coaching roles, it does not confirm whether these were concurrent positions at the same institution or separate roles. The absence of historical context about the fieldhouse's construction date and Brewer's career timeline renders the query underspecified.",0.2222222222,0,0.25,['Michigan Agricultural College (now Michigan State University)'],0,0.2222222222,0.0
"What city has a football team and had a player from Pago Pago, American Samoa play for it?","What city is home to the University of Oregon's college football team, which had a player from Pago Pago, American Samoa play for it?","['He is from Pago Pago, American Samoa and played college football at Oregon.']",['Indianapolis'],"The query seeks a city with a football team that has included a player from Pago Pago, American Samoa. While the sport (American football/soccer) is ambiguous, the reference to 'Pago Pago' implies a specific geographic origin. However, the absence of clarification on the sport type (e.g., NFL, MLB, etc.) creates uncertainty. Additionally, multiple cities worldwide may have teams with players from Pago Pago, leading to potential ambiguities. Without further constraints, the query cannot definitively narrow down to a singular answer.",0.0,0,0.0,['Eugene'],0,0.0,1.0
What form of play does Yameen and Activision have in common?,What category of interactive play is common to both Yameen and Activision?,['video game'],['Video games'],"The query is underspecified due to ambiguity in key terms. 'Yameen' appears to be a personal name (possibly a person) rather than an organization or concept tied to 'play.' Activision is a known video game developer, but its 'forms of play' are diverse (e.g., FPS, RPGs). However, there is no explicit connection established between Yameen (a person) and Activision (a company) that links them through a shared 'form of play.' Additionally, 'form of play' is too broad without contextual definitions (e.g., sports, gaming, artistic performance). The query lacks necessary constraints or clarifying information to resolve the relationship between the two entities.",0.5,0,1.0,['Video games'],0,0.5,1.0
What was the previous occupation of the Canadian-born Indian-American actress and model who appeared in Tina & Lolo alongside Karishma Tanna?,What was the previous occupation of the Canadian-born Indian-American actress and model who appeared in the film *Tina & Lolo* alongside Karishma Tanna?,['pornstar'],['Adult film actress'],"The query specifies multiple attributes: 'Canadian-born Indian-American', 'actress and model', and appearance in 'Tina & Lolo' with Karishma Tanna. While these filters narrow the field, the term 'Tina & Lolo' is ambiguous (e.g., unclear if it refers to a specific film). Additionally, Karishma Tanna’s co-stars in films bearing similar titles (e.g., *Tina* [2017]) include non-Canadian-born actors like Rani Mukerji. Even if the target individual exists, the combination of traits may not uniquely identify them, leaving room for alternative interpretations or missing contextual clues.",0.0,0,0.75,['Adult film actress'],0,0.0,0.75
Which species of trees is larger Dryopteris or Gymnocladus?,"Among Dryopteris and Gymnocladus, which one is not classified as a species of tree?",['Dryopteris'],['Gymnocladus'],"Dryopteris is a genus of ferns (not trees), while Gymnocladus refers to trees (e.g., Gymnocladus tetragonus). The query contains conflicting information: 'trees' vs. 'Dryopteris' (a fern). This creates ambiguity as the comparison involves non-tree and tree species, rendering the query invalid. Additionally, the term 'species of trees' implies a taxonomic classification within trees, which does not apply to Dryopteris.",0.0,0,0.0,['Dryopteris'],1,1.0,1.0
What is the nationality of a famous photograher who worked as a set photographer in Hollywood film productions?,"What is the nationality of Laszlo Willinger, a famous photographer who worked as a set photographer in Hollywood film productions?",['German'],['American'],"The query asks for the nationality of a 'famous photographer' who worked as a 'set photographer' in Hollywood. While 'Hollywood film productions' provides context, the term 'a famous photographer' is too broad, as there are numerous renowned photographers who fit this description (e.g., Bert Stern, Robert Montgomery Ward). Additionally, 'set photographer' refers to a specialized role, but without specifying a particular individual, the query cannot uniquely identify the intended subject. Multiple candidates exist across various nationalities, making the query underspecified.",0.0,0,0.0,['Hungarian'],0,0.0,0.0
What book did the president and CEO of Tracinda Corporation buy?,"What book did Kirk Kerkorian, the president and CEO of Tracinda Corporation, acquire that detailed the final days of MGM?",['Fade Out: The Calamitous Final Days of MGM'],['The Codex by Douglas Preston'],"The query lacks critical specificity to identify the correct individual(s) or source of information. While 'Tracinda Corporation' may refer to a real entity (e.g., a tech firm), the title 'president and CEO' could denote separate individuals or the same person. Furthermore, no temporal context (e.g., when the book was purchased) or method of acquisition (e.g., online store, library) is provided. Crucially, there is no indication of a reliable data source (e.g., corporate records, public listings) to confirm the purchase. This ambiguity prevents accurate retrieval of the requested information.",0.0,0,0.0,['The MGM Story'],0,0.2222222222,0.0
What athletic team has its football and basketball games broadcast on KFST and has a mascot who is named Bevo?,What athletic team has a mascot who is named Bevo?,['Texas Longhorns'],['Texas Longhorns'],"The query contains conflicting information. KFST is the campus radio station for the University of Nebraska-Lincoln, which represents the Cornhuskers, whose official mascot is the Cornhusker (not 'Bevo'). While 'Bevo' is a colloquial term occasionally used for the University of Texas Longhorns, it is not their official mascot. Additionally, the University of Texas does not broadcast football/basketball games on KFST. Thus, the combination of 'KFST' and 'Bevo' as a mascot creates an inconsistency, making the query underspecified.",1.0,1,1.0,['Texas Longhorns'],1,1.0,1.0
Who owns the hotel where the 13th Anniversary Show took place?,"Who owns the Gold Coast Hotel and Casino in Las Vegas, where its 13th Anniversary Show took place in 1999?",['Boyd Gaming'],['Tony Deppen'],"The query requires identifying the ownership of a hotel associated with a specific event ('13th Anniversary Show'). However, the phrase '13th Anniversary Show' is ambiguous as it could refer to multiple entities (e.g., WWE, UFC, corporate events). Without clarification on which organization/event is being referenced, the hotel and its owner cannot be uniquely determined. Additionally, the geographic location of the event is not specified, further complicating the identification of the relevant hotel.",0.0,0,0.0,['Boyd Gaming'],1,1.0,1.0
What is the legal name of Johnny Campbell's hometown?,"Given that Johnny Campbell's hometown is Londonderry, what is the legal name of this city?",['Londonderry'],"[""The legal name of Johnny Campbell's hometown is not specified in the provided context.""]","The query requires identification of a specific individual named 'Johnny Campbell' to determine their hometown. The name 'Johnny Campbell' is common and may refer to multiple individuals (e.g., historical figures, fictional characters, public figures). Without additional contextual clues (such as full name, occupation, notable events, or geographic constraints), the query cannot uniquely resolve which 'Johnny Campbell' is intended. Furthermore, 'legal name' implies an official designation, but the ambiguity around the subject's identity makes the query underspecified.",0.0,0,0.0,['Derry'],0,0.0,0.0
What actor from Northern Ireland born in 1983 starred in Whole Lotta Sole?,"Which specific Northern Irish actor, born in 1983, is confirmed to have starred in the film 'Whole Lotta Sole'?","['Martin ""Marty"" McCann']",['Martin McCann'],"The query provides multiple constraints: nationality (Northern Ireland), birth year (1983), and film title ('Whole Lotta Sole'). While these filters narrow the search space, they may not yield a unique result. Key uncertainties include: 1) 'Whole Lotta Sole' is not a widely recognized film title; it may be a misspelling or obscure work. 2) Northern Ireland-born actors born in 1983 are relatively few, but without confirming the film's existence or casting details, there is ambiguity. Additionally, the combination of criteria may overlap with other actors who meet two out of three conditions, leading to potential mismatches.",0.8,0,1.0,['Martin McCann'],0,0.8,0.75
Thea Ruth White is best known for her voice over work as Muriel Bagge on  an American animated horror comedy television series created for who?,"Thea Ruth White is best known for her voice over work as Muriel Bagge on the American animated horror comedy television series Courage the Cowardly Dog, which was created for which network?",['Cartoon Network'],['Cartoon Network'],"The query seeks to identify the creator/network of an 'American animated horror comedy' series featuring Thea Ruth White as Muriel Bagge. While Thea Ruth White is indeed known for voicing Muriel Bagge on ""The New Adventures of Batman"" (a live-action series, not animated), the query incorrectly labels it as an animated horror-comedy. Additionally, the term 'created for who?' implies the target audience or producer, but without explicit clarification (e.g., specifying the series title or exact creator), the query relies on assumptions. The contradiction between the described genre ('animated horror comedy') and the actual series (live-action) further undermines specificity.",1.0,1,1.0,['Cartoon Network'],1,1.0,1.0
"Who has more singles titles, Brian Gottfried or Peter Fleming?","Considering Brian Gottfried's professional tennis career and Peter Fleming's primary career as a politician, how many singles titles did Brian Gottfried win?",['21'],['Brian Gottfried'],"The query compares two individuals' achievement in 'singles titles,' which refers to tournament victories in singles competitions. To evaluate this, the responder must confirm both individuals were competitive in tennis (or equivalent sport). While Brian Gottfried is a well-documented former professional tennis player with multiple singles titles, Peter Fleming is less clearly associated with tennis. Historical records suggest Peter Fleming was primarily a British politician and businessman, not a professional athlete. Without explicit confirmation that Fleming participated in singles competitions, the query lacks sufficient context to resolve the comparison accurately.",0.0,0,0.25,['25'],0,0.0,0.0
Who wrote Tom Vaughan's popular 2008 film?,"Who wrote the 2008 film 'What Happens in Vegas', which was directed by Tom Vaughan?",['Dana Fox'],"[""Tom Vaughan's popular 2008 film, 'What Happens in Vegas,' was written by Dana Fox.""]","The query contains ambiguity due to potential errors in naming and specificity. 'Tom Vaughan' is primarily known as an actor (e.g., in 'The Sopranos'), not a filmmaker. There is no widely recognized 2008 film titled 'Tom Vaughan's popular...' or attributed to him as a writer. Additionally, the phrase 'popular 2008 film' lacks precision—without specifying the title or director, multiple films could fit, leading to uncertainty. The query assumes the existence of a film linked to Tom Vaughan, which may be factually inaccurate or misinterpreted.",0.25,0,1.0,['Dana Fox'],1,1.0,1.0
Bangalore Naatkal starred which actor and photographer?,Which producer of 'Bangalore Naatkal' also made a cameo appearance in the film?,['Ramanaidu Daggubati'],['Dulquer Salmaan'],"The query asks for a singular individual who serves as both an actor and a photographer in the movie 'Bangalore Naatkal.' While the term 'starred' typically refers to actors, the inclusion of 'photographer' introduces ambiguity. It is unclear whether the query seeks: (1) a dual-role performer (acting and photographing) in the film, (2) the lead actor and the cinematographer/cinematography team separately, or (3) a mix-up between casting and technical roles. Additionally, the phrase 'actor and photographer' implies two distinct entities rather than a combined role, further complicating the specification.",0.0,0,0.0,['Prithviraj Sukumaran'],0,0.0,0.0
Who is older Craig Nicholls or Norman Blake ?,"Considering Craig Nicholls was born in 1977 and Norman Blake was born in 1965, who is older?",['Norman Blake'],['Norman Blake'],"The query asks for a comparison of age between two individuals, Craig Nicholls and Norman Blake. However, the query does not provide any explicit temporal information such as birth dates, years of birth, or contextual clues that would allow determination of their relative ages. While the names may refer to real-world individuals, the absence of verifiable biographical data in the query means the question cannot be resolved without external knowledge. Additionally, the phrasing 'older' implies a requirement for chronological age, which requires precise temporal references not included in the query.",1.0,1,1.0,['Norman Blake'],1,1.0,1.0
what language did the ethnic group which Torstein Ellingsen was its drumer  speaks ,"What language is spoken by the ethnic group to which Torstein Ellingsen, a Norwegian drummer, belongs?",['Norwegian language'],['Norwegian'],"The query seeks to identify the language spoken by an ethnic group linked to Torstein Ellingsen via his role as 'drummer.' While Torstein Ellingsen is widely recognized as a Norwegian musician (member of A-ha), the query's phrasing ('ethnic group which...was its drumer') creates ambiguity. Key uncertainties include: (1) Whether 'Torstein Ellingsen' is correctly spelled/matched to the individual; (2) Whether 'drummer' refers to his role within a musical group tied to a specific ethnic identity (e.g., Norwegian); and (3) Whether the term 'ethnic group' inherently connects to national origin versus broader cultural associations. Without explicit clarification on these points, the query lacks sufficient specificity to definitively resolve the target language.",0.6666666667,0,1.0,['Norwegian'],0,0.6666666667,1.0
What other country does the league that Taylor Eric Kemp played in represents the sport's highest level besides the United States?,"Besides the United States, what other country has teams in the professional ice hockey league that represents the sport's highest level?",['Canada'],['Germany'],"The query requires identifying the sport, the league associated with Taylor Eric Kemp, and determining which countries have leagues at the 'sport's highest level.' Key ambiguities include: 1) Uncertainty about Taylor Eric Kemp's identity—no prominent athletes match this name, raising questions about its validity. 2) Lack of explicit clarification on the sport being referenced (e.g., soccer, basketball). 3) Ambiguity around 'highest level' definitions across sports. Without resolving these gaps, the query remains unresolved.",0.0,0,0.0,['Canada'],1,1.0,1.0
What sort of activist is the author of The Irrational Atheist? ,What is the political ideology or movement primarily associated with the author of The Irrational Atheist?,['alt-right'],['Christian apologist'],"The query asks about the 'sort' of activist the author of *The Irrational Atheist* is. While the book's author (Robert Wright) is identified, the query lacks specificity regarding the type of activism being referenced. 'Activist' is a vague category encompassing diverse fields like political advocacy, social justice, environmental action, etc. The query also assumes the author is an activist, which may not be explicitly stated. Further clarification would be needed to distinguish between scholarly writing, philosophical commentary, or actual activist work. The lack of contextual details about the author's activities or the specific form of activism required makes the query underspecified.",0.0,0,0.0,['Conservatism'],0,0.0,0.0
"What is the global rank by population of the city that Daewoong Pharmaceutical Co., Ltd is based in?","What is the global rank by population of the urban agglomeration where Daewoong Pharmaceutical Co., Ltd is headquartered, according to widely recognized global urban population rankings?","[""world's 16th largest city""]",['Seoul is ranked 18th globally by population.'],"The query requires identifying the city associated with Daewoong Pharmaceutical Co., Ltd. (headquartered in Seoul, South Korea), then determining its global population rank. While the company's location is unambiguously identified as Seoul, the query lacks specificity regarding the data source (e.g., United Nations, World Bank, or another agency) or the methodology for calculating population rank (e.g., urban area vs. city proper). These omissions introduce ambiguity, as population rankings can vary slightly across sources and definitions. However, the core elements (identifying the city and retrieving its population rank) are sufficiently defined to allow derivation of a definitive answer using standardized global datasets.",0.0,0,0.25,"['Seoul, where Daewoong Pharmaceutical Co., Ltd is headquartered, is typically ranked around 4th to 6th globally by urban agglomeration population.']",0,0.0,0.0
"What is the birthdate of this Australian dramatic coloratura soprano, who taught Simon Gilbert?","What is the birthdate of Joan Sutherland, the Australian dramatic coloratura soprano who taught Simon Gilbert?",['7 November 192610'],"['April 16, 1926']","The query seeks the birthdate of a specific individual described by two attributes: being an 'Australian dramatic coloratura soprano' and having taught 'Simon Gilbert.' While these descriptors narrow down the candidate, they do not unambiguously identify a single person. For example, Joan Sutherland (a renowned Australian dramatic coloratura soprano) did teach Simon Gilbert, but other individuals might also meet the criteria. Additionally, the term 'dramatic coloratura soprano' is somewhat vague and could apply to multiple singers. Without explicit identification of the subject (e.g., via name), the query relies on contextual or specialized knowledge to resolve ambiguities, making it underspecified.",0.0,0,0.0,"['November 7, 1926']",0,0.6666666667,1.0
Which actor in the film Equus is also in the film The Informers?,Which actor in the 1977 film Equus is also in the 1966 film The Informers?,['Colin Blakely'],['Billy Crudup'],"The query references two films, 'Equus' and 'The Informers,' but does not specify which iterations of these films (e.g., the 1977 vs. 2016 versions of Equus, or the 1938 vs. later adaptations of The Informers). This lack of specificity creates ambiguity about which actors to consider, as different versions have distinct casts. Additionally, 'The Informers' could refer to multiple films (e.g., the 1938 noir classic, a 2009 Irish historical drama, etc.), further complicating the search for overlapping actors.",0.0,0,0.0,['Harry Andrews'],0,0.0,0.0
"What is represented on the cover art of the studio album that includes the song ""Speed of Sound""?","What is represented on the cover art of Coldplay's studio album ""X&Y"", which includes the song ""Speed of Sound""?",['Baudot code'],['A graphic of colored blocks forming a square pattern.'],"The query refers to a song titled 'Speed of Sound' but does not identify the artist or album. Multiple artists (e.g., Linkin Park, Muse) have released songs with this exact title, and each may be part of different studio albums with distinct cover art. Without specifying the artist or additional contextual clues, the reference is ambiguous. The query relies on external knowledge to resolve ambiguities, making it underspecified.",0.0,0,0.5,"['The cover art represents a visual representation of the Baudot code, a telegraph code system.']",0,0.3076923077,1.0
What park is just south of the location where the New York Jets played prior to moving to Shea Stadium? ,"What major park in Manhattan is situated immediately south of the former site of the Polo Grounds, where the New York Jets played their home games from 1960 to 1963 before relocating to Shea Stadium?",['Central Park'],['Flushing Meadows-Corona Park'],"The query requires determining the location of the New York Jets' pre-Shea Stadium venue. Historically, the Jets played at the Polo Grounds in Manhattan before relocating to Shea Stadium in 1964. The Polo Grounds were in lower Manhattan, and a park 'just south' of that area would logically reference a park within or adjacent to Manhattan. However, the term 'south' can be ambiguous geographically. Additionally, the query assumes familiarity with the Jets' relocation timeline, which may not be universally known. While the intended answer likely points to a Manhattan park (e.g., Bryant Park or Central Park), the phrasing introduces ambiguity due to reliance on contextual historical data rather than explicit geographic references.",0.4,0,0.0,['Highbridge Park'],0,0.5,0.0
Which rapper who worked with a star of the film 8 Mile also worked with the artist who played keyboards and wrote songs for Anita Baker??,"Which rapper, who is the protagonist of the film 8 Mile, also worked with Michael J. Powell, who played keyboards and wrote songs for Anita Baker?",['Eminem'],['Dr. Dre'],"The query seeks a rapper linked to two distinct artists: (1) a 'star of the film 8 Mile,' which refers to Eminem (as the protagonist). (2) An artist who played keyboards and wrote songs for Anita Baker. While the first reference is unambiguous (Eminem), the second is vague. Anita Baker’s musical collaborators include multiple artists (e.g., Lisa Loeb, D’Angelo, Robert Glasper), none of whom are explicitly identified in the query. Additionally, the term 'artist who played keyboards and wrote songs' lacks specificity, leaving ambiguity about which individual meets both criteria. Thus, the query depends on contextual knowledge beyond explicit clues, making it partially reliant on assumptions.",0.0,0,0.0,['Eminem'],1,1.0,1.0
What singer who sang in church during her childhood did Stacy Barthe pen album tracks for?,"Which pop singer, known for singing in church during her childhood, had Stacy Barthe co-write the album track ""Bullet"" for her 2012 album *Teenage Dream: The Complete Confection*?",['Katy Perry'],['Beyoncé'],"The query requires identifying a singer with a specific childhood background (singing in church) and linking them to Stacy Barthe's creative contributions (penning album tracks). While 'Stacy Barthe' appears to reference a real individual (a songwriter/producer), the specificity of the query depends on whether there is a uniquely identifiable artist meeting both criteria. The phrasing lacks explicit contextual clues (e.g., genre, time period, or specific works) that would unambiguously narrow the search. Additionally, 'Stacy Barthe' is not a widely recognized public figure, introducing potential ambiguity about their professional associations. Without further constraints, multiple possibilities exist, making the query reliant on external knowledge rather than self-contained logic.",0.0,0,0.0,['Katy Perry'],1,1.0,1.0
"If Selfridges in London is the UK's second largest shop, which store - today owned by the State of Qatar - is the biggest?","If Selfridges in London is the UK's second largest shop, and the UK's largest shop is today owned by the State of Qatar, what is the name of this largest shop?",['Harrods'],['Harrods'],"The query assumes prior knowledge about which store in the UK is owned by Qatar and is the largest. While the question provides contextual clues (Selfridges being second largest), it does not explicitly identify the target store (e.g., 'Qatar's largest retail space' or a specific brand). Without explicit naming or additional details, the query hinges on external knowledge that is not contained within the question itself. This makes the query underspecified because the core requirement—identifying the specific store—is not fully articulated.",1.0,1,1.0,['Harrods'],1,1.0,1.0
"What rapper on the song ""Wij zijn Ajax"" plays for the Turkish club Beşiktaş?","Which footballer, who is also a rapper and released the song ""Wij zijn Ajax"", played for the Turkish club Beşiktaş?",['Ryan Babel'],['Quincy Promes'],"The query seeks to identify a rapper featured on the song 'Wij zijn Ajax' who also plays for Beşiktaş (a Turkish football club). While the song title references 'Ajax,' which is a Dutch football club, the query conflates musical and athletic associations. The term 'rapper' implies a musician, while playing for Beşiktaş suggests a professional athlete. These two roles are distinct and unrelated in most contexts. Additionally, the song 'Wij zijn Ajax' is not explicitly tied to a known rapper, and no credible source links its performers to Beşiktaş. The query combines elements from separate domains (music and sports) without clear connections, leading to ambiguity.",0.0,0,0.0,['Ryan Babel'],1,1.0,1.0
" Dayton's Devils had a cameo from the ""MASH"" star who played what role on the show?","Mike Farrell, who had a cameo in Dayton's Devils, played what role on ""MASH""?",['Captain B.J. Hunnicutt'],"[""Radar O'Reilly""]","The query references a cameo by a ""MASH"" star but does not identify which specific actor or character from *MASH* is being referenced. While *MASH* has well-known actors (e.g., Robert Redford as Capt. Henry Blake), the query lacks specificity about which performer or role is associated with the cameo in *Dayton's Devils*. Without explicit details about the actor or their role on *MASH*, the question cannot be resolved definitively.",0.0,0,0.0,['B.J. Hunnicutt'],0,0.8,0.75
"Nick Jr Too was launched on the same day as what rival channel that was created by Turner Broadcasting, and is the sister station of Cartoon Network?","What channel, created by Turner Broadcasting, is a sister station of Cartoon Network and shares a similar naming convention to Nick Jr Too?",['Cartoon Network Too'],['Cartoonito'],"The query seeks a channel launched with Nick Jr. Too, created by Turner Broadcasting, and linked as a 'sister station' to Cartoon Network. Key points: Turner Broadcasting owns Cartoon Network and other channels like TBS, TNT, and Adult Swim. However, the term 'sister station' typically denotes a broadcast partner sharing programming ties, not necessarily rivalry. The answer hinges on identifying a Turner-created channel that rivals Nick Jr. Too while being tied to Cartoon Network. The most plausible candidate is ""Cartoon Network"" itself, but this creates a contradiction (a channel cannot be both rival and sister). Additionally, historical data shows Nick Jr. Too (launched 2014) was paired with Toonami, which is unrelated to Turner. The query’s premises conflict, leading to ambiguity.",0.0,0,0.0,['Boomerang'],0,0.0,0.0
When was the city George Consider Hale was born in founded?,When was the city where astronomer George Ellery Hale was born founded?,['in the 1830s'],"['The city of Chicago, where George Ellery Hale was born, was founded in 1833.']","The query contains a potential error or ambiguity in the subject 'George Consider Hale'. This name appears to be either misspelled (e.g., 'George Hale') or refers to a fictional/non-recognized individual. Even if interpreted as referring to a real person, the query assumes knowledge of the birthplace of an unspecified individual, leading to uncertainty. Furthermore, the phrasing 'the city [X] was born in founded' is grammatically awkward and structurally unclear, creating ambiguity about whether the focus is on the city's founding date or the person's birthplace. Since the query relies on unverified data (a potentially nonexistent or incorrectly named individual) and lacks clarity, it cannot be resolved definitively.",0.1333333333,0,0.75,['1833'],0,0.0,0.75
"Who has worked for more film companies, Kelly Reichardt or Jacques Tourneur?","Considering their entire careers, who directed films for a greater number of distinct production companies or studios, Kelly Reichardt or Jacques Tourneur?",['Jacques Tourneur'],['Jacques Tourneur'],"The query asks for a comparison of the number of film companies each director has 'worked for,' but critical definitional ambiguities exist. First, 'film companies' could refer to production companies, studios, or entities involved in filmmaking, but the term is not explicitly clarified. Second, 'worked for' is vague—does it mean directed, produced, written, or collaborated with these companies? Third, no temporal scope is provided (e.g., throughout their careers vs. within a specific period). These uncertainties prevent definitive answering without additional contextual information or standardized criteria.",1.0,1,1.0,['Jacques Tourneur'],1,1.0,1.0
Which animal-themed Disney classic film appeared first: That Darn Cat! or Perri?,"Considering only full-length productions, which animal-themed Disney classic film appeared first: That Darn Cat! (1967) or Perri (1954)?",['That Darn Cat!'],['Perri'],"The query asks for the release order of two films. 'That Darn Cat!' (1967) is a confirmed Disney animated classic. 'Perri' refers to two distinct works: a 1954 short film (not a full-length classic) and a 1982 live-action film (non-Disney). The term 'classic film' typically denotes full-length animations, and 'Perri' as a 1954 short does not meet this criterion. The ambiguity arises because the query does not clarify which specific 'Perri' is being referenced, leading to potential misinterpretation of the films' classifications.",0.0,0,0.0,['Perri (1954)'],0,0.0,0.0
 Mount Stimson is the second highest peak in national park that encompasses how many acres?,"Mount Stimson is the second highest peak in Wrangell-St. Elias National Park and Preserve, which encompasses how many acres?",['over 1 million'],"['1,013,322 acres']","The query asks for the acreage of a national park containing Mount Stimson as its second-highest peak. While Mount Stimson is a real geographic feature (located in Alaska), the query does not explicitly name the national park. Multiple U.S. national parks contain mountains, and without clarification, it is ambiguous which specific park is referenced. Additionally, even if the park were identified, verifying the exact acreage would require confirming the park's official boundaries and measurements. The lack of specificity regarding the park's name makes the query underspecified.",0.0,0,0.75,['13.2 million acres'],0,0.3333333333,0.0
Brad Elterman is a professional photographer who addressed the rock 'n' roll lifestyle of a band that became noted for what?,"Brad Elterman is a professional photographer who addressed the rock 'n' roll lifestyle of The Rolling Stones, a band that became noted for what?",['its eclectic mix of musical styles'],['Their outrageous behavior and glam rock style.'],"The query seeks to identify what a specific band (linked to Brad Elterman's photographic work) is known for. While the query provides context about Elterman's association with a band's 'rock 'n' roll lifestyle', it fails to explicitly name the band. Without identifying the band, multiple possibilities exist (e.g., The Rolling Stones, The Beatles, etc.), making the target entity ambiguous. Although prior knowledge may associate Elterman with The Rolling Stones, the absence of explicit naming renders the query underspecified.",0.0,0,0.0,"[""Their rebellious image and influence on rock 'n' roll.""]",0,0.0,0.0
The World War I Air Force pilot who has been credited with 80 air combat victories has been the subject of what forms of media?,"If a World War I military aviation pilot were credited with 80 air combat victories, what forms of media would such a figure typically be the subject of?","['books, films and other media']",['Books' 'Films' 'Documentaries' 'Television series' 'Video games'],"The query references a 'World War I Air Force pilot' with 80 air combat victories. While the term 'Air Force' is inaccurate for WWI (as aviation units were part of the Army or separate branches), the core issue lies in the specificity of the subject. No verified WWI pilot achieved 80 aerial victories; the highest recorded is approximately 45 (e.g., Eddie Rickenbacker). Additionally, the query does not identify the pilot explicitly, leaving ambiguity about which individual(s) are being referred to. This lack of clarity prevents determination of precise media forms (e.g., documentaries, books, films) associated with any particular historical or fictional figure. The query also assumes the existence of such a pilot without confirming factual accuracy.",0.3333333333,0,0.5,['- Biographies  \n- Documentaries  \n- Historical novels  \n- War films  \n- Video games  \n- Museum exhibits  \n- Academic articles  \n- Comic books'],0,0.2105263158,0.75
" Which album did the band Kraftwerk release after their successful album which reached number 25 on the US ""Billboard"" Hot 100 chart?","Which album did the band Kraftwerk release after their 1974 album *Autobahn*, whose title track single reached number 25 on the US 'Billboard' Hot 100 chart?",['Radio-Activity'],"[""'Trans-Europe Express' (1977)""]","The query seeks information about a specific album by Kraftwerk released after another album that charted at #25 on the Billboard Hot 100. While Kraftwerk has multiple albums that achieved commercial success, the exact identity of the target album depends on historical data. The phrase 'successful album which reached number 25' is vague because multiple albums by Kraftwerk may have reached similar chart positions, and the timeline of releases needs clarification. Additionally, the term 'successful' is subjective and could apply to various albums. Without precise references to specific years or tracks, the query lacks sufficient constraints to uniquely identify the intended response.",0.0,0,0.0,['Radio-Activity'],1,1.0,1.0
"An actor who appeared in all eight ""American Pie Films"" stared alongside which actor in Armed and Dangerous? ","Which actor starred alongside Eugene Levy, who appeared in all eight films of the 'American Pie' franchise (four main films and four direct-to-video spin-offs), in the 1986 film 'Armed and Dangerous'?",['John Candy'],['John Candy'],"The query hinges on two critical elements: identifying an actor present in 'all eight American Pie Films' and finding their co-actor in 'Armed and Dangerous'. First, the term 'American Pie Films' is ambiguously defined—there are only four primary films in the series (1998–2012), plus spinoffs like 'Vacation' and 'Next Level', making eight unclear. Second, the premise assumes the existence of an actor in all eight, which may not align with actual filmographies. Additionally, 'Armed and Dangerous' (2004) features a small cast, and matching actors across these films requires precise data verification. Without explicit clarification on the exact filmography or casting details, the query lacks specificity.",1.0,1,1.0,['John Candy'],1,1.0,1.0
"What age did a wrestler began his training at who began his friendship with Trevor Mann in Brookport, Illinois CPW?","At what age did the professional wrestler known as Ricochet, whose real name is Trevor Mann, begin his professional wrestling training?",['15'],['15 years old'],"The query contains several ambiguous or unspecified elements. First, 'CPW' is unclear—could refer to a fictional organization, a miswriting (e.g., 'CWP'), or a localized group. Second, 'Trevor Mann' is not a widely recognized figure in professional wrestling, making it difficult to confirm his identity or association with Brookport, Illinois. Third, the phrase 'began his training at who...' introduces grammatical confusion, implying the wrestler's training age depends on a relationship with Trevor Mann, but no clear connection between the two is established. Additionally, the lack of explicit dates or further contextual clues (e.g., wrestling promotions, events) leaves the query open to multiple interpretations.",0.5,0,1.0,['At age 14.'],0,0.0,0.0
Vocelli Pizza and Noble Roman's serve which kind of food?,What is the main type of food served by the restaurant chains Vocelli Pizza and Noble Roman's?,['Pizza'],['- Pizza'],"The query asks about the types of food served by two entities: 'Vocelli Pizza' and 'Noble Roman's'. While 'Pizza' suggests a culinary category, 'Vocelli' may refer to a specific establishment (possibly a local or niche venue) rather than a generic term. 'Noble Roman's' appears to be a proper noun likely denoting a specific restaurant. The lack of geographic context (e.g., city/state) means these could represent multiple distinct venues with varying cuisines. Additionally, 'Noble Roman's' might imply Italian-American fare due to the 'Roman' suffix, but this assumption is speculative. Without explicit confirmation of the specific restaurants being referenced, the query cannot be definitively answered.",1.0,1,1.0,['- Pizza'],1,1.0,1.0
"Which director was also a film editor, Burton L. King or Maheen Zia?","Between Burton L. King, primarily known as a cinematographer, and Maheen Zia, a filmmaker, which of these two individuals has worked as both a film director and a film editor?",['Maheen Zia'],['Maheen Zia'],"The query presents two individuals and asks which one holds both director and film editor roles. However, Burton L. King is primarily known as a cinematographer (camera operator) rather than a director, while Maheen Zia appears to be a contemporary filmmaker whose primary known role is as a director. Neither individual is widely documented as having served as a film editor. Additionally, the query assumes the accuracy of the names and titles provided, which may contain factual inaccuracies (e.g., Burton L. King’s actual career roles). Without verifiable evidence linking these individuals to both directorship and film editing, the query lacks sufficient context or reliable data to produce a definitive answer.",1.0,1,1.0,['Maheen Zia'],1,1.0,1.0
"What scientist as well as a practising Roman Cathloic described the electronic voice phenomena as typically brief, usually the length of a work or short phrase?","What Latvian parapsychologist and practising Roman Catholic described the electronic voice phenomena as typically brief, usually the length of a word or short phrase?",['Konstantīns Raudive'],['Konstantin Raudive'],"The query specifies three critical pieces of information: (1) the subject is a 'scientist', (2) they are a 'practising Roman Catholic', and (3) they described 'electronic voice phenomena' as 'typically brief'. While the query contains a typographical error ('Cathloic'), the remaining phrasing is sufficiently detailed to narrow down potential candidates. The combination of 'scientist', 'Roman Catholic', and 'description of EVPs' creates a constrained search space. However, the absence of additional contextual clues (e.g., field of study, time period, or specific works) introduces ambiguity. Though the query aims to identify a unique individual, the lack of specificity regarding the scientific domain or temporal scope makes it challenging to definitively confirm the answer without external knowledge.",0.5,0,1.0,['Konstantīns Raudive'],1,1.0,1.0
What Jurassic Park star was also in the Rainbow Warrior?,"Which actor, known for their role in the 1993 film *Jurassic Park*, also narrated the 2007 documentary film *The Rainbow Warrior*?",['Nigel John Dermot Neill'],['Sam Neill'],"The query seeks an actor who appeared in both 'Jurassic Park' (a 1993 film) and 'The Rainbow Warrior' (a 2007 documentary film about the 1985 antinuclear protest involving the Rainbow Warrior ship). While 'Jurassic Park' has clear primary cast members (e.g., Sam Neill, Jeff Goldblum), the reference to 'The Rainbow Warrior' introduces ambiguity. The term 'Rainbow Warrior' could refer to either the historical event, the 2007 documentary, or unrelated cultural references. Without explicit clarification, the query fails to specify which entity ('Rainbow Warrior') the user intends, leading to potential misinterpretation. Furthermore, no known actors from 'Jurassic Park' are confirmed to have acted in 'The Rainbow Warrior' film, making the query inherently underdetermined.",0.3333333333,0,0.5,['Sam Neill'],0,0.3333333333,0.5
Which county was included in the Diocese of Reno and was also the county seat of Ormsby County prior to 1969?,"Which city, located within the historical boundaries of the Diocese of Reno, served as the county seat of Ormsby County, Nevada, prior to 1969?",['Carson City'],['Carson City'],"The query presents conflicting geographic constraints. The Diocese of Reno encompasses counties in Nevada, while Ormsby County is located in Wyoming. A single county cannot simultaneously belong to the Diocese of Reno (Nevada) and function as the county seat of Ormsby County (Wyoming). Additionally, the query lacks explicit temporal clarification regarding the diocese’s boundaries or the historical status of Ormsby County’s county seat. These inconsistencies render the query underspecified.",1.0,1,1.0,['Carson City'],1,1.0,1.0
What film did Tom Wu appear in that also starred Jason Statham and Ray Liotta? ,What 2005 film did Tom Wu appear in that also starred Jason Statham and Ray Liotta?,['Revolver'],['Revolver'],"The query asks for a film featuring three specific actors: Tom Wu, Jason Statham, and Ray Liotta. While each actor has appeared in multiple films individually, there is no widely known or verified film that includes all three in principal roles. A quick review of their filmographies reveals no overlapping projects. Additionally, the query does not specify constraints like release year, genre, or other criteria, which could narrow down possibilities. Since the requested information cannot be definitively answered based on existing data, the query lacks sufficient specificity.",1.0,1,1.0,['Revolver'],1,1.0,1.0
Were the Commodore 16 and Prológica CP-400 from the same country?,"Considering the Commodore 16 was manufactured by a U.S.-based company, and the 'Prológica CP-400' is an obscure or possibly non-existent computing device, were they from the same country?",['no'],['No'],"The query asks about the national origin of two computing devices. The 'Commodore 16' is definitively a product of Commodore Business Machines, a U.S.-based company. However, the 'Prológica CP-400' refers to a lesser-known device, and its origin is ambiguous. Prológica appears to be a fictional or obscure brand, possibly a misspelling or non-existent entity. Without verified historical data confirming the nationality of Prológica, the query cannot be resolved conclusively. This ambiguity makes the query underspecified.",1.0,1,1.0,['No'],1,1.0,1.0
"Who is younger, Keisuke Kuwata or Moya Brennan?","Considering Keisuke Kuwata was born on February 26, 1956, and Moya Brennan was born on August 14, 1952, who is younger?",['Keisuke Kuwata'],['Moya Brennan'],"The query requires comparing the ages of two individuals whose birth dates are not provided in the query itself. To determine who is younger, one would need explicit age information or birth dates for Keisuke Kuwata and Moya Brennan. While these names may refer to real-world individuals (e.g., actors, athletes), the absence of specific age data makes the query dependent on external knowledge that is not included in the query. Without this information, the query cannot be answered definitively based solely on the provided text.",0.0,0,0.0,['Keisuke Kuwata'],1,1.0,1.0
"""Twenty Two"" is an episode of the series ""The Twilight Zone."" adapted from an anecdote by a publisher who made appearance in what panel game show?","The Twilight Zone episode ""Twenty Two"" was adapted from an anecdote by publisher Bennett Cerf. In what panel game show did Bennett Cerf make appearances?","[""What's My Line""]","[""What's My Line?""]","The query seeks to identify a panel game show featuring a publisher associated with the adaptation of ""Twelve"" (assuming typographical error for 'Twenty Two') from *The Twilight Zone*. While the episode title, series, and adaptation origin are clearly specified, the critical missing element is the **name of the publisher**. Without identifying the specific publisher (e.g., Robert A. Heinlein, Ray Bradbury, or another relevant figure), the connection to a panel game show cannot be uniquely resolved. Although contextual knowledge might link the publisher to a show like *What's My Line?* or *Panel Discussion*, the absence of explicit naming makes the query rely on external assumptions rather than direct information provided.",1.0,1,1.0,"[""What's My Line?""]",1,1.0,1.0
What football league did the person that Wilfred Bamnjo's nickname come from play and work at?,What football club did the player nicknamed 'Daddy Cool' play for?,['Swansea City'],['English Premier League'],"The query is underspecified due to several critical issues: (1) 'Wilfred Bamnjo' appears to be a non-existent or misspelled name; no verified public figure matches this identifier. (2) The phrase 'person that Wilfred Bamnjo's nickname come from' is grammatically convoluted and logically ambiguous - it implies a connection between a nickname and its originator, which is circular. (3) Even if the subject existed, the request for both 'play and work at' a league is contradictory, as leagues are primarily sports-related entities, not employment sectors. (4) There is insufficient contextual information to resolve ambiguities about the nickname's source or the individual's career trajectory.",0.0,0,0.0,['Chelsea FC'],0,0.0,0.0
When was the English rock band formed that's first recording remained unreleased for three years?,When was the English rock band formed whose earliest known studio recording was officially released exactly three years after the band's formation?,['June 1975'],['1964'],"The query seeks information about an English rock band whose first recording was unreleased for three years. While 'English rock band' narrows the scope, it does not uniquely identify a single group. Multiple bands could potentially meet this criterion (e.g., The Beatles, The Kinks, or others). Additionally, the phrase 'first recording remained unreleased for three years' lacks specificity regarding what constitutes 'the first recording' (e.g., demo, studio track, live performance) or how the three-year period is defined. Without further constraints, the query cannot definitively point to one band, leading to ambiguity.",0.0,0,0.0,['25 September 1968'],0,0.0,0.0
"Which director was from a country closer to Canada, J. Searle Dawley or Lionel Ngakane?","Between the American director James Searle Dawley and the South African director Lionel Ngakane, which director was from a country geographically closer to Canada?",['James Searle Dawley'],['J. Searle Dawley'],"The query requires determining the geographic proximity of the home countries of two directors to Canada. While Lionel Ngakane is a known African filmmaker associated with Zimbabwe, J. Searle Dawley is not a widely recognized public figure, and his nationality or country of origin is unclear. Without definitive information about Dawley's homeland, the comparison cannot be fully resolved. Additionally, the query does not explicitly confirm the countries of origin for either individual, leaving critical ambiguity.",0.6666666667,0,0.5,['James Searle Dawley'],1,1.0,1.0
Georges-Henri Bousquet translated the work of a historian who is of what heritage?,"What is the heritage of the historian Ibn Khaldun, whose work was translated by Georges-Henri Bousquet?",['North African Arab'],['Islamic'],"The query seeks to determine the heritage of a historian whose works were translated by Georges-Henri Bousquet. While the translator's identity is clearly stated, the target historian's identity is ambiguous. Multiple historians could potentially be referenced, as 'Bousquet' may not uniquely identify a single historian. Additionally, the term 'heritage' could refer to national origin, ethnicity, cultural background, etc., though the query does not clarify which aspect of heritage is being asked. Without explicit identification of the historian or further constraints, the query lacks sufficient specificity to yield a definitive answer.",0.0,0,0.0,['Ibn Khaldun was of Arab-Berber heritage.'],0,0.0,0.5
In what european city is a location of the college from which the woman known as Comic Book Girl 19 received her degree?,"In what European city is a location of the college from which Danika Lee, a known collaborator of the YouTube personality 'Comic Book Girl 19', received her degree?","['Lacoste, France']",['Florence'],"The query seeks to identify a European city associated with the college attended by 'Comic Book Girl 19.' However, 'Comic Book Girl 19' is a fictional character from *The Spectacular Spider-Man* series, primarily depicted attending Westview High School in New York, not a college. While some lore may suggest academic pursuits, no established canonical source specifies a European college for this character. Additionally, the term 'European city' introduces ambiguity, as the character’s backstory does not align with such a setting. Without explicit references to a European institution in the character’s narrative, the query relies on unverified assumptions.",0.0,0,0.0,['Florence'],0,0.0,0.0
Which characters are akin to goblins and were added to a Tilted Mill Entertainment video game in 2009?,"Which characters, akin to goblins, were added to Tilted Mill Entertainment's 2009 video game *Hinterland: Orcs and Goblins*?",['Orc characters'],['Goblins were added to *SimCity Societies* by Tilted Mill Entertainment in the 2009 expansion *SimCity Societies: Destinations*.'],"The query specifies 'goblins' (a type of mythical creature), 'Tilted Mill Entertainment' (a studio primarily associated with games like ""The Legend of Zelda: Skyward Sword"" and ""Super Mario Odyssey"", both released after 2009), and the year 2009. However, Tilted Mill did not develop any major video games in 2009, and no publicly known game from that year by them features goblin-like characters. Additionally, the lack of specificity regarding the exact game title or additional contextual clues (e.g., genre, platform, or gameplay mechanics) makes it impossible to definitively identify the intended characters. While the query provides some constraints, the combination of date, developer, and thematic reference does not uniquely narrow down the answer.",0.0,0,0.0,['Goblins' 'Orcs'],0,0.0,0.75
"Which band has had more members, The Operation M.D. or Del Amitri?","Considering that 'The Operation M.D.' is not a recognized musical group with a documented member history, and Del Amitri is a real band with a documented member history, which of these two entities has had more members?",['Del Amitri'],['Del Amitri'],"The query compares two bands, but 'The Operation M.D.' appears to be either a non-existent or incorrectly named band (as no prominent band matches this exact name). Del Amitri is a real band with documented member history. Without verified information on the number of members for 'The Operation M.D.', the comparison cannot be resolved accurately. Additionally, the ambiguity around the first band's existence or correct spelling makes the query underspecified.",1.0,1,1.0,['Del Amitri'],1,1.0,1.0
Who developed the jet fighters operated by the 41st Tactical Squadron of the Polish Air Force?,Who developed the MiG-29 jet fighters operated by the 41st Tactical Squadron of the Polish Air Force?,['the Mikoyan design bureau'],['Lockheed Martin'],"The query asks about the 'developer' of jet fighters operated by a specific military unit. While the squadron's affiliation with the Polish Air Force provides context, the query lacks critical details: (1) It does not specify which particular jet fighter model(s) are in service with the 41st Tactical Squadron (e.g., F-16, Su-30, etc.), and (2) 'developer' could refer to the manufacturer (e.g., Lockheed Martin, Airbus) or the nation-state responsible for design/production. Without clarifying the specific aircraft type or developmental origin, the query remains ambiguously scoped.",0.0,0,0.0,['Mikoyan-Gurevich Design Bureau (Soviet Union)'],0,0.5,1.0
In what year was the British actress who starred in a film adaptation of a series of eight children's books written by P. L. Travers born?,"What is the birth date of Karen Dotrice, the British actress who starred as Jane Banks in the 1964 film adaptation of P. L. Travers' Mary Poppins series?",['9 November 1955'],['1935'],"The query seeks the birth year of a British actress associated with a film adaptation of P.L. Travers' book series. While P.L. Travers authored 'Mary Poppins,' which inspired two major film adaptations (1964 and 2018), the query does not clarify which specific film adaptation is referenced. Additionally, both films feature different lead actresses (Julie Andrews in 1964 and Emily Blunt in 2018), creating ambiguity. Without specifying the exact film or actor, the query lacks sufficient constraints to yield a definitive answer.",0.0,0,0.0,"['November 9, 1955']",0,1.0,1.0
Which member of The New Russian School was both a doctor and a chemist besides being a composer?,"Which member of The Mighty Handful was a physician and a chemist, in addition to being a composer?",['Alexander Porfiryevich Borodin'],['Alexander Borodin'],"The query is underspecified due to several ambiguities. First, 'The New Russian School' is not a widely recognized historical or academic institution, making it unclear which individuals are considered members. Second, while the roles of 'doctor' and 'chemist' suggest a medical/scientific background, the term 'doctor' could refer to a PhD holder rather than a physician. Third, the intersection of these professions with composition (music) is rare, and no prominent historical figures match all three criteria. Without explicit definitions of the group or clearer constraints, the query lacks sufficient specificity to yield a definitive answer.",0.8,0,1.0,['Alexander Borodin'],0,0.8,1.0
What film was Rebecca Gibney in that also had Kate Winslet in it?,What 2015 film was Rebecca Gibney in that also had Kate Winslet in it?,['The Dressmaker'],['Holy Smoke!'],"The query seeks a specific film featuring both Rebecca Gibney and Kate Winslet. While the query provides clear names of two actors, it lacks explicit details about the year, genre, or other context that could narrow down potential matches. However, based on known filmography, 'The Commitments' (1997) is a likely candidate where both actors appear. Although the query may have sufficient specificity to identify a unique answer, the absence of temporal or contextual constraints introduces ambiguity. The question hinges on shared roles between two actors, which could theoretically apply to multiple films, making the query potentially underspecified.",0.0,0,0.0,['The Dressmaker'],1,1.0,1.0
What year did a blacklisted screenwriter share an Academy Award with Michael Kanin?,In what year did blacklisted screenwriter Ring Lardner Jr. share the Academy Award for Best Original Screenplay with Michael Kanin for the film 'Woman of the Year'?,['1942'],['1953'],"The query asks for the year when a blacklisted screenwriter shared an Academy Award with Michael Kanin. While 'Michael Kanin' is a specific figure (a notable screenwriter), the phrase 'a blacklisted screenwriter' introduces ambiguity. Multiple screenwriters were blacklisted during the Hollywood Blacklist era (e.g., Dalton Trumbo, Alvord Duvall). The query does not explicitly name the specific blacklisted screenwriter, nor does it clarify which Academy Award category (Best Picture, Best Director, etc.) is referenced. Additionally, the connection between Kanin and a blacklisted screenwriter requires contextual knowledge (e.g., Kanin’s own Academy Award wins or collaborations). Without further constraints, the query lacks sufficient specificity to yield a unique answer.",0.0,0,0.0,['- 1942'],1,1.0,1.0
Where was the original line of the railroad William Howard worked for?,"Where was the original line of the Baltimore & Ohio Railroad, for which civil engineer William Howard conducted early surveys, extending from the port of Baltimore west to Sandy Hook?",['the port of Baltimore west to Sandy Hook'],"['Between Sacramento, California, and Ogden, Utah.']","The query references 'William Howard' as a person, but does not specify which individual (there may be multiple historic figures with this name). It also lacks contextual information such as the railroad company name, time period, or role (e.g., engineer, owner, operator) that would narrow down the identification of the railroad or its original line. Additionally, 'original line' requires clarification on what constitutes the 'original' route (e.g., founding route, first extension, etc.). Without these details, the query cannot be resolved definitively.",0.0,0,0.0,"['The original line of the Baltimore & Ohio Railroad extended from the port of Baltimore, Maryland, west to Sandy Hook, near Harpers Ferry, West Virginia.']",0,0.5,1.0
Which Hells Angel member stabbed and beat an attendant of the 1969 counterculture-era rock concert in the United States?,"Which Hells Angel member stabbed Meredith Hunter at the Altamont Free Concert on December 6, 1969?",['Alan Passaro'],['Alan Passaro'],"The query seeks to identify a specific individual (a Hells Angel member) associated with a particular violent act at a historically significant event. While the timeframe (1969 counterculture era) and location (United States) narrow down potential contexts, critical ambiguities exist. First, the 1969 U.S. counterculture era included numerous concerts, many of which were large-scale events like Woodstock (1969) or other gatherings, but none are definitively linked to a Hells Angel attack. Second, the Hells Angels, while a notorious motorcycle gang, had limited documented involvement in 1969 U.S. protests or concerts. Third, the query lacks specificity regarding the concert's name, the attendant's identity, or any corroborating sources, making it unclear if such an event occurred. Without primary source evidence or explicit historical records, the query cannot be verified as factually grounded.",1.0,1,1.0,['Alan Passaro'],1,1.0,1.0
What indigenous American ethnic group that inhabits land in the northern United States and southern Canada was part of the Treaty of Springwells?,"What indigenous American ethnic group, historically inhabiting areas around the Great Lakes in present-day Michigan, Ohio, and Ontario, was a signatory to the Treaty of Springwells in 1815, and is also known as the Ottawa people?",['Odawa'],['Odawa'],"The query seeks to identify an Indigenous group based on two geographical constraints (northern U.S./southern Canada) and a specific treaty (Treaty of Springwells). While the geography narrows potential candidates, the treaty name is critical. Historical records indicate that the 'Treaty of Springwells' is either a misnomer, non-existent, or refers to a minor or obscure agreement. Without confirmation of the treaty's validity or detailed context, the query remains ambiguous. Even if the treaty existed, the intersection of geography and treaty history may not uniquely identify a single group, leaving multiple possibilities unexplored.",1.0,1,1.0,['Odawa'],1,1.0,1.0
"What are these two Malaysian businesses, Theme Park Hotel and Genting Highlands, considered?","What type of integrated complex is Genting Highlands, which includes the Theme Park Hotel?",['resort'],['Tourist attractions'],"The query asks for the nature or classification of two entities. While the terms 'Malaysian businesses' suggest a focus on commercial enterprises, the phrasing 'what are... considered?' implies a request for categorical judgment (e.g., types of industries, economic roles, or classifications). However, critical ambiguities exist: 'Theme Park Hotel' is not a widely recognized standalone entity, and 'Genting Highlands' refers to a resort area owned by Genting Group, which operates multiple businesses. The lack of specificity regarding the classification criteria (e.g., tourist attractions vs. corporate ventures) leaves room for multiple interpretations. Additionally, the query does not clarify whether the subject is referring to the entities themselves or their broader operational contexts.",0.0,0,0.25,['Resort and entertainment complex'],0,0.4,1.0
In what town is Suffolk county hamlet that was served by the Suffolk Traction Company?,"In what town is the Suffolk County hamlet of Ronkonkoma, which was served by the Suffolk Traction Company?",['Town of Islip'],['Sayville'],"The query references 'Suffolk county hamlet' and the 'Suffolk Traction Company.' While these terms may refer to a specific historical location, the phrasing leaves critical ambiguities. The term 'hamlet' is vague and could apply to multiple locations within Suffolk County. Additionally, the Suffolk Traction Company likely operated in multiple areas, making it unclear which specific hamlet is being referred to. Without specifying the exact name of the hamlet or providing further contextual clues (e.g., year of operation, geographic coordinates), the query cannot be resolved definitively. The absence of unique identifiers renders the query underspecified.",0.0,0,0.0,['Brookhaven'],0,0.0,0.0
What is the female star of Klepto best known for performing in?,"What is Larisa Oleynik, the female star of the 2003 film 'Klepto', best known for performing in?",['The Secret World of Alex Mack'],['The Sopranos'],"The query refers to 'Klepto,' which is not a recognized film title or a standard theatrical production. There is insufficient context to identify the specific movie, actor, or performance being referenced. Additionally, the phrase 'best known for performing in' requires clarity on the type of performance (e.g., role, genre, career highlight) and the medium (film, theater, etc.). Without explicit details about the film or the performer, the query cannot be resolved accurately.",0.0,0,0.0,"[""'The Secret World of Alex Mack'""]",1,1.0,1.0
In what Italian region was the House of Grimaldi?,"Which Italian region borders the Principality of Monaco, the historical domain of the House of Grimaldi?",['Liguria'],['Liguria'],"The query asks about the 'Italian region' associated with the House of Grimaldi. Historically, the House of Grimaldi ruled the Principality of Monaco, a sovereign microstate located on the French Riviera. While Monaco borders the Italian region of Liguria, the principality is politically distinct from Italy and not formally part of any Italian region. The ambiguity arises because the query assumes the House of Grimaldi is tied to an Italian region, whereas their actual historical domain lies outside Italy. This creates an underspecification as the answer depends on contextual knowledge beyond the query's scope.",1.0,1,1.0,['Liguria'],1,1.0,1.0
How many members were in the South Korean boy group whose first official sub-unit is Bastarz?,How many members were in the South Korean boy group BTS?,['seven members'],['Block B had seven members.'],"The query references a specific sub-unit named 'Bastarz,' but this appears to be a misspelling or non-standard reference. There is no widely recognized South Korean boy group with an official sub-unit named 'Bastarz.' While 'BTS' (Bangtan Sonyeondan) is a major K-pop group, its sub-units include names like 'V,' 'RM,' 'Jin,' etc., not 'Bastarz.' The lack of clarity around the existence or correct spelling of 'Bastarz' introduces ambiguity, making the query underspecified.",0.5714285714,0,1.0,['7'],0,0.0,1.0
Which South African politician won the indirect presidential election with 277 votes?,Which South African politician won the indirect presidential election in 2009 with 277 votes?,['Jacob Gedleyihlekisa Zuma'],['Cyril Ramaphosa'],"The query requires identifying a specific historical event. While 'indirect presidential election' references South Africa's electoral system (where the president is selected by the National Assembly), the absence of a specific year or context makes the query underspecified. The number 277 votes likely refers to the number of supportive members in the National Assembly, but without knowing the election year, it is impossible to confirm which politician achieved this result. Multiple elections have occurred since independence, each with differing voter counts and outcomes.",0.0,0,0.0,['Jacob Zuma'],0,0.8,1.0
What is the relation between current manager of Chinese club Tianjin Quanjian and Paolo Cannavaro?,What is the relation between Fabio Cannavaro and Paolo Cannavaro?,['brother'],"['Paolo Cannavaro is the assistant coach to the current manager of Tianjin Quanjian, Fabio Cannavaro, who is his brother.']","The query asks for the relationship between two individuals: (1) the 'current manager of Chinese club Tianjin Quanjian' and (2) Paolo Cannavaro. While the second party (Cannavaro) is clearly identified, the first party is ambiguous due to the absence of a specific name. The term 'current manager' refers to a person, but the query does not explicitly state who that individual is. Without knowing the exact identity of the manager, the query cannot be resolved definitively. Additionally, there is no explicit context suggesting prior connections between Cannavaro and the mentioned club or manager. Thus, the query relies on external knowledge to infer potential relationships, which introduces ambiguity.",0.1111111111,0,1.0,['Fabio Cannavaro and Paolo Cannavaro are brothers.'],0,0.0,1.0
Which team was a Dutch former professional footballer sacked from in 2009 after the team underperformed in a string of games for the qualification for the Champions League? ,Which team was Dutch former professional footballer and manager Louis van Gaal sacked from in 2011 after the team underperformed in a string of games for the qualification for the Champions League?,['FC Bayern Munich'],['Chelsea'],"The query asks for a specific team associated with a 'Dutch former professional footballer' sacked in 2009 due to underperformance in Champions League qualifiers. While the year (2009) and context (Champions League qualification) narrow the scope, the term 'Dutch former professional footballer' is too vague. Multiple Dutch players fit this description, and no unique identifier (e.g., full name, position, or team) is provided. Additionally, the query does not clarify whether the individual was a player or a manager, further complicating identification. Without explicit references to a specific person or event, the query cannot be uniquely resolved.",0.0,0,0.0,['Bayern Munich'],0,0.8,1.0
To what group of plants do both Dieffenbachia and Carlina belong?,What is the common name for the major group of plants that includes both Dieffenbachia and Carlina?,['flowering plants'],['Angiosperms'],"The query seeks a taxonomic group common to both Dieffenbachia (a member of the Araceae family) and Carlina (a member of the Asteraceae family). While both are flowering plants (angiosperms), they belong to distinct families. The question implies a shared classification beyond family, such as order, class, or phylum. However, without explicit clarification on the desired hierarchical level (e.g., 'flowering plants' vs. 'monocots'), the query lacks specificity. Additionally, the term 'group' could refer to informal categories (e.g., ornamental plants), making the intent ambiguous.",0.0,0,1.0,['Angiosperms'],0,0.0,1.0
"Which occurred first, the first publication of The Ladder or Heat?","Which occurred first, the first publication of The Ladder (the literary journal) or the release of the 1995 film Heat?",['The Ladder'],['The first publication of *The Ladder* occurred first.'],"The query asks for the chronological order between two events: the first publication of 'The Ladder' (a known literary journal established in 1947) and 'Heat'. While 'The Ladder' is unambiguously identified, 'Heat' is highly ambiguous. It could refer to multiple entities (e.g., the 1995 film 'Heat', the 2003 novel 'Heat' by John Grisham, or other works/titles). The lack of specificity around 'Heat' introduces uncertainty, as the answer hinges on contextual assumptions about which 'Heat' the user is referencing.",0.2857142857,0,1.0,['The first publication of The Ladder occurred first.'],0,0.2857142857,1.0
"Which magazine has more issues each month, In These Times or Multinational Monitor?","Given that In These Times is published bimonthly and Multinational Monitor is published monthly, which magazine has more issues each month?",['Multinational Monitor'],['In These Times'],"The query asks for a comparison between two magazines based on their monthly issue count. While the question identifies the magazines and specifies the metric (monthly issues), it does not explicitly state the publication frequency of either journal. To answer definitively, one would need to verify the actual issuance patterns of both publications (e.g., monthly, bimonthly, quarterly) and confirm their historical output. This information is not provided in the query itself, making it dependent on external data rather than being self-contained.",0.0,0,0.0,['Multinational Monitor'],1,1.0,1.0
Rumble Fish was a novel by the author of the coming-of-age novel published in what year by Viking Press?,"Rumble Fish was a novel by the author of *The Outsiders*, which was published in what year by Viking Press?",['1967'],['1975'],"The query requires identifying the author of a 'coming-of-age novel' published by Viking Press, then determining the publication year of ""Rumble Fish"" by that author. However, the term 'coming-of-age novel' is too vague and could refer to any number of books (e.g., *The Catcher in the Rye*, *The Perks of Being a Wallflower*). Additionally, while ""Rumble Fish"" is widely attributed to Sula Khan, the link to a specific Viking Press-published coming-of-age novel is unclear without further clarification. The query lacks specificity in defining which 'coming-of-age novel' is being referenced, leading to potential ambiguities.",0.0,0,0.0,['1975'],0,0.0,0.0
Bordan Tkachuk was the CEO of a company that provides what sort of products?,Brian Tkachuk is the CEO of a company that provides what sort of products and services?,['IT products and services'],['IT and telecommunications products and services'],"The query asks for the product category of a company led by Bordan Tkachuk. However, there is no credible publicly available information confirming that Bordan Tkachuk held a CEO position at any company. This may indicate either a misspelling of a name (e.g., 'Brian Tkachuk' or another individual), a reference to a fictional entity, or a non-existent persona. Without verified corporate records linking this individual to a specific company and industry, the query lacks sufficient specificity to generate an accurate answer.",0.8,0,0.5,['Brian Tkachuk is the CEO of a company that provides industrial and safety products and services.'],0,0.3333333333,0.0
What foundation do scholars give for the likelihood of collaboration on a William Shakespeare Play written between 1588 and 1593?,What methodological foundation do scholars primarily use to determine the likelihood of collaboration on plays attributed to William Shakespeare written between 1588 and 1593?,['linguistic analysis'],"['Stylistic and linguistic analysis suggests multiple authorship.'
 'Historical records indicate collaboration was common in Elizabethan theater.'
 'Textual inconsistencies and variations point to multiple contributors.']","The query seeks the 'foundation' (i.e., scholarly rationale) for determining the likelihood of collaboration on Shakespearean plays from 1588–1593. While the timeframe and topic are clearly defined, critical ambiguities exist: (1) The phrase 'William Shakespeare Play' is overly generic, as multiple playwrights (e.g., Thomas Nashe, Francis Bacon) were active during this period, and some plays attributed to Shakespeare may involve collaborative authorship. (2) The query does not specify which particular plays or works within this timeframe are under consideration, making it impossible to reference specific texts or analyses. (3) The term 'foundation' is too abstract—it could imply historical records, stylistic analysis, manuscript provenance, or authorship debates—but the query lacks clarity on which disciplinary framework or methodological approach is required. These gaps prevent a definitive answer.",0.4444444444,0,0.75,['Stylometric analysis'],0,0.5,0.5
who influenced the electronic dance music who  made  Scotch Hausen album,What genre of electronic dance music is commonly identified as 'hardcore'?,['hardcore'],['Karlheinz Stockhausen'],"The query contains multiple ambiguities and structural issues. First, 'Scotch Hausen' appears to be a non-standard or fictional reference (no prominent artist/album by that name). Second, the syntax is flawed: the phrase 'who influenced... who made...' creates a recursive, nonsensical relationship. Finally, the core intent remains unclear—does the query seek artists who influenced EDM and also released 'Scotch Hausen,' or is there a missing connection between the two clauses? Without clarifying either the target album or the logical flow of the question, the query lacks sufficient specificity to generate meaningful results.",0.0,0,0.0,['Hardcore techno'],0,0.6666666667,0.75
"What organization is known for having a president who was convicted of felony charges that was harbored by his brother, another high ranking member?","What religious organization is known for its president, who was a fugitive from justice and later convicted of felony sexual assault charges, having been aided in evading capture by his brother, a high-ranking bishop within the same organization?",['FLDS Church'],['The International Brotherhood of Teamsters'],"The query specifies a particular organizational structure involving a 'president' (a leadership role) and a 'high-ranking member' (another senior figure), along with a legal consequence (conviction) and a familial connection (brother harboring). While the exact identity of the organization remains ambiguous without explicit names or additional contextual clues, the reference to a 'president' and 'high-ranking member' strongly aligns with the Ku Klux Klan (KKK). Historical contexts suggest that figures like David Duke or others in the KKK may fit the description, though definitive confirmation requires further verification. The query provides sufficient detail to narrow the focus to one plausible entity despite potential ambiguities.",0.0,0,0.0,['La Luz del Mundo'],0,0.0,0.0
"Who is the psychologist who wrote about the disciple of the person known as the ""Wild Woman of Buttle""?","Who is the psychiatrist who wrote about Mary Magdalene, a prominent female disciple of Jesus, from a psychological perspective?",['James G. Kiernan'],['Jungian psychologist Clarissa Pinkola Estés'],"The query contains several layers of abstraction and non-standard terminology. The phrase 'Wild Woman of Buttle' is neither a recognized historical figure nor a well-established concept in psychology. The term 'Buttle' may refer to a location (e.g., a town or regional name), but no credible source identifies a prominent 'Wild Woman of Buttle.' Additionally, the relationship between the 'Wild Woman of Buttle,' her 'disciple,' and the psychologist writing about them remains unspecified. Critical ambiguities include: (1) the identification of the 'Wild Woman of Buttle,' (2) the nature of her discipleship, and (3) the specific psychological text or author being referenced. These gaps prevent unambiguous resolution of the query.",0.0,0,0.0,['Carl Gustav Jung'],0,0.0,0.0
"No issue, lelo tissue was started by which company that has the largest mobile network in Pakistan?","Which company, known for having the largest mobile network in Pakistan, is associated with the popular slogan or phrase ""No issue, lelo tissue""?",['Jazz'],['Jazz'],"The query contains several ambiguities and potential errors. 'Lelo tissue' appears to be a misrendered or nonsensical term (possibly a transliteration error). Even assuming it refers to a fictional or obscure product, the question conflates two unrelated domains: (1) a hypothetical 'tissue' production entity and (2) Pakistan's largest mobile network operator. The connection between these concepts is illogical unless 'lelo tissue' is a known corporate name, which it is not. Additionally, the phrase 'No issue' at the beginning may be irrelevant or indicative of a formatting/mistake. The query lacks sufficient specificity to identify a valid target company.",1.0,1,1.0,['Ufone'],0,0.0,0.0
"Which came to market first, ""Hey Pa! There's a Goat on the Roof"" or ""Poleconomy""","Which board game came to market first, ""Hey Pa! There's a Goat on the Roof"" or ""Poleconomy""?","[""Hey Pa! There's a Goat on the Roof""]","[""Hey Pa! There's a Goat on the Roof""]","The query asks about the market introduction order of two unspecified entities. While 'Hey Pa! There's a Goat on the Roof' may reference a known cultural artifact (e.g., a song or children's rhyme), 'Poleconomy' appears to be a non-standard or obscure term with no clear association to a recognized product, concept, or entity. Neither term is sufficiently defined to unambiguously determine their timeline of availability. The lack of contextual clarification about the nature of these references prevents definitive resolution.",1.0,1,1.0,['Poleconomy'],0,0.0,0.0
"What political office was held by two successive occupants of the same castle located in Lauderdale, Scotland?","What specific political office was held by two successive occupants of Lauderdale Castle in Lauderdale, Scotland?",['Keeper of the Privy Seal of Scotland'],['President of the United States'],"The query references 'Lauderdale, Scotland' and 'the same castle,' but does not specify the exact name of the castle (e.g., Lauderdale Castle) or clarify the political office being sought. While Lauderdale may have historically been associated with certain castles, the absence of a definitive name for the castle introduces uncertainty. Additionally, the term 'political office' is too broad without narrowing down to a specific role (e.g., sheriff, lordship). Without precise geographical or historical details, the query cannot be fully resolved.",0.2,0,0.0,['Duke of Lauderdale'],0,0.2222222222,0.0
"What tv series did Benny Ciaramello co-star in with a person that was also in the film ""The Bang-Bang Club""?","What TV series did Benny Ciaramello co-star in with Ryan Phillippe, who also appeared in the film ""The Bang-Bang Club""?",['Secrets and Lies'],['Friday Night Lights'],"The query seeks a television series featuring Benny Ciaramello and a co-star who also appears in 'The Bang-Bang Club'. While the query specifies two key elements (Benny Ciaramello and the film), it lacks explicit information about the exact TV series or the identity of the co-star. Multiple actors could potentially satisfy the 'co-star in The Bang-Bang Club' condition across different TV series involving Ciaramello. Without additional constraints (e.g., year, genre, or other cast members), the query cannot definitively resolve to a single answer, leaving room for ambiguity.",0.0,0,0.0,['Secrets and Lies'],1,1.0,1.0
Name three best sellers from Arthur Hailey that were released before Donna Tartt was born.,"Name three best sellers from Arthur Hailey that were released before Donna Tartt's birth on December 23, 1972.","['Hotel"" (1965), ""Airport"" (1968), ""Wheels"" (1971)']",['The Final Diagnosis (1959)' 'In High Places (1960)' 'Hotel (1965)'],"The query requires identifying 'best sellers' from Arthur Hailey, but it does not specify which publication list (e.g., NYTimes, Publishers Weekly) defines 'best sellers.' Additionally, while Donna Tartt's birthdate is publicly known (December 23, 1949), the query implicitly assumes this knowledge without stating it explicitly. The absence of clarification on the bestseller list and reliance on external factual knowledge (Tartt's birthdate) introduces ambiguity, making the query underspecified.",0.5,0,0.25,['- *The Final Diagnosis* (1959)  \n- *In High Places* (1962)  \n- *Hotel* (1965)'],0,0.2666666667,0.0
"Manchester, New Hampshire is a part of the Northeast megalopolis which included what other major cities?","Assuming Manchester, New Hampshire is considered part of the Northeast megalopolis, what are the other specific major cities commonly identified as components of this continuous urban corridor, which extends from Boston to Washington, D.C.?","['Boston, Providence, Hartford, New York City, Philadelphia, Wilmington, Baltimore, and Washington, D.C.']","['Boston' 'New York City' 'Philadelphia' 'Baltimore' 'Washington, D.C.']","The query asks for 'other major cities' within the Northeast megalopolis that includes Manchester, NH. While the Northeast megalopolis is generally understood as a continuous urban corridor stretching from Boston to Washington, D.C., the term lacks precise geographic boundaries or authoritative sourcing. Different definitions may include variations in city names (e.g., Boston, New York City, Philadelphia, Washington, D.C., Baltimore, Providence, Hartford). Additionally, the inclusion of 'major cities' depends on subjective criteria (population size, economic significance), leading to potential ambiguities. Since the query does not explicitly define the megalopolis or narrow down the scope, the answer relies on external knowledge, making the query underspecified.",0.4,0,0.5,"['Boston' 'Providence' 'Hartford' 'New Haven' 'Bridgeport' 'Stamford'
 'New York City' 'Newark' 'Jersey City' 'Philadelphia' 'Wilmington'
 'Baltimore' 'Washington, D.C.']",0,0.4,0.25
How do the Peter Laufer books Forbidden Creatures and No Animals Were Harmed differ in their focus on animals?,"According to Peter Laufer, what accounts for the differing perspectives on animals presented in his books 'Forbidden Creatures' and 'No Animals Were Harmed'?",['his own opinions changed'],"['- ""Forbidden Creatures"" focuses on the exotic animal trade and the ethical, legal, and environmental issues surrounding the ownership of exotic pets.  \n- ""No Animals Were Harmed"" explores the ethics of human-animal interactions, particularly in food, entertainment, and research contexts.']","The query specifies two book titles by Peter Laufer and asks for a comparison of their 'focus on animals.' While the titles suggest thematic connections (e.g., 'No Animals Were Harmed' implies irony/humor about animal treatment), the query lacks explicit details about the books' content, historical context, or the criteria for evaluating 'focus on animals.' It assumes familiarity with the books' themes, which may require external knowledge not included in the query. Additionally, the term 'focus on animals' is vague—it could refer to scientific inquiry, anthropological study, ethical commentary, or other angles—not clearly defined within the query.",0.0,0,0.75,"[""The differing perspectives stem from the distinct themes of the books: 'Forbidden Creatures' focuses on the ethical and ecological issues of exotic animal ownership, while 'No Animals Were Harmed' explores the complexities of human-animal relationships and ethical dilemmas in animal use.""]",0,0.0,0.0
Who recorded the song written by Johnny Russell,"Who recorded the song ""Act Naturally"" written by Johnny Russell?",['Buck Owens'],['Buck Owens'],"The query asks for the performer of a song written by 'Johnny Russell,' but it fails to specify which particular song by Johnny Russell is being referenced. Multiple songs could share the same songwriter attribution, and without additional context (e.g., song title, release date, genre), the query cannot uniquely identify the intended song or its recording artist. This ambiguity makes the query underspecified.",1.0,1,1.0,['Buck Owens' 'The Beatles'],1,1.0,1.0
Are Lycoris and Ammi both native to southern Asia?,Are any species within the genera Lycoris and Ammi native to southern Asia?,['yes'],"['Lycoris is native to East and Southeast Asia, including parts of southern Asia.'
 'Ammi is native to Europe, North Africa, and western Asia, not southern Asia.']","The query asks whether two plant genera (Lycoris and Ammi) are 'native' to southern Asia. To evaluate this, we must consider: 1) Whether the entire genus is endemic to southern Asia or if only certain species within them are native; and 2) The taxonomic definitions of 'native.' Lycoris includes species like *Lycoris radiata* (native to East Asia), but other species may occur elsewhere. Ammi encompasses multiple species, with *Ammi majus* (greater cumin) native to the Mediterranean, though some species may overlap geographically. Without specifying particular species or clarifying the scope of 'native,' the query lacks sufficient context to definitively confirm or deny the claim for the entire genera.",0.0,0,0.25,"['- Yes, species within the genus *Lycoris* are native to southern Asia.  \n- No, species within the genus *Ammi* are not native to southern Asia.']",0,0.0909090909,1.0
Where are the 17th Street Canal and the Beaver and Erie Canal located? ,"Where is the Erie Extension Canal, also known as the Beaver and Erie Canal, located?",['Pennsylvania'],"['- 17th Street Canal: New Orleans, Louisiana, USA  \n- Beaver and Erie Canal: Pennsylvania, USA']","The query asks for the locations of two canals. The 17th Street Canal is unambiguously associated with Chicago, Illinois, as part of the Chicago Sanitary and Ship Channel system. However, 'the Beaver and Erie Canal' is ambiguous. While the Erie Canal is a well-defined historic waterway in New York State, 'Beaver' may reference multiple entities (e.g., Beaver Dam Creek, Beaver Canal in Buffalo), none of which are explicitly linked to the Erie Canal in a standardized way. Without additional context, the combined name 'Beaver and Erie Canal' lacks clarity, making the query underspecified due to potential confusion between distinct features.",0.1428571429,0,0.25,"['- Pennsylvania, USA']",0,0.6666666667,1.0
The Toyota FJ Cruiser is built by this Toyota subsidiary which is a leading producer of what type of trucks in Asia?,"Hino Motors, a Toyota subsidiary involved in the production of vehicles like the Toyota FJ Cruiser, is a leading producer of what type of trucks in Asia?",['medium and heavy-duty diesel trucks'],['Hino Motors' 'Commercial trucks'],"The query references 'this Toyota subsidiary' and asks for the type of trucks produced in Asia. While the FJ Cruiser is associated with Toyota, the specific subsidiary responsible for manufacturing it may depend on regional production locations (e.g., Japan, Thailand, or India). Additionally, the term 'leading producer of what type of trucks' requires contextual knowledge about the subsidiary's specialization (e.g., off-road, heavy-duty, commercial) in Asia. Without explicit clarification on the subsidiary's name or direct evidence of its market focus, the query hinges on assumptions rather than concrete facts.",0.2857142857,0,0.5,['Heavy-duty trucks'],0,0.5714285714,0.5
"Shane and Friends have interviewed an American YouTube personality who has two active YouTube channels, which have a combined total of how many views?","Shane and Friends have interviewed the American YouTube personality Joey Graceffa. What is the combined total of views across his two active YouTube channels, 'Joey Graceffa' and 'Joey Graceffa Vlogs'?",['1.7 billion'],['Over 3 billion views.'],"The query lacks specificity regarding the identity of the American YouTube personality or the names of the two channels. While the structure implies a factual answer (e.g., 'X million views'), the required data (specific channels/personality) is not provided. Additionally, YouTube view counts are dynamic and would require real-time access to external data sources to verify, which is not feasible within this context. Without explicit references to particular channels or creators, the query cannot be resolved definitively.",0.3333333333,0,0.0,"[""As of October 2023, Joey Graceffa's main channel has over 2 billion views, and his vlogging channel has over 800 million views, totaling approximately 2.8 billion views.""]",0,0.0689655172,0.0
What song was number 4 on the charts when a song from FutureSex/LoveSounds was number 1?,"On the UK Singles Chart for the week ending September 9, 2006, when Justin Timberlake's ""SexyBack"" (from the album FutureSex/LoveSounds) was at number 1, what song was at number 4?",['Rudebox'],"['- The specific song at number 4 would depend on the exact date and chart (e.g., Billboard Hot 100). Please provide more details for an accurate answer.']","The query references a specific historical music chart event but lacks critical temporal and contextual details. While 'FutureSex/LoveSounds' is an album by Fatboy Slim, multiple tracks from this album achieved top-chart positions at different times. Without specifying which track was number 1 (e.g., 'We Found Love,' 'The Box') or the exact date/time frame (e.g., 2003), the query cannot uniquely identify the song that was number 4 simultaneously. Additionally, the chart (Billboard, UK Top 40, etc.) is not explicitly mentioned, further contributing to ambiguity.",0.0,0,0.0,['[Error]: Max retries exceeded'],0,0.0,0.0
Michael J. Hunter replaced the lawyer who became the administrator of which agency?,"When Scott Pruitt became the administrator of which federal agency, Michael J. Hunter replaced him as Oklahoma Attorney General?",['EPA'],['Environmental Protection Agency (EPA)'],"The query requires identifying an agency associated with a lawyer who transitioned to an administrative role and was subsequently replaced by Michael J. Hunter. While the subject (Michael J. Hunter) and the structure of the question (replacement of a lawyer-administrator) are clear, critical ambiguity exists. The name 'Michael J. Hunter' may refer to multiple individuals, and the connection between the lawyer's appointment as administrator and Hunter's replacement is not explicitly defined. Additionally, the term 'administrator' lacks contextual specificity (e.g., Federal Reserve, EPA, etc.), and no temporal or jurisdictional constraints are provided. These factors make the query reliant on external domain-specific knowledge to resolve ambiguities.",0.4,0,1.0,['Environmental Protection Agency (EPA)'],0,0.4,1.0
What basketball player elected to the National Collegiate Basketball Hall of Fame released music through Rendezvous Music?,What basketball player inducted into the National Collegiate Basketball Hall of Fame released music through Rendezvous Music?,['Wayman Tisdale'],['Wayman Tisdale'],"The query seeks a specific individual who satisfies two distinct criteria: (1) being a basketball player inductee into the National Collegiate Basketball Hall of Fame and (2) having released music under Rendezvous Music. While the phrasing 'elected' may slightly obscure the formal inductive process (which typically uses 'inducted'), the core requirements are unambiguous. The challenge lies in verifying if any athlete meets both conditions. Rendezvous Music is primarily associated with hip-hop/rap artists, making a crossover into basketball athletics less common. However, the query does not require validation of existence, merely identification based on stated attributes. All required details are provided, though the intersection of the two domains (basketball and music industry) introduces potential ambiguity about the feasibility of the answer.",1.0,1,1.0,['Wayman Tisdale'],1,1.0,1.0
Where were the brothers from that manufactured the balloon in which François Laurent d'Arlandes andJean-François Pilâtre de Rozier made the first manned free balloon flight? ,"Where were the Montgolfier brothers from, who manufactured the balloon in which François Laurent d'Arlandes and Jean-François Pilâtre de Rozier made the first manned free balloon flight?","['Annonay, in Ardèche']",['France'],"The query seeks to identify the birthplace of the brothers who built the balloon used in the first manned free balloon flight involving Pilâtre de Rozier and Armand duPont. While the question references historical figures, it contains ambiguity. The first manned free balloon flight (November 21, 1783) was flown by Pilâtre de Rozier and the Marquise du Motel in a hydrogen-filled balloon, but the 'manufacturers' of that balloon were not the Pilâtres themselves. Instead, the balloon was constructed by Henri Giffard and Étienne Fournier. However, the query incorrectly attributes the flight to Pilâtre de Rozier and d'Arlandes (who were passengers), while the primary pilot was Pilâtre de Rozier. Additionally, the term 'brothers' implies a pair, yet the question does not clearly specify which brothers (e.g., the Montgolfiers, Giffards, etc.) built the balloon. Without explicit identification of the manufacturer(s), the query remains underspecified due to potential confusion between pilots and engineers.",0.0,0,0.0,"['The Montgolfier brothers were from Annonay, France.']",0,0.2222222222,1.0
Which group of outlaws from the 1890s shares a name with a Yugoslav rock band?,Which notorious outlaw group active in the American Old West during the 1890s shares its name with a rock band formed in a former Yugoslav republic?,['Dalton Gang'],['The Dalton Gang'],"The query seeks a historical outlaw group from the 1890s whose name matches a Yugoslav rock band. While 'Wild Bunch' is a well-known 1890s outlaw group, the existence of a Yugoslav rock band with the same name is uncertain. The term 'Yugoslav' encompasses modern countries (e.g., Serbia, Croatia), and while bands like 'Slovenian' or 'Montenegrin' groups exist, no widely recognized Yugoslav rock band is definitively named 'Wild Bunch.' Additionally, the query lacks clarity on whether the band's origin is strictly within former Yugoslavia or its successor states. Without explicit confirmation of the band's identity, the query remains ambiguous.",1.0,1,1.0,['The Dalton Gang'],1,1.0,1.0
What river is the city that Cyprus Classic Motorcycle Museum is in on the banks of?,What river flows through the capital city of the country where the Cyprus Classic Motorcycle Museum is located?,['Pedieos'],"['The city, Nicosia, is not on the banks of any river.']","The query requires identifying the river bordering the city housing the Cyprus Classic Motorcycle Museum. While the museum is known to be located in Limassol, Cyprus, Limassol is a coastal city on the Mediterranean Sea rather than a river. This creates inconsistency because the question presumes the city lies on a river's banks, whereas Limassol is adjacent to the sea. Additionally, the absence of explicit confirmation about the museum's location introduces uncertainty. Without definitive data linking the city to a river, the query lacks sufficient specificity.",0.0,0,0.0,['Pedieos River'],0,0.6666666667,1.0
What was the former name of the company which operates Hunterston Terminal?,What was the name of the company that formerly operated Hunterston Terminal?,['Peel Holdings'],['Clydeport'],"The query asks for the 'former name' of the company operating Hunterston Terminal. While the location (Hunterston Terminal) is unambiguously identified, the term 'company' refers to a potentially evolving entity with possible prior names. Without explicit contextual clues (e.g., timeframe, industry sector, or direct reference to a specific company), the query hinges on external knowledge about the history of operators at this terminal. Additionally, the phrasing 'operates' implies a present-tense requirement, but the absence of a specific time frame introduces uncertainty about which 'former name' is relevant (e.g., pre-merger, pre-acquisition, etc.).",0.0,0,0.25,['Clydeport'],0,0.0,0.0
The arena in which the Adelaide Adrenaline play is also home to the world's first what?,"The IceArenA in Thebarton, Adelaide, which is home to the Adelaide Adrenaline ice hockey team, is also home to the world's first what?",['indoor ski slope'],['Cryogenic energy storage system in a sporting arena'],"The query asks for the 'world's first' entity hosted by the arena of the Adelaide Adrenaline. While 'Adelaide Adrenaline' refers to a professional basketball team (Adelaide 365), the specific arena (e.g., Adelaide Entertainment Centre) is implied but not explicitly stated. The critical ambiguity lies in whether the audience is expected to recognize the arena's historical significance (e.g., being the world's first indoor cricket ground). Without explicit contextual clues or shared knowledge about the arena's uniqueness, the query relies heavily on external domain-specific facts that may vary depending on the responder's familiarity.",0.0,0,0.0,"[""World's first indoor ski slope with a full rotation ski lift.""]",0,0.4615384615,1.0
What is the middle name of the female MSNBC journalist critiqued on the Daily Howler?,What is the middle name of the female MSNBC journalist who anchors 'The 11th Hour'?,['Anne'],['Louise'],"The query seeks the middle name of a specific individual based on three attributes: gender (female), employment at MSNBC as a journalist, and critique on 'the Daily Howler'. While these filters narrow down possibilities, critical ambiguities exist. First, 'the Daily Howler' is not a recognized news outlet; it may be a fictional, obscure, or misspelled reference. Second, MSNBC has numerous female journalists, many of whom may have faced criticism on various platforms. Without further contextual clues (e.g., specific episodes, dates, names, or additional descriptors), the query lacks uniqueness. The absence of definitive references makes it impossible to confirm a single valid answer.",0.0,0,0.0,['Rachelle'],0,0.0,0.0
"What event in 1920 was established by the director of the play ""The Miracle?""","What major arts festival in 1920 was co-founded by Max Reinhardt, who directed the inaugural performance of Hugo von Hofmannsthal's 'Jedermann'?",['Salzburg Festival'],['The Salzburg Festival.'],"The query contains several ambiguities. First, 'The Miracle' is not a recognized historical play, making it impossible to identify its director. Second, the phrase 'established' is vague—it could refer to organizing an event, founding an institution, or any other action. Third, no additional contextual clues are provided to narrow down the specific event or director. These gaps prevent the query from being uniquely resolved.",1.0,1,1.0,['Salzburg Festival'],1,1.0,1.0
Were Thomas H. Ince and Joseph McGrath of the same nationality?,"Were Thomas H. Ince, the American filmmaker, and Joseph McGrath, the Irish-born soldier, of the same nationality?",['no'],"['No, Thomas H. Ince was American, and Joseph McGrath was British.']","The query specifies two individuals by full name. Thomas H. Ince is historically known as an American filmmaker (born in the US). Joseph McGrath is ambiguously referenced; while there exists a Joseph McGrath (e.g., Irish-born soldier) and potentially others with varying backgrounds, the query lacks contextual clues (e.g., birthplace, era) to definitively resolve his nationality. Since the identity of 'Joseph McGrath' is not uniquely determined by the query alone, the question relies on external assumptions.",0.1666666667,0,0.5,['No'],1,1.0,1.0
"Which of these is further south in China, the Pulandian District or Kaiyuan, Liaoning?","Which of these is further south in China, Pulandian District, Dalian, Liaoning, or Kaiyuan City, Tieling, Liaoning?",['Pulandian District'],['Pulandian District'],"The query contains potential ambiguities. 'Pulandian District' appears to be incorrectly spelled or non-existent; plausible alternatives include 'Pulan County' (Xinjiang) or 'Pingshan County' (Hebei). 'Kaiyuan' is likely referring to Kaiyuan County in Sichuan Province, not Liaoning. Additionally, Liaoning is geographically north of Sichuan, making the comparison between 'Kaiyuan, Liaoning' (which does not exist) and a southern location unclear. Without verified geographic accuracy for both terms, the query lacks sufficient specification to resolve the question definitively.",1.0,1,1.0,"['Pulandian District, Dalian, Liaoning']",0,0.6666666667,1.0
when was Quiet in Heaven/Song of Liberty recorded?,"When was the song ""Quiet in Heaven/Song of Liberty"" recorded by the band that settled on their current name in 1982?",['Before settling on their current name in 1982'],['October 1968'],"The query refers to a song title that appears ambiguous. 'Quiet in Heaven' and 'Song of Liberty' may be distinct tracks (e.g., 'Song of Liberty' is a well-known song by Bruce Springsteen), while 'Quiet in Heaven' could refer to multiple works (e.g., a hymn, a song by various artists). The slash (/) suggests potential concatenation, but without clarifying the artist, album, or specific work being referenced, the query lacks sufficient specificity to identify the exact recording in question. This ambiguity prevents accurate retrieval of the recording date.",0.0,0,0.0,['1981'],0,0.0,0.0
What is the National Grape Cooperative Association classified as?,What specific type of cooperative is the National Grape Cooperative Association?,['An agricultural cooperative'],['An agricultural cooperative'],"The query seeks to identify the classification of the 'National Grape Cooperative Association.' While the subject matter is specific (a named organization), the term 'classified as' is vague without defining the classification system (e.g., legal entity type, industry category, regulatory designation). The query does not clarify whether the user refers to IRS tax status, corporate structure, industry affiliation, or another framework. This ambiguity leaves room for multiple interpretations, making the query insufficiently detailed to yield a definitive answer.",1.0,1,1.0,['Agricultural cooperative'],1,1.0,1.0
Do Matthew Good Band and Sleep Room play the same type of music?,Are Matthew Good Band and Sleep Room both primarily categorized within the alternative rock genre?,['yes'],"['No, Matthew Good Band plays alternative rock, while Sleep Room is more experimental and ambient.']","The query compares two bands (Matthew Good Band and Sleep Room) based on their musical genre. While the bands are distinct entities with established musical styles, the term 'type of music' is vague and lacks specificity. Matthew Good Band is explicitly associated with alternative/grunge rock, while Sleep Room is ambiguously referenced (potentially a lesser-known or misnamed band). Without explicit definitions of 'type of music' or confirmation of Sleep Room's identity, the query relies on contextual assumptions that may not align with universal consensus. Additionally, the comparison hinges on external factual knowledge about the bands' genres, which introduces potential ambiguity.",0.0,0,0.0,['Yes'],1,1.0,1.0
"Which writer of ""Rewrite This Story"" are an American songwriting duo and composing team for musical theater, films, and television?",Are Matthew Good Band and Sleep Room both primarily categorized within the alternative rock genre?,['Pasek and Paul'],['Benj Pasek and Justin Paul'],"The query compares two bands (Matthew Good Band and Sleep Room) based on their musical genre. While the bands are distinct entities with established musical styles, the term 'type of music' is vague and lacks specificity. Matthew Good Band is explicitly associated with alternative/grunge rock, while Sleep Room is ambiguously referenced (potentially a lesser-known or misnamed band). Without explicit definitions of 'type of music' or confirmation of Sleep Room's identity, the query relies on contextual assumptions that may not align with universal consensus. Additionally, the comparison hinges on external factual knowledge about the bands' genres, which introduces potential ambiguity.",0.75,0,1.0,"['Yes, both are primarily categorized within the alternative rock genre.']",0,0.0,0.0
"Which river flows next to the German town where the music project ""I Drink My Coffee Alone"" by Alex Gazin originates from?","Which river flows next to the German town that is historically linked to the family background of Alex Gazin, the artist behind the music project ""I Drink My Coffee Alone""?",['Moselle'],['Rhine'],"The query requires resolving three layers: (1) Identifying the origin of the music project 'I Drink My Coffee Alone' by Alex Gazin, (2) Determining if this project is associated with a German town, and (3) Finding the river adjacent to that town. While the music project is attributed to Alex Gazin (a Canadian artist), there is no universally accepted or explicitly documented link between this project and a specific German town. Without clear geographic attribution of the project's origins to a German municipality, the query lacks sufficient specificity to uniquely identify the intended town or river. Additional context would be needed to resolve ambiguities.",0.0,0,0.0,['The Rhine River'],0,0.0,0.0
What was need in order to diverge from the chinese ritual uniting spouses by pre-arrangement between families?,What was needed for the People's Republic of China to successfully challenge the traditional Chinese ritual of uniting spouses by pre-arrangement between families?,['constant support from propaganda campaigns'],['The rise of individual choice and romantic love as a basis for marriage.'],"The query is ambiguous and lacks critical contextual information. 'Diverge from' is vague—does it refer to rejecting the ritual entirely, altering its practices, or adopting alternative customs? Additionally, the phrase 'what was need' is grammatically incorrect and unclear whether it refers to requirements, resources, or conditions. The reference to 'Chinese ritual' is too broad; multiple traditions exist, and without specifying which one, the answer cannot be precise. Furthermore, the term 'pre-arrangement between families' implies a cultural practice, but the query fails to clarify the timeframe, geographic region, or sociopolitical context necessary to address the question meaningfully.",0.0,0,0.0,"['A shift towards individual choice in marriage.'
 'Legal reforms promoting free marriage consent.'
 'Cultural changes emphasizing personal autonomy.']",0,0.0,0.0
What career did Markus Feehily and Bobby Fuller have in common?,"Considering Bobby Fuller's career as a musician and songwriter, what specific professional role did he share with Markus Feehily, whose songwriting contributions are less widely publicized than his singing career?",['songwriter'],['Singer'],"The query asks for a shared career between Markus Feehily and Bobby Fuller. While Bobby Fuller is a historically documented American rock musician (known for his 1964 single 'The Boxer'), Markus Feehily is not a widely recognized public figure. A quick verification reveals no prominent professional profile associated with 'Markus Feehily' in fields such as entertainment, sports, or academia. Without confirmed occupational data for Markus Feehily, the query cannot definitively identify a common career. Additionally, the name 'Markus Feehily' may be misspelled or refer to a non-publicly available individual, further contributing to ambiguity.",0.0,0,0.25,['Singer'],0,0.0,0.0
what is the english name of Émile Verdets editorial?,What is the English name of the French scientific journal in which the physicist Émile Verdet published his research?,['Annals of Chemistry and of Physics'],['The Popular Science Review'],"The query asks for the English name of an 'editorial' by Émile Verdet, but several key elements are ambiguous or unspecified: (1) The name 'Émile Verdet' may contain a typographical error (possibly intended as 'Zola'), as no notable French writer matches this name. (2) The term 'editorial' typically refers to a published opinion piece, but the query does not identify a specific work, title, or source. Without additional context (e.g., the specific editorial's original title in French), it is impossible to determine the accurate English equivalent. Additionally, the lack of clarification about the relationship between Verdet and the editorial (e.g., authorship, publication context) further undermines specificity.",0.0,0,0.0,['The Journal of Physics'],0,0.4444444444,0.0
What kind of species on the Indonesian island of java might participate in a Rampokan.,"Which species, native to the Indonesian island of Java, was historically hunted as the primary target in the traditional Javanese big cat ritual known as Rampokan?",['Javan leopard'],['Tigers' 'Leopards'],"The query contains several ambiguities. First, 'Rampokan' appears to be a non-standard term. While 'rampok' may refer to an aggressive act in Javanese culture, 'Rampokan' as a proper noun is unclear. Second, the phrase 'participate in a Rampokan' implies a ritualistic or performative action, which conflicts with the biological concept of 'species.' Species are not typically described as participants in human cultural practices. Additionally, no known species in Java are associated with this term. The lack of clarity around the definition of 'Rampokan' and its relevance to species makes the query underspecified.",0.0,0,0.5,['Javan tiger'],0,0.5,0.0
What space mission is the Rear Admiral astronuat born 1923 known for?,What group of astronauts is known for pioneering US human spaceflight?,['Mercury Seven'],['Mercury-Atlas 7 (Aurora 7) mission'],"The query contains several ambiguities and inconsistencies. 'Rear Admiral' is a naval rank, while 'astronaut' implies a spaceflight role, which may overlap but requires clarification. The term 'astronuat' is likely a misspelling of 'astronaut'. Additionally, no historically documented figure matches both the specific rank ('Rear Admiral') and birth year (1923) required to uniquely identify an astronaut. Even assuming corrections, the lack of a definitive name or additional context (e.g., missions, agencies) makes the query underspecified.",0.0,0,0.25,['Mercury Seven'],1,1.0,1.0
The musical composer of Manru was a spokesman for what country's independence?,"Ignacy Jan Paderewski, the musical composer of the opera Manru, was a spokesman for what country's independence?",['Polish independence'],['Poland'],"The query references 'Manru,' which does not clearly correspond to a known historical figure, composition, or cultural reference. Without explicit identification of the composer (e.g., a specific individual like Debussy, Mozart, etc.) or contextual clarification of 'Manru' (a work, movement, or event), the query lacks sufficient specificity to determine the intended subject. Additionally, the role of being a 'spokesman for a country's independence' implies a political or nationalistic association, which further complicates the ambiguity. The absence of concrete details makes the query ambiguous and unable to yield a definitive answer.",0.0,0,1.0,['Poland'],0,0.0,1.0
What year was the player the Los Angeles Clippers aquired from the Atlanta Hawks born?,"What year was Derek Smith, the player the Los Angeles Clippers acquired from the Atlanta Hawks on June 27, 1984, born?",['1961'],['This depends on the specific player and trade. Please provide more details.'],"The query refers to a player transferred from the Atlanta Hawks to the Los Angeles Clippers but does not specify which player or transaction (e.g., date, season, or name). Multiple players have moved between these teams historically (e.g., DeAndre Jordan, Blake Griffin), and without additional details, the question cannot be resolved uniquely. The lack of specificity about the player or timeline renders the query underspecified.",0.0,0,0.0,['1961'],1,1.0,1.0
What Harry Potter actor strred in My Boy Jack?,"Which actor, known for playing Harry Potter in the film series, also starred in the 2007 film My Boy Jack?",['Daniel Radcliffe'],['Daniel Radcliffe'],"The query seeks an actor who appears in both 'Harry Potter' (a franchise with multiple actors) and 'My Boy Jack' (a specific film). While 'Harry Potter' refers to a group of actors, the query does not clarify which specific Harry Potter film or actor is intended. Additionally, 'My Boy Jack' is a distinct film with its own cast. There is no widely recognized overlap between the two, and the misspelling 'strred' may indicate a minor error, though this does not affect the core specificity of the request. Without narrowing the scope of 'Harry Potter' (e.g., specifying a film or character), the query remains ambiguous.",1.0,1,1.0,['Daniel Radcliffe'],1,1.0,1.0
"The lead vocalist of the group ""Tenacious D"" plays a supporting role along with Dennis Leary and Will Patton in a film that received what award at the 1999 Venice Film Festival?",The film *The Straight Story* received what award at the 1999 Venice Film Festival?,['Ecumenical Award'],['Golden Lion'],"The query contains multiple potential inconsistencies. First, the lead vocalist of Tenacious D is typically considered to be Kyle Gass, not a fictional character. Second, the film featuring Dennis Leary and Will Patton alongside a 'Tenacious D' vocalist is unclear, as no such film exists. Additionally, the 1999 Venice Film Festival awards were given to films like *The Man Who Wasn't There* (Best Actor), but none involve the mentioned cast. The query relies on hypothetical or conflated facts, leaving critical ambiguities about the film, roles, and awards.",0.0,0,0.0,['Grand Prix of the Belgian Film Critics'],0,0.0,0.0
What was the album by Coldplay after the one with a song referencing Chris Martin's unrequited love?,"What was the album released by Coldplay immediately after their debut album, *Parachutes*?",['A Rush of Blood to the Head'],['A Rush of Blood to the Head'],"The query requires identifying two things: (1) the Coldplay album containing a song referencing Chris Martin's 'unrequited love,' and (2) the subsequent album. While 'unrequited love' could relate to tracks like 'The Scientist' (from *A Rush of Blood to the Head*) or 'Trainspotting' (from *Ghost Stories*), these interpretations rely on subjective cultural or fan connotations rather than explicit references to Chris Martin's personal life. Additionally, the term 'unrequited love' is vague without specifying the exact song or its context. Without definitive evidence linking a specific song to Chris Martin's personal experience, the query depends on assumptions beyond factual data, making it ambiguous.",1.0,1,1.0,['A Rush of Blood to the Head'],1,1.0,1.0
God Is Not Great is by a journalist which due to his actions made him what?,"Richard Dawkins, the evolutionary biologist and author of 'God Is Not Great', became what due to his prominent writings and public advocacy?",['both a lauded intellectual and a controversial public figure'],['A controversial public intellectual.'],"The query references 'God Is Not Great,' a book authored by Richard Dawkins, a prominent evolutionary biologist and atheist writer, not traditionally classified as a journalist. The query incorrectly identifies the author as a journalist and seeks to link the author's actions to a specific consequence (e.g., a title, role, or label). While the book's authorship is clear, the query contains factual inaccuracies and ambiguities regarding the author's professional identity and the causal chain implied by 'due to his actions.' Without explicit clarification of the author's actions or the intended outcome, the query remains underspecified.",0.6,0,0.75,['A prominent atheist and science communicator'],0,0.1666666667,0.5
Two of the pharmacy schools are Midway College School of Pharmacy and which first for-profit college or university to receive the Southern Association of Colleges and Schools?,Midway College School of Pharmacy is one of two pharmacy schools. What is the name of the other pharmacy school that was the first for-profit college or university to receive accreditation from the Southern Association of Colleges and Schools Commission on Colleges (SACSCOC)?,['Sullivan University College of Pharmacy'],['South University School of Pharmacy'],"The query contains two distinct components. First, it references 'two pharmacy schools,' specifying one (Midway College School of Pharmacy), implying the existence of another unmentioned school. Second, it seeks the name of the first for-profit institution to gain accreditation from the Southern Association of Colleges and Schools (SACSCOC). While the latter is a factual inquiry, the former requires additional contextual information to identify the missing pharmacy school. Additionally, the query conflates 'Southern Association of Colleges and Schools' with SACSCOC, which is technically incorrect (it refers to the Southern Association of Colleges and Universities). This ambiguity and lack of clarity around the second component make the query underspecified.",0.6,0,0.0,['South University School of Pharmacy'],0,0.6,0.0
What year was George Harrison's top UK charted song voted the nations 11th favorite 1980s number?,"What year did a national UK poll vote George Harrison's highest-charting UK single from the 1980s, 'All Those Years Ago', as the 11th favorite 1980s song?",['2015'],['1987'],"The query contains ambiguities regarding the source of the 'nations 11th favorite' ranking, the specific criteria for determining 'top UK charted song,' and the timeframe for the voting process. While George Harrison's most notable UK chart success is 'My Sweet Lord' (1976) or 'Hey Jude' (1968), the question relies on unverified assumptions about a hypothetical 1980s-era poll or ranking system. The phrasing 'voted the nations 11th favorite 1980s number' lacks specificity about the dataset, methodology, or authoritative source, making the answer dependent on external, unspecified information.",0.0,0,0.0,['2012'],0,0.0,0.0
What is the company that currently recognizes the sprinting records set by Leni Junker and Florence Griffith-Joyner?,"What was the international governing body that formally recognized world sprinting records, including those achieved by athletes like Leni Junker and Florence Griffith-Joyner?",['International Association of Athletics Federations'],['World Athletics'],"The query asks for a ""company"" that ""recognizes"" sprinting records. While Florence Griffith-Joyner and Leni Junker are historically significant athletes, the phrase ""current recognition"" introduces ambiguity. Athletic records are typically governed by official sporting authorities (e.g., World Athletics), not private companies. Additionally, the query fails to clarify whether ""recognize"" refers to formal certification by a governing body or sponsorship/commercial association. This lack of contextual specificity regarding the nature of recognition and the potential ambiguity around the relevance of these particular records (some of which may no longer stand) renders the query underspecified.",0.2857142857,0,0.5,['World Athletics'],0,0.2857142857,0.75
What group of Elektra Records recording artists are known to be an indie pop band?,"Which specific indie pop band, known for their recordings released by Elektra Records, is the intended answer to this question?",['Saint Motel'],['The Magnetic Fields'],"The query specifies 'Elektra Records' and seeks a group categorized as 'indie pop'. While Elektra Records has historically signed indie pop artists like The Shins (as of 2014), the query lacks temporal specificity (e.g., 'current', 'past'), genre nuances, or constraints on the number of artists required. Additionally, 'group' could imply either a singular band or multiple artists, creating ambiguity. Without further clarification, the answer may involve multiple possibilities or require contextual assumptions.",0.0,0,0.0,['The Magnetic Fields'],0,0.0,0.0
What was the code name of The landing barge primarily used to provide hot meals to the landing crew?,"What was the code name for the naval assault phase of the Normandy landings, which encompassed the deployment of numerous landing barges and extensive logistical efforts, including the provision of hot meals to the landing forces?",['Operation Neptune'],['HMS Menestheus'],"The query references a 'landing barge' with a specific functional purpose (providing hot meals). While 'landing barge' is a technical term for a type of watercraft used in amphibious operations, the phrase 'The landing barge' implies a singular, named entity. However, the query does not clarify whether this refers to a historically documented vessel, a fictional construct, or a specific operation. Additionally, the term 'code name' suggests a classified or specialized identifier, which further requires contextual knowledge about military logistics, naval terminology, or fictional lore. Without explicit reference to a specific conflict, media franchise, or operational codename, the query lacks sufficient constraints to yield a definitive answer.",0.0,0,0.0,['Operation Neptune'],1,1.0,1.0
The home video game console that was developed by Sony Computer Entertainment is a platform for a racing video game developed by who?,The home video game console that was developed by Sony Computer Entertainment is a platform for a futuristic anti-gravity racing video game developed by who?,['Sony Studio Liverpool'],['Polyphony Digital'],"The query identifies the console (Sony Computer Entertainment) and specifies it is a 'racing video game' platform. However, the term 'a racing video game' is too vague to determine a unique developer. Multiple racing games exist on Sony's platforms (e.g., Gran Turismo by Polyphony Interactive, Burnout by Criterion Games). Without specifying the exact game, the answer cannot be uniquely determined.",0.0,0,0.0,['Psygnosis'],0,0.0,0.0
Altnahinch is located in a county that has a population density of how many per square mile? ,"What is the population density per square mile of Aberdeenshire, Scotland, the county where Altnahinch is located?",['526'],"['Altnahinch is in County Antrim, which has a population density of approximately 344 people per square mile.']","The query requires identifying the county associated with Altnahinch, which may not be universally known. While Altnahinch is a real place (a village in Scotland), its specific county (Aberdeenshire) is not explicitly stated in the query. Additionally, even if the county is known, the query does not provide sufficient context to retrieve the precise population density statistic for that area. The lack of explicit geographic details makes the query dependent on external knowledge beyond the provided information.",0.0,0,0.0,"[""- Aberdeenshire's population density is approximately 102 people per square mile.""]",0,0.0,0.0
"What party was Johan Henrik Deuntzer a part of before the party that translates to the ""Radical Left?""",What party was Johan Henrik Deuntzer a part of in Denmark before he co-founded the Danish Social Liberal Party (Radikale Venstre)?,"['Liberal ""Venstre"" party']",['Venstre (The Left)'],"The query is underspecified due to several ambiguities. First, 'Radical Left' is not a universally defined political label across countries or systems; its corresponding party varies depending on regional context (e.g., Sweden's 'Radikala Vänster', France's 'Gauche radical'). Second, while the name 'Johan Henrik Deuntzer' may hint at a Danish individual, the query does not explicitly confirm this, nor does it clarify which specific 'Radical Left'-named party is being referenced. Third, the temporal scope ('before') is vague without specifying a date or period. Finally, no additional contextual clues (e.g., country, historical events, or party alliances) are provided to resolve these ambiguities.",0.4,0,0.5,['Venstre'],0,0.5,0.75
In what New York town did Glenn Martin Hughes attend high school?,In what New York locality did Glenn Martin Hughes attend high school?,"['Mineola, New York']",['Ticonderoga'],"The query asks for a 'New York town,' which is vague since New York State contains numerous towns across different counties and regions. While Glenn Martin Hughes is a public figure, his high school attendance location may not be universally documented or unambiguously tied to a single town without additional contextual clues (e.g., county, city, or district). The absence of specificity in 'New York town' introduces uncertainty, making the query potentially underspecified.",0.0,0,0.0,['Binghamton'],0,0.0,0.0
"What kind of producer is the person who helped created ""The Spiderwick Cronicles"" with Holly Black?","What kind of producer is responsible for the film adaptation of ""The Spiderwick Chronicles"", a series of books co-created by Holly Black?",['motion picture producer'],['Book producer'],"The query is underspecified due to ambiguities regarding key elements. First, 'Holly Black' is primarily known as an author of the source material for *The Spiderwick Chronicles* (a novel), not its director or producer. Second, the phrase 'helped created' is vague and does not clarify her role in the film's production. Third, the query fails to identify a specific individual beyond referencing Holly Black, leaving room for multiple interpretations (e.g., co-producer, screenwriter, etc.). Finally, the term 'kind of producer' requires clarification of the specific role (executive producer, line producer, etc.), which is absent.",0.4,0,0.0,['Film producer'],0,0.4,0.5
How much Argentina currency was involved in Boudougate?,What was the amount in Argentine pesos associated with the illicit enrichment charges in the 'Boudougate' corruption scandal?,['2.3 million pesos'],['2.3 million Argentine pesos'],"The query references 'Boudougate,' a term associated with a corruption scandal involving former Argentine president Néstor Kirchner's family and business associate José Luis Boudou. However, the term is not standardly documented, and its specifics are ambiguous. The query does not clarify: (1) which particular incident or phase of the scandal being referenced (e.g., 2008 fraud charges, 2013 prison sentence), (2) the exact timeframe for the transaction(s) in question, or (3) the source of the monetary data (court records, media reports, etc.). Additionally, while the currency type is mentioned ('Argentina currency'), the query fails to specify the denomination (pesos, dollars, etc.) or the year, making it impossible to determine a precise numerical value. These gaps render the query insufficiently detailed to produce a definitive answer.",0.8571428571,0,1.0,['$7 million Argentine pesos'],0,0.5714285714,0.0
"Which film is older, Monsters, Inc. or Earth?","Which film is older, Monsters, Inc. (2001) or the 2013 animated film Earth?","['Monsters, Inc.']",['Earth'],"The query asks for comparison between 'Monsters, Inc.' (a well-known Pixar film released in 2001) and 'Earth' (which is not a recognized film title). 'Earth' could potentially refer to various works (e.g., the 2013 animated film 'EARTH'), but without explicit clarification, the term 'Earth' lacks specificity. This ambiguity makes the second option unclear, rendering the query underspecified.",0.0,0,0.0,"['Monsters, Inc. (2001)']",0,0.8,1.0
"Abba Kovner  was a Jewish Hebrew and Yiddish poet, writer and cousin of the youngest and longest surviving signatory of what?","Abba Kovner was a Jewish Hebrew and Yiddish poet, writer and cousin of the youngest and longest surviving signatory of what foundational document for the State of Israel?",['Israeli Declaration of Independence'],['The Israeli Declaration of Independence'],"The query seeks information about a historical document or event linked to Abba Kovner's relative, who is described as the 'youngest and longest surviving signatory.' While Abba Kovner is historically associated with the Holocaust and Jewish literature, the phrase 'signatory' introduces ambiguity. The term could refer to international treaties, legal documents, or other formal agreements. However, the specificity required to identify the correct document (e.g., the British Mandate for Palestine, the Universal Declaration of Human Rights, or another historical text) is lacking. Additionally, the mention of 'youngest and longest surviving signatory' implies a unique historical figure whose identity depends on contextual knowledge not explicitly provided in the query. This combination of vague terminology and reliance on external historical facts makes the query underspecified.",1.0,1,1.0,['Israeli Declaration of Independence'],1,1.0,1.0
Does the band God Lives Underwater or the band The Dear Hunter come from a larger state?,"Does the band God Lives Underwater, which originates from California, or the band The Dear Hunter, which originates from Washington, come from a state with a larger population?",['God Lives Underwater'],['The Dear Hunter comes from a larger state (California) compared to God Lives Underwater (Pennsylvania).'],"The query asks whether one of the two bands originates from a 'larger state,' but it fails to clarify the metric used to define 'larger.' This could refer to population, geographic area, economic output, cultural influence, or another factor. While the bands' origins (California for God Lives Underwater and Washington for The Dear Hunter) are known, the ambiguity in 'larger' prevents a definitive answer without additional context.",0.375,0,0.0,"['The Dear Hunter, from Washington, comes from a state with a larger population.']",0,0.0,0.0
The 2017 Los Angeles Chargers season was the first season under which coach that began his professional coaching career with the Denver Broncos in 2000?,"Who was the head coach of the Los Angeles Chargers for the 2017 season, which was his first season as the team's head coach, and who also started his professional coaching career with the Denver Broncos in 2000?",['Anthony Lynn'],['Anthony Lynn'],"The query seeks to identify the head coach of the 2017 Los Angeles Chargers who had begun their professional coaching career with the Denver Broncos in 2000. To resolve this, we must verify if any coach who joined the Broncos in 2000 became the head coach of the Chargers in 2017. Historical records show that the head coach of the Chargers in 2017 was A.D. Jackson (until midseason) and Brandon Staley (full season). Neither of these individuals began their coaching career with the Broncos in 2000. Additionally, while some assistants or coordinators with the Broncos in 2000 may have transitioned to other teams, none served as head coaches of the Chargers in 2017. Thus, the query contains conflicting or incomplete factual premises.",1.0,1,1.0,['Anthony Lynn'],1,1.0,1.0
The Austrian border barriers at facilities like South Tyrol was designed to designed to manage what?,"What specific group of people were the Austrian border barriers, including those in regions like South Tyrol, designed to manage?",['people arrived in the European Union'],['To manage migration and control border crossings.'],"The query contains grammatical errors ('was designed to designed') and ambiguities. While it references 'Austrian border barriers' and specifies 'South Tyrol' as an example location, it fails to clearly define the specific objective or context for which these barriers were designed. The phrase 'manage what?' implies a request for clarification on the purpose (e.g., security, immigration control, trade regulation), but the query does not explicitly state the domain or focus area. Additionally, 'facilities like South Tyrol' is vague without specifying whether these refer to checkpoints, surveillance systems, or other infrastructure types.",0.0,0,0.25,['Migrants and refugees.'],0,0.0,0.75
Both Tsai Ming-liang and Giacomo Gentilomo were involved with which profession?,"Beyond Giacomo Gentilomo's primary work as a composer, what profession did he share with Tsai Ming-liang, who is renowned as a film director?",['film director'],['Film directing'],"The query asks for a profession shared by both Tsai Ming-liang (a renowned Taiwanese film director) and Giacomo Gentilomo (an Italian composer). While both are involved in the arts, Tsai is primarily a film director, whereas Gentilomo is a composer. There is no clear overlapping profession between the two, suggesting ambiguity in the query's specification. Additionally, the term 'profession' may be too broad, leading to potential multiple valid answers or misinterpretation.",0.5,0,1.0,['Film director'],1,1.0,1.0
What is the nickname of the singer with which Castor McCord played with in the 1920s?,"What is the nickname of the iconic jazz singer and trumpeter who led the Hot Five and Hot Seven bands, with whom Castor McCord performed in the 1920s?",['Satchmo'],['Satchmo'],"The query requires identifying a specific singer associated with Castor McCord in the 1920s and their nickname. While Castor McCord was a jazz musician active in the 1920s, historical records indicate he was primarily a trumpet player rather than a vocalist. Additionally, the term 'played with' could refer to collaboration in a musical setting, but without explicit clarification of the specific singer, group, or contextual clues (e.g., album, venue, or genre), the query lacks sufficient specificity to uniquely determine the intended answer. Multiple artists from the 1920s may have shared similar associations with McCord, leading to potential ambiguity.",1.0,1,1.0,['Satchmo'],1,1.0,1.0
"What two countries headquarter the clothing company that the photographer ""Facehunter"" contributed to?","What are the two specific locations, including cities and their respective countries or regions, where the clothing company that the photographer ""Facehunter"" contributed to has its primary headquarters?","['Kowloon, Hong Kong, and Ratingen (near Düsseldorf), Germany.']",['Sweden' 'Denmark'],"The query requires identification of two countries where the headquarters of a clothing company (linked to the photographer 'Facehunter') are located. Key ambiguities include: 1) Uncertainty about which specific photographer(s) use the alias 'Facehunter' (multiple artists share this moniker). 2) Lack of clarity on which clothing company 'Facehunter' contributed to—there may be multiple such companies. 3) Even if a single company were identified, determining its headquarters location(s) would require explicit data, as most companies have a single headquarters. The query lacks specificity to resolve these uncertainties.",0.0,0,0.0,"['Stockholm, Sweden' 'Los Angeles, USA']",0,0.0,0.0
Where are people with ADolf Bestelmeyer's nationality from?,"Where are people of German nationality, such as Adolf Bestelmeyer, typically from?",['Germany and other parts of Central Europe'],['Germany'],"The query contains ambiguous and potentially misspelled names ('ADolf Bestelmeyer') which obscure the subject of inquiry. Without clarification on the identity of 'ADolf Bestelmeyer' or confirmation of their nationality, the question cannot be resolved. Additionally, the phrase 'people with [X]'s nationality implies a relationship between X's nationality and geographic origins, but without knowing X's actual nationality, this connection remains undefined. The query lacks sufficient specificity to determine either the subject's identity or their nationality.",0.25,0,0.75,['Germany'],0,0.25,0.75
Kiki Preston was the alleged mother of a child born out of wedlock with a prince born in which year ?,"Despite unsubstantiated claims that Kiki Preston was the mother of a child born out of wedlock with Prince George, Duke of Kent, in which year was Prince George, Duke of Kent, born?",['1902'],['1900'],"The query seeks information about a specific historical or factual event involving Kiki Preston, a supposed mother of a child born out of wedlock to a prince. Key ambiguities include: 1) 'Kiki Preston' may refer to a non-public figure or a misheard name; 2) No credible evidence exists of a prince having a child with Kiki Preston, as such relationships would typically be historically documented; 3) The phrase 'born out of wedlock with a prince' implies a specific royal lineage, yet no verifiable source links Kiki Preston to any royal family member. Additionally, the query lacks clarity on which prince (e.g., a specific monarch or heir) is referenced, rendering the question unsolvable without assumptions.",0.0,0,0.0,['1902'],1,1.0,1.0
"Who is the American actress performed ""Take On The World"" with Sabrina Carpenter?","Despite unsubstantiated claims that Kiki Preston was the mother of a child born out of wedlock with Prince George, Duke of Kent, in which year was Prince George, Duke of Kent, born?",['Rowan Blanchard'],['Rowan Blanchard'],"The query seeks information about a specific historical or factual event involving Kiki Preston, a supposed mother of a child born out of wedlock to a prince. Key ambiguities include: 1) 'Kiki Preston' may refer to a non-public figure or a misheard name; 2) No credible evidence exists of a prince having a child with Kiki Preston, as such relationships would typically be historically documented; 3) The phrase 'born out of wedlock with a prince' implies a specific royal lineage, yet no verifiable source links Kiki Preston to any royal family member. Additionally, the query lacks clarity on which prince (e.g., a specific monarch or heir) is referenced, rendering the question unsolvable without assumptions.",1.0,1,1.0,['1902'],0,0.0,0.0
What college teamdid the point guard that led the way for Philedlphia 76ers in the 2017-18 season play basketball in?,What college team did the point guard who was the first overall pick in the 2017 NBA draft and played for the Philadelphia 76ers in the 2017-18 season play basketball in?,['Washington Huskies'],['Washington Huskies'],"The query seeks to identify the college team of the point guard who was pivotal for the Philadelphia 76ers during the 2017-18 NBA season. Key components include: 'point guard', 'Philadelphia 76ers', '2017-18 season'. While these elements appear sufficient, several issues arise. First, 'Philedlphia' is a misspelling of 'Philadelphia'. Second, the term 'led the way' is ambiguous—it does not clarify whether the player was a starter, MVP, or part of a particular role. Third, multiple players fit the description of a point guard for the 76ers in that era (e.g., Tyus Jones, Jalen Brunson), creating uncertainty about which individual is being referenced. These factors introduce ambiguity, requiring additional context to resolve.",1.0,1,1.0,['Washington Huskies'],1,1.0,1.0
What is name of one of the primary holders of Schottenstein Stores Corp which was born in 1954?,"What is the name of an individual who, as of 2023, serves as a prominent executive and a significant shareholder of Schottenstein Stores Corp, and was born in 1954?",['Jay Schottenstein'],['Jay Schottenstein'],"The query seeks the name of a primary shareholder of Schottenstein Stores Corp (a publicly traded company) born in 1954. While the company and the birth year are explicitly stated, critical elements missing include: (1) the time frame for 'primary holders' (e.g., as of when?), (2) definitions of 'primary holders' (e.g., largest institutional investor vs. individual), and (3) verification of the birth year through official records. Additionally, the answer requires access to real-time corporate filings or historical shareholder data, which may not be inherently contained within the query. The specificity of the birth year further narrows the search but does not guarantee uniqueness.",1.0,1,1.0,['Jay Schottenstein'],1,1.0,1.0
The man who currently serves as the wide receivers coach for the Dallas Cowboys used to coach at what college?,"Robert Prince, who served as the wide receivers coach for the Dallas Cowboys in 2021, used to coach at what college?",['Louisiana Tech'],['University of Texas at Austin'],"The query seeks to identify the college where the current wide receivers coach for the Dallas Cowboys previously worked. While the current position is clearly defined, the query does not explicitly name the individual holding this role. This creates ambiguity because multiple individuals could hold this title at different times. Without additional context (e.g., the coach's full name, tenure, or prior teams), the query cannot definitively resolve to a singular answer. The absence of a specific identifier (name) introduces uncertainty about which coach is being referenced, making the query underspecified.",0.0,0,0.0,['Portland State University'],0,0.0,0.0
The design team for role playing game Black Crusade featured the work of this designer who was the lead developer for what game?,"Ross Watson, who was part of the design team for the Black Crusade role-playing game, was the lead developer for what game?",['Dark Heresy'],['Ross Watson' 'Rogue Trader'],"The query references 'Black Crusade' as a role-playing game, but this title is ambiguous since it primarily refers to a novel/book within the Warhammer 40k franchise, though there exists a video game titled ""Black Crusade"" by Games Workshop. Additionally, the query does not specify which particular designer is being referred to, nor does it provide any contextual clues (e.g., name, era, other projects) to uniquely identify the individual. The lack of specificity regarding both the game's identity and the designer's name makes the query underspecified.",0.0,0,0.0,"['Warhammer 40,000 Roleplay']",0,0.0,0.25
"When was the American singer, songwriter, actress and LGBT rights activist born who won Grammy and Emmy award?","When was Cyndi Lauper, the American singer, songwriter, actress, and LGBT rights activist who won Grammy and Emmy awards, born?","['June 22, 1953']","['Lady Gaga was born on March 28, 1986.']","The query describes a person with overlapping professions (singer, songwriter, actress) and advocacy (LGBT rights), along with accolades (Grammy and Emmy). While Lady Gaga is a prominent candidate fulfilling most criteria, other possibilities exist (e.g., Justin Timberlake, Lady A, or others with similar career trajectories). The combination of roles and awards does not uniquely identify a single individual, leading to ambiguity. Additionally, 'LGBT rights activist' is vague and could apply to multiple figures. Without further constraints, the query lacks sufficient specificity to pinpoint a definitive answer.",0.0,0,0.0,"['June 22, 1953']",1,1.0,1.0
When was the person who did the music for Manru born?,On what day and month was the composer of the opera Manru born?,['18 November'],"['January 1, 1859']","The query is underspecified due to two key ambiguities: (1) 'Manru' is not a widely recognized cultural reference (could be a fictional work, obscure film, or misspelled title), and (2) the phrase 'did the music' could refer to composer, soundtrack artist, or producer, all of whom may vary depending on the medium (e.g., film, game, album). Without clarifying 'Manru' as a specific work and specifying the role/medium, the identity of the person cannot be definitively determined.",0.0,0,0.0,['18 December'],0,0.5,0.0
What is the population of the province Herald Provincial Park is in?,What is the population of the province Wells Gray Provincial Park is in?,['more than four and a half million people'],"['The population of British Columbia, the province where Herald Provincial Park is located, is approximately 5.7 million (as of 2023).']","The query contains ambiguous and potentially non-existent geographic entities. 'Herald Provincial Park' appears to be a fabricated or incorrectly named location, as no known provincial park bears this exact name. Additionally, the structure of the query requires identifying the province containing the park, but without clarification on the actual existence or proper naming of 'Herald Provincial Park,' the query lacks sufficient specificity to resolve the intended province. This ambiguity prevents accurate retrieval of population data.",0.08,0,0.5,"['The population of British Columbia, the province where Wells Gray Provincial Park is located, is approximately 5.7 million as of 2023.']",0,0.0769230769,0.75
"Which English former professional footballer ho played as a centre-back, did  Chris Jones played with ","Which English former professional footballer, who played as a centre-back, did Chris Jones play with?",['Rio Gavin Ferdinand'],['John Terry'],"The query contains grammatical errors and ambiguities. 'Ho' appears to be a typo (possibly 'who'), and the phrase 'did Chris Jones played with' is structurally incorrect. The intent may be to ask 'Which English former professional footballer who played as a centre-back did Chris Jones play with?' However, the current form lacks clarity on the relationship between the subjects (the target footballer and Chris Jones). Additionally, the inclusion of 'ho' introduces uncertainty about the referent of 'ho.' The query fails to specify whether the goal is to identify a team, another player, or clarify the connection between the two individuals.",0.0,0,0.0,['John Terry'],0,0.0,0.0
How many people were in the group which preceded the release of Eric Clapton's 1975 album E.C. Was Here? ,"How many core members were in the band Derek and the Dominos, which Eric Clapton formed prior to the release of his 1975 live album E.C. Was Here?",['four'],['Four'],"The query contains critical ambiguities. First, 'E.C. Was Here' is not a recognized album by Eric Clapton; his 1975 albums include 'Layla and Other Assorted Love Songs' (with Derek & the Dominos), but no official album titled 'E.C. Was Here'. Second, the phrase 'group which preceded the release' requires clarification—does it refer to Eric Clapton's prior musical ensemble (e.g., the Yardbirds, Cream) or a separate entity? Without confirmation of the album's existence and precise definition of the 'preceding group', the query cannot be resolved definitively.",1.0,1,1.0,['Four'],1,1.0,1.0
"The terminology of algebraic geometry changed drastically with the introduction of the general methods, initiated by a mathematician of what nationality?","The terminology of algebraic geometry changed drastically with the introduction of the general methods of abstract algebra, particularly the foundational work on rings and ideals, initiated by a mathematician of what nationality?",['German'],['French'],"The query asks for the nationality of a mathematician linked to transformative methods in algebraic geometry. While 'general methods' may reference historical developments (e.g., Grothendieck's work), the phrasing does not uniquely identify a single mathematician. Multiple figures (e.g., Grothendieck, Serre, Weil) contributed to shifts in algebraic geometry, and their nationalities vary. Without explicit contextual clues (e.g., name, time period, specific method), the query lacks sufficient specificity to yield a definitive answer.",0.0,0,0.0,['German'],1,1.0,1.0
what season of shark tank did Roominate get invsetments,"What season of ""Shark Tank"" did Roominate receive investments?","['during the sixth season of ""Shark Tank"".']",['Season 5'],"The query contains several ambiguities and potential errors. First, 'invsetments' is likely a typo for 'investments'. Second, 'Roominate' appears to be a non-existent or misspelled name; no publicly known contestant or business owner named 'Roominate' has been associated with Shark Tank. Additionally, the query assumes the existence of a specific individual and their investment history on the show, which may not align with the show's actual content. Without clear references to a valid subject or contextual clues, the query cannot be definitively answered.",0.25,0,0.0,['Season 6'],0,0.25,1.0
"What forim is Nicholas Dante most famous for writing in, musical, such as ""A Chorus Line"", or epic verse like ""Inferno""?","What form of writing is Nicholas Dante most famous for, given his contributions to works like ""A Chorus Line""?",['musical'],"[""Musical, such as 'A Chorus Line'""]","The query contains multiple issues making it underspecified. First, 'Nicholas Dante' is likely a misspelling or misattribution - Dante Alighieri (author of ""Inferno"") is a historical figure, while 'Nicholas Dante' does not correspond to any notable author. Second, the comparison between musical theater (e.g., ""A Chorus Line"") and epic poetry (e.g., ""Inferno"") implies the respondent needs knowledge of both genres, but the core question hinges on an undefined individual. Finally, the term 'forim' appears to be a typographical error (intended as 'form'). Without clarification on the subject matter and correcting factual errors, the query lacks sufficient specificity to generate a meaningful response.",0.3333333333,0,1.0,['Musical theatre'],0,0.6666666667,1.0
"What is this fictional scientifically and technologically advanced militaristic alien race, from which Sequoia descends, is called?","What is the name of the fictional, scientifically and technologically advanced, militaristic alien race from which the character Sequoia descends in the Star Wars: The Old Republic universe?",['the Ruul'],['Yautja'],"The query asks for the name of a fictional alien race linked to 'Sequoia,' which requires contextual knowledge about a specific scientific or fantasy work. While 'Sequoia' may refer to characters or entities in certain franchises (e.g., Star Trek, Babylon 5), the term itself does not uniquely identify a specific race in mainstream media. Additionally, the lack of clarification about the source material (e.g., which universe or author) means the query depends on assumptions beyond basic definitions. Without further constraints, multiple plausible answers exist, making the query ambiguous.",0.0,0,0.0,['Esh-kha'],0,0.0,0.0
What kind of film was the film who featured Auli'i Cravalho?,What kind of film was Moana?,['3D computer-animated musical fantasy-adventure film'],"[""Animated musical film ('Moana')""]","The query is underspecified because it does not clearly identify which specific film featuring Auli'i Cravalho is being referenced. While Auli'i Cravalho is an actor associated with multiple films (e.g., 'Moana,' 'Laurie'), the query lacks sufficient contextual information to pinpoint the intended film. The phrasing 'the film who featured...' implies a singular entity but fails to explicitly name the film, leading to ambiguity.",0.4444444444,0,0.5,['Animated musical adventure film'],0,0.4444444444,0.75
"Billy King was an Australian rules footballer who participated in a game that was contested between the South Melbourne Football Club and Carlton Football Club, and was held at what location in Melbourne in 1945?","Billy King was an Australian rules footballer who participated in a game contested between the South Melbourne Football Club and Carlton Football Club on April 21, 1945. At what location in Melbourne was this game held?",['Princes Park'],['Princes Park'],"The query provides the teams (South Melbourne vs. Carlton), the sport (Australian rules football), the year (1945), and the participant (Billy King). However, it does not specify the exact date of the game, which is critical for narrowing down the possible locations (e.g., Melbourne Cricket Ground, Victoria Park, etc.). Additionally, verifying Billy King's participation in such a specific matchup in 1945 requires cross-referencing historical sports databases, which may not be feasible without further constraints. The absence of a unique identifier (date, tournament name, or additional context) makes the query underspecified.",1.0,1,1.0,['Princes Park'],1,1.0,1.0
What type of film is Jordan Roberts 2017 film release?,What type of film is the 2017 film co-written by Jordan Roberts?,['3D computer-animated comedy'],['Drama'],"The query contains ambiguities. 'Jordan Roberts' could refer to both a person (a filmmaker) and a film title. Additionally, the phrasing 'film release' is repetitive and does not clarify the intended subject. Without explicit confirmation of the correct title or context (e.g., confirming it refers to the 2017 film 'Jordan Roberts'), the query lacks sufficient specificity to definitively identify the target film for classification.",0.0,0,0.0,['Animated adventure comedy'],0,0.3333333333,0.5
Han Chae-young was in the 2009 drama that aired on what network?,Han Chae-young was in the 2009 drama 'Boys Over Flowers' that aired on what network?,['KBS2'],['KBS2'],"The query specifies the subject (Han Chae-young), the genre (drama), and the year (2009), but lacks sufficient detail to uniquely identify the specific drama. Multiple 2009 dramas feature Han Chae-young, and without additional context (e.g., title, plot, or network-specific clues), it is impossible to definitively determine the network. While some well-known 2009 dramas air on major networks like SBS or KBS, ambiguity remains due to insufficient specificity.",1.0,1,1.0,['KBS2'],1,1.0,1.0
Where was the armory at which Model 1840 flintlock musket was produced located? ,"In which city was the Springfield Armory, a producer of the Model 1840 flintlock musket, located?","['city of Springfield, Massachusetts']","['Springfield Armory, Springfield, Massachusetts']","The query specifies the model ('Model 1840 flintlock musket') and asks for the location of the armory responsible for its production. While the model number suggests a unique identification, historical records indicate that multiple U.S. armories (e.g., Springfield Armory) produced similar flintlock muskets during the mid-19th century. Additionally, the absence of temporal specificity (e.g., year of production) introduces ambiguity, as different armories may have produced variants of the same model across various periods. Thus, while the query provides sufficient detail to identify potential candidates, it lacks definitiveness due to historical variability.",0.5,0,1.0,"['Springfield, Massachusetts']",0,0.6666666667,1.0
"What movie included Robin Williams along with Joshua Aaron Charles, set in 1959 at a Vermont boarding school?",What movie starring Robin Williams was set in 1959 at a Vermont boarding school?,['Dead Poets Society'],['Dead Poets Society'],"The query specifies three key elements: (1) a movie featuring Robin Williams and Joshua Aaron Charles, (2) set in 1959, and (3) located in a Vermont boarding school. While Robin Williams is a well-known actor, the inclusion of 'Joshua Aaron Charles' introduces ambiguity. This name does not correspond to any prominent actor associated with a 1959 Vermont boarding school film. Additionally, no major motion picture matches this description. The specificity of the year (1959) and location (Vermont boarding school) further narrows possibilities, but the unclear reference to Joshua Aaron Charles makes the query underspecified due to potential errors in naming or lack of clarity.",1.0,1,1.0,['Dead Poets Society'],1,1.0,1.0
"What player mentioned in ""The Breaks of the Game"" was inducted into the Naismith Memorial Basketball Hall of Fame on May 10, 1993?","What player was inducted into the Naismith Memorial Basketball Hall of Fame on May 26, 1993?",['Bill Walton'],['Bill Walton'],"The query contains conflicting premises. 'The Breaks of the Game' is a book about baseball rules, not basketball. It does not mention any basketball players. Additionally, the Naismith Memorial Basketball Hall of Fame did not hold an induction ceremony on May 10, 1993; its 1993 class was inducted on May 26, 1993. The query combines unrelated concepts (baseball vs. basketball) and inaccuracies (incorrect induction date). These contradictions render the query impossible to resolve with existing knowledge.",1.0,1,1.0,['Connie Hawkins'],0,0.0,0.0
What position does the First Vice Captain of Juventus play?,"What position does Giorgio Chiellini, who served as the First Vice Captain of Juventus, play?",['centre-back'],['Forward'],"The query seeks the playing position of the 'First Vice Captain' of Juventus. While 'Vice Captain' is a common role in football teams, the term 'First Vice Captain' is not universally standardized or explicitly defined across clubs. This creates ambiguity about which specific player is being referenced. Additionally, without further clarification (e.g., naming the player or providing additional context), the query fails to specify a unique individual, making it impossible to definitively identify the position. The lack of specificity regarding the role's definition or the associated player renders the query underspecified.",0.0,0,0.0,['Center-back'],0,0.0,1.0
How many records did Shane Lynch sell as a member of Boyzone?,What were the total worldwide sales of albums and singles for Boyzone during Shane Lynch's entire tenure as a member?,['25 million'],['25 million records'],"The query seeks numerical data about Shane Lynch's record sales during his time with Boyzone. While it specifies the subject (Shane Lynch) and the group (Boyzone), critical details are missing: (1) 'records' refers to physical albums, singles, or streaming metrics? (2) Timeframe (e.g., entire career vs. a specific era)? (3) Source of data (e.g., chart performance, retail sales, streaming numbers)? These ambiguities prevent precise retrieval of the requested statistic, as multiple interpretations exist.",0.8,0,1.0,"[""Boyzone sold over 25 million records worldwide, including albums and singles, during Shane Lynch's tenure.""]",0,0.2352941176,1.0
"Which singer is younger, Terri Nunn or Sonya Scarlet? ","Considering Sonya Scarlet, the lead vocalist of the band Theatres des Vampires, which singer is younger, Terri Nunn or Sonya Scarlet?",['Sonya Scarlet'],['Sonya Scarlet'],"The query requires determining the ages of two individuals. Terri Nunn is a confirmed singer born on July 15, 1960. However, 'Sonya Scarlet' is either a non-existent figure, a mispronunciation (e.g., 'Sonia Santa'), or a fictional character. Without verified birth dates for both parties, the comparison cannot be resolved definitively. The ambiguity surrounding 'Sonya Scarlet' makes the query reliant on potentially inaccurate or incomplete information.",1.0,1,1.0,['Sonya Scarlet'],1,1.0,1.0
"Who is older, Ferdi Taygan or Mahesh Bhupathi?","Given that Ferdi Taygan was born on April 10, 1965, and Mahesh Bhupathi was born on June 7, 1974, who is older?",['Ferdi Taygan'],['Ferdi Taygan'],"The query explicitly compares the ages of two individuals by name. To resolve this, the system must retrieve their birthdates from external knowledge. While the query provides sufficient context (names of specific historical figures), it lacks explicit temporal data (exact birth dates). Since the answer hinges on factual knowledge outside the query itself, the query is considered underspecified as it does not include the necessary chronological information to definitively answer the question without relying on pre-existing data.",1.0,1,1.0,['Ferdi Taygan'],1,1.0,1.0
The was the album with the song  Unbelievable by American rapper The Notorious B.I.G released?,"When was American rapper The Notorious B.I.G.'s debut album, Ready to Die, released?","['September 13, 1994']",['Ready to Die'],"The query seeks to identify the album containing the song 'Unbelievable' by The Notorious B.I.G. and its release date. While the query specifies the song title, artist, and genre (American rapper), critical inconsistencies arise. First, 'Unbelievable' is not a known track by The Notorious B.I.G., who is famously associated with songs like 'Juicy,' 'My Lord,' and 'Hold It紧.' Second, the phrase 'The was the album...' appears grammatically flawed and nonsensical, suggesting possible typos or errors in phrasing. Additionally, the query lacks clarity on whether the song exists in the artist's discography, rendering the request ambiguous. Without confirming the existence of 'Unbelievable' in The Notorious B.I.G.'s catalog, the query cannot be fully resolved.",0.0,0,0.0,"['September 13, 1994']",1,1.0,1.0
The We The People Amendment was introduced by the U.S. Representative for what congressional district?,"The We The People Amendment, a proposed constitutional amendment to overturn the Supreme Court's Citizens United decision, was introduced by the U.S. Representative for what congressional district?","[""Minnesota's 8th congressional district""]","[""Ohio's 9th congressional district""]","The query asks for the congressional district of the U.S. Representative who introduced the 'We The People Amendment.' While the term 'We The People' may reference historical or contemporary legislative efforts, the phrase is ambiguous. Key ambiguities include: 1) Identifying which specific amendment is being referenced (e.g., the 27th Amendment, a modern proposal, or a hypothetical bill). 2) Determining if the question refers to a single representative or multiple legislators. Without clarification on the amendment's identity or the specific representative, the query cannot be resolved definitively. Additionally, the term 'We The People Amendment' is not standardized, leading to potential confusion between constitutional amendments, proposed legislation, or unrelated initiatives.",0.5,0,0.0,"[""Ohio's 9th congressional district""]",0,0.5,0.0
What is the height of the tallest mountain from which the Glen River flows?,"What is the height of the tallest mountain from which the Glen River in the Mourne Mountains, Northern Ireland, flows?",['850 m'],['850 meters'],"The query lacks sufficient geographic specificity. 'Glen River' is not uniquely identified in standard geography databases; there may be multiple rivers with similar names in different regions (e.g., Scotland, Canada, New Zealand). Additionally, the tallest mountain a river flows from depends on the river's origin and watershed. Without clarifying which Glen River or region is intended, the query cannot be resolved definitively.",0.5,0,1.0,['850 meters'],0,0.5,1.0
Which team based in South Wales participated in a final game of 1980 Welsh Cup Final?,Which team based in South Wales won the 1980 Welsh Cup Final?,['Newport County'],['Newport County'],"The query seeks information about a specific historical sports event. The key components include: 'team based in South Wales', '1980 Welsh Cup Final'. Historical records indicate that the 1980 Welsh Cup Final was contested between Swansea City and Newport County, both of which are based in South Wales. Since the query does not distinguish between the two teams (both qualify as 'based in South Wales'), the question lacks specificity in identifying a singular answer. This ambiguity arises because the query's phrasing permits multiple valid responses, rendering the query underspecified.",1.0,1,1.0,['Newport County'],1,1.0,1.0
"What is the birthdate of this King of Italy, claiming thrones of Ethiopia and Albania and father of Princess Yolanda of Savoy?","What is the birthdate of the King of Italy who reigned from 1900 to 1946, claimed the thrones of Ethiopia and Albania, and was the father of Princess Yolanda of Savoy?",['11 November 1869'],"['November 11, 1869']","The query seeks the birthdate of a historical figure described through multiple roles: King of Italy, holder of foreign thrones (Ethiopia and Albania), and father of Princess Yolanda of Savoy. While the Savoy dynasty is central to Italian royalty, no prominent king in Italian history simultaneously fits all these criteria. Ethnically, the 'King of Italy' typically refers to members of the House of Savoy, but claims over Ethiopia and Albania are historically implausible for such a figure. Additionally, Princess Yolanda of Savoy’s parentage is unclear; while she married Emperor Franz Josef I of Austria, her father was an archduke, not a Savoy king. These contradictions suggest ambiguity in identifying the subject, leading to uncertainty about the accuracy of the descriptors.",1.0,0,1.0,"['November 11, 1869']",0,1.0,1.0
"In 2010, what was the population for a state which is known for Annalee Dolls?","In 2010, what was the population of Meredith, New Hampshire, the town known for Annalee Dolls?","['6,241']","['1,316,470']","The query requires identifying the state associated with 'Annalee Dolls.' While 'Annalee Dolls' is a registered trademark of a company based in Pennsylvania, this connection is non-obvious to general audiences. The query depends on specialized knowledge about the origin of a niche product, which is not widely known. Without explicit clarification that the state in question is Pennsylvania, the query remains ambiguous. Additionally, while the year 2010 is explicitly stated, the lack of clarity about the state makes the query reliant on contextual assumptions rather than universal facts.",0.0,0,0.0,"['The population of Meredith, New Hampshire, in 2010 was 6,241.']",0,0.2,1.0
"When was the only long-term psychiatric hospital operated founded in a county in the USA with a population of 9,298 in 2010?","When was the only long-term psychiatric hospital operated in Menominee County, Michigan, founded?",['in 1877'],['The specific hospital and founding date are not provided in the question.'],"The query specifies a narrow geographic constraint (a county in the U.S. with a 2010 population of 9,298) and seeks the founding date of the 'only' long-term psychiatric hospital in that area. While the population threshold and uniqueness of the facility are clearly defined, the critical missing element is the **name of the specific county**. Although small populations may correlate with remote or rural counties, no single county universally matches this description. Without explicit identification of the county (e.g., 'Smith County'), the query cannot be resolved definitively. Additionally, historical records of psychiatric hospitals in such isolated locations may be sparse or non-existent, further complicating verification.",0.1666666667,0,0.0,['1913'],0,0.0,0.0
When was the  former Indian cricketer who made his ODI debuts during the 2000 ICC KnockOut Trophy born? ,When was the former Indian cricketer Zaheer Khan born?,['7 October 1978'],"['July 8, 1972']","The query references the '2000 ICC KnockOut Trophy,' but this tournament does not exist historically. The closest relevant event is the 2000 ICC World Cup Qualifiers, which India did not qualify for. Additionally, the term 'ICC KnockOut Trophy' appears to be a misnomer or non-existent tournament. Without clarity on the specific tournament, the player's identity remains ambiguous. Multiple Indian cricketers could have made ODI debuts around that timeframe, further contributing to underspecification.",0.0,0,0.0,"['October 7, 1978']",0,1.0,1.0
 Who was the founder of a chain of supermarkets that is now headquartered on Nott Street in Schenectady?,"Who was the founder of the Price Chopper supermarket chain, which was headquartered on Nott Street in Schenectady?",['Joseph E. Grosberg'],['Howard DeMuth'],"The query provides a specific location (Nott Street, Schenectady) and specifies the subject as a 'chain of supermarkets.' While the location is geographically precise, the term 'supermarket chain' is broad and lacks unique identifiers. Multiple supermarket chains could potentially operate in Schenectady, and the query does not specify further details (e.g., chain name, historical context, or industry-specific clues). Additionally, the absence of explicit references to well-known brands or contextual markers makes it impossible to conclusively determine the intended target. This ambiguity renders the query underspecified.",0.0,0,0.0,['Ben Golub'],0,0.0,0.0
What type of structure does 277 Park Avenue and 126 Madison Avenue have in common?,What common category of physical structure do 277 Park Avenue and 126 Madison Avenue belong to in New York City?,['building'],['Both are skyscrapers.'],"The query asks for the common structural type between two specific Manhattan addresses. While 277 Park Avenue (formerly Sony Tower) and 126 Madison Avenue (Goldman Sachs Headquarters) are both prominent skyscrapers in NYC, the term 'structure' is vague. Without explicit clarification (e.g., 'skyscraper,' 'high-rise,' or architectural style), the answer relies on contextual assumptions. The query assumes the reader recognizes both as tall buildings, but 'structure' could refer to materials, engineering systems, or historical classification. Since the query lacks specificity about the type of structural detail being sought (e.g., height, material, function), it risks ambiguity.",0.0,0,0.25,['Skyscrapers'],0,0.0,0.25
Who replaced the manager of the Aston Villa that began at Leeds United?,Who replaced the Aston Villa manager who had previously managed Leeds United?,"[""Martin O'Neill""]",['Unai Emery'],"The query contains ambiguous references. 'The manager of the Aston Villa' implies a specific individual, but 'that began at Leeds United' is vague—does it refer to the manager's origin (starting their career at Leeds), their previous role (transferring from Leeds to Aston Villa), or some other connection? Furthermore, the phrase 'replaced' requires temporal context (when did the replacement occur?) and specificity about which manager at Aston Villa is being referred to. Without clarifying these points, the query lacks sufficient details to identify a unique answer.",0.0,0,0.0,['Unai Emery'],0,0.0,0.0
What number installment of the Ghost School and Ghost School Horror was the film Voice?,What number installment was the film Voice in the Ghost School/Ghost School Horror film series?,['4'],['Voice is the fourth installment of the Ghost School series.'],"The query seeks to identify the installment number of a film titled 'Voice' within two franchises: 'Ghost School' and 'Ghost School Horror'. While the user specifies both series, there is ambiguity regarding the existence of a film titled 'Voice' in either franchise. Additionally, the term 'installment' implies a numbered sequence within a series, but without clear confirmation that 'Voice' is part of either series, the query lacks specificity. Furthermore, the phrasing 'Ghost School and Ghost School Horror' may refer to distinct properties rather than a single series, complicating the determination of a unified installation numbering system.",0.0,0,1.0,['Voice was the fourth installment in the Ghost School Horror film series.'],0,0.0,1.0
Palestine Brigade RAF was a response to which English soldier's request for an air formation?,"Which English Field Marshal, commanding the Egyptian Expeditionary Force during the World War I campaign in Palestine, requested the establishment of significant air formations to support his ground operations?",['Field Marshal Edmund Henry Hynman Allenby'],['Brigadier-General William Dobbie'],"The query appears to reference a historical military unit (the Palestine Brigade RAF), which was established in 1940 as part of the Royal Air Force during World War II. However, there is no widely documented historical record indicating that this unit was specifically created in response to a request by an 'English soldier' for an 'air formation.' The phrase 'English soldier's request' introduces ambiguity, as no verified source connects the formation of the Palestine Brigade to such a singular, personal request. Additionally, the terminology may confuse the Palestine Brigade with other units (e.g., the Palestine Regiment) or mix up operational contexts. The lack of clarity regarding the timeline, specific event, or historical precedent makes the query underspecified.",0.0,0,0.0,['Field Marshal Edmund Allenby'],0,0.8,0.75
What is the seventh book of the Hebrew and Christina bible and also has Quran references to the river drinking experience?,What is the seventh book of the Hebrew Bible (Tanakh) and the Christian Old Testament that describes a significant event involving a river drinking experience?,['Book of Judges'],['The Book of Judges'],"The query combines multiple elements that are either ambiguously defined or inconsistent. First, 'Hebrew and Christina bible' likely contains a typographical error ('Christina' should be 'Christian'). The seventh book of the Hebrew Bible (Tanakh) is typically considered to be the Book of Judges, while the Christian Bible follows a slightly different structure, but still places Judges as the seventh book in the Old Testament. However, the second part introduces ambiguity: the phrase 'has Quran references to the river drinking experience' lacks clarity. There is no direct textual link between the Book of Judges and Quranic references to a 'river drinking experience.' Additionally, the Quran does not explicitly reference the Book of Judges, nor is there a clear canonical text that connects both components. The query conflates separate religious texts (Bible vs. Quran) without sufficient context to resolve contradictions or overlaps.",1.0,1,1.0,['Judges'],0,0.5,0.75
Bobby Bowden coached which former Toronto Blue Jays minor league baseball player?,Which former Toronto Blue Jays minor league baseball player was also coached by Bobby Bowden in college football?,['Chris Weinke'],['Deion Sanders'],"The query seeks information about Bobby Bowden coaching a former Toronto Blue Jays minor leaguer. However, Bobby Bowden was a college football coach (not baseball) and is not historically associated with baseball coaching roles. The query assumes a connection between Bowden and baseball that does not align with factual records. Additionally, while the Toronto Blue Jays do have minor league affiliates, the specificity of 'coached by Bobby Bowden' introduces ambiguity without clear contextual links. This creates a mismatch between the query's assumptions and available data, rendering the question underspecified due to conflicting or non-existent information.",0.0,0,0.0,['Bo Jackson'],0,0.0,0.0
"When ""Good Night"" was aired on ""The Simpsons 138th Epsiode Spectacular,"" which actress did the voice of the character named after Matt Groening's mother?","In the ""Good Night"" short, which was featured on ""The Simpsons 138th Episode Spectacular,"" which actress voiced Marge Simpson, the character named after Matt Groening's mother?",['Julie Kavner'],['Julie Kavner'],"The query contains multiple ambiguities and factual inconsistencies. First, 'The Simpsons 138th Episode Spectacular' is likely a fabricated or non-existent event, as The Simpsons has only produced approximately 650+ episodes as of 2023. Second, the episode titled 'Good Night' does not appear in official Simpsons archives. Third, while Matt Groening's mother is named Evelyn, no known Simpsons character is directly named after her. The query also conflates the concept of an episode airing on a special event with the actual production timeline. These factors make the query rely on speculative or fictional premises rather than concrete, verified information.",1.0,1,1.0,['Julie Kavner'],1,1.0,1.0
"What platinum selling track was included on the album ""The Warrior's Code"" with lyrics by Woody Guthrie?","In the ""Good Night"" short, which was featured on ""The Simpsons 138th Episode Spectacular,"" which actress voiced Marge Simpson, the character named after Matt Groening's mother?","[""I'm Shipping Up to Boston""]","[""I'm Shipping Up to Boston""]","The query contains multiple ambiguities and factual inconsistencies. First, 'The Simpsons 138th Episode Spectacular' is likely a fabricated or non-existent event, as The Simpsons has only produced approximately 650+ episodes as of 2023. Second, the episode titled 'Good Night' does not appear in official Simpsons archives. Third, while Matt Groening's mother is named Evelyn, no known Simpsons character is directly named after her. The query also conflates the concept of an episode airing on a special event with the actual production timeline. These factors make the query rely on speculative or fictional premises rather than concrete, verified information.",1.0,1,1.0,['Julie Kavner'],0,0.0,0.0
John ruskin named his album due to a removal of what?,"What was removed, leading the musician John Ruskin to name his album?",['marker pen'],['A rib'],"The query references ""John Ruskin"" and an album, but John Ruskin (a 19th-century art critic) is not associated with music or albums. This suggests a potential misattribution or confusion with another individual (e.g., a musician). Additionally, the phrase ""due to a removal of what?"" requires contextual clues about the album's theme, title, or historical background to identify the specific element being removed. Without clarification on these aspects, the query remains ambiguous and unsolvable.",0.0,0,0.0,['A statue of Edward Colston.'],0,0.0,0.0
Theme Park Inc is a video game that created what sequel in North America in 1999?,What sequel to the video game 'Theme Park' was released in North America in 1999?,['Sim Theme Park'],['SimTheme Park'],"The query seeks to identify a sequel to 'Theme Park Inc' released in North America in 1999. While the query specifies key details (game title, region, year, and type of product), 'Theme Park Inc' is not a recognized video game franchise. This lack of contextual clarity regarding the existence or identity of 'Theme Park Inc' creates ambiguity. Additionally, no widely known sequel by this title exists in the specified timeframe or region. Without confirmation of the original game's validity or additional context, the query remains underspecified due to potential factual inaccuracies or missing references.",0.4,0,1.0,['SimTheme Park'],0,0.4,1.0
What musical was inspired by the films that included Ruth Leuwerik's best known role?,What musical was inspired by the films that featured Ruth Leuwerik's portrayal of Maria von Trapp?,['The Sound of Music'],['The Sound of Music'],"The query requires identifying Ruth Leuwerik's best-known role, determining which films feature that role, and finding a musical inspired by those films. While Ruth Leuwerik is a real person (a Dutch actress), her best-known role is ambiguous without explicit clarification. She appears in films like *The Da Vinci Code* (2006) and *Sweeney Todd: The Demon Barber of Fleet Street* (2007). However, the musical *Sweeney Todd* (1971) predates the 2007 film, and the latter was adapted from the musical, not inspired by it. Additionally, the query conflates film and musical origins ambiguously. Without definitive confirmation of Ruth Leuwerik's most iconic role or its cinematic context, the query lacks sufficient specificity.",1.0,1,1.0,['The Sound of Music'],1,1.0,1.0
"In which year did this Russian actress  who produced and performed in the 1922 American silent drama film ""A Doll's House"" immigrate to the United States?","In which year did Alla Nazimova, who produced and performed in the 1922 American silent drama film ""A Doll's House"", immigrate to the United States?",['1905'],['1920'],"The query references a 'Russian actress' linked to the 1922 film *A Doll's House*. While the film's title and year are clear, the identification of the specific actress is ambiguous. Multiple actresses could have been involved in the film, and historical records do not definitively confirm a single Russian actress in this role. Additionally, the term 'immigrated to the United States' implies the actress arrived in the U.S., but the query does not specify when she was born or where she originated before immigration. Without explicit confirmation of the actress's identity or birthplace, the query lacks sufficient constraints to produce a unique answer.",0.0,0,0.0,['1905'],1,1.0,1.0
A golfer born in 1993 participated in which tournament?,"Which tournament did Jordan Spieth, a golfer born in 1993, participate in?",['2015 FedEx Cup'],['Need more details to specify the golfer and tournament.'],"The query provides the birth year (1993) of the golfer but does not specify which individual or additional criteria (e.g., name, profession, notable achievements, or tournament type). There are numerous professional golfers born in 1993, and without further distinguishing information, it is impossible to definitively determine which tournament the subject participated in. The lack of uniqueness in the identifier ('a golfer') renders the query unable to produce a single, unambiguous answer.",0.0,0,0.0,"['Jordan Spieth has participated in numerous tournaments, including The Masters, U.S. Open, The Open Championship, and PGA Championship.']",0,0.0,0.0
"Where is the county seat for people living in Henderson Point, Mississippi?","What are the county seats of Harrison County, Mississippi?","['Gulfport, Biloxi']","['Gulfport, Mississippi']","The query seeks the county seat for a location called 'Henderson Point' in Mississippi. To resolve this, two key steps are required: (1) confirming that 'Henderson Point' is a valid and existing geographic entity within Mississippi, and (2) determining which county it resides in. However, 'Henderson Point' appears to be either a non-existent or incorrectly spelled location. Mississippi does not have a widely recognized municipality by that name. Additionally, even if it were a valid location, the query lacks explicit identification of the county (e.g., 'Henderson County'). Without clarification on both the validity of the location and its associated county, the query remains ambiguous and insufficiently defined.",0.5,0,0.25,['Gulfport' 'Biloxi'],0,0.6666666667,0.5
"Who directed the black comedy in 1984 that started the American actress and singer best known for her role as Sally Morrison on ""My Three Sons""?","Who directed the 1984 black comedy film 'The Ratings Game', which starred American actress and singer Rhea Perlman?",['Bruce R. Cook'],['Paul Bartel'],"The query requires identifying a 1984 black comedy film featuring an actress known for portraying Sally Morrison on 'My Three Sons.' While the genre, year, and role are specified, the reference to 'Sally Morrison' may be ambiguous (e.g., the character is not explicitly tied to a canonical source). Additionally, the phrase 'started the American actress and singer' introduces uncertainty about which film marked the beginning of the actress's career. Multiple actors could have played Sally Morrison in different iterations of the show, and the connection between the 1984 film and the actress's early career is unclear without explicit confirmation of the performer's identity.",0.0,0,0.0,['Danny DeVito'],0,0.0,0.0
"On November 2, 2010, John Spratt lost to an AMerican politician who served in the South Carolina General Assembly from 2007 until when?","On November 2, 2010, John Spratt lost to Mick Mulvaney, who served in the South Carolina General Assembly from 2007 until when?",['2011'],['2011'],"The query provides a specific date (November 2, 2010), identifies John Spratt as the loser, and specifies that the opponent was a South Carolina General Assembly member starting in 2007. However, the query lacks critical information: the name of the opponent politician. While historical knowledge may allow identification of the individual (e.g., Lindsey Graham), the query itself does not explicitly name them. This omission creates ambiguity about which politician is being referenced, making the query dependent on external contextual knowledge rather than being self-contained. Additionally, the phrasing 'served in the South Carolina General Assembly from 2007 until when?' implies uncertainty about the exact endpoint, further complicating resolution.",1.0,1,1.0,['2011'],1,1.0,1.0
which  American conglomerate company is  a subsidiary of Trump Entertainment Resorts ,Which American conglomerate company became the parent company of Trump Entertainment Resorts?,['Icahn Enterprises L.P.'],"['Trump Plaza Associates, LLC']","The query asks for an American conglomerate subsidiary of Trump Entertainment Resorts. While Trump Entertainment Resorts is known to own properties like Mar-a-Lago, there is no widely recognized or publicly documented subsidiary of this entity that qualifies as a 'conglomerate' (a multinational corporation with diversified operations across multiple industries). The term 'conglomerate' implies significant diversification, which is not typically associated with Trump Entertainment Resorts' portfolio. Additionally, the query lacks specificity regarding which subsidiary or industry sector is being referenced, leading to ambiguity.",0.0,0,0.0,['Icahn Enterprises'],0,0.8,0.75
When did the game which held three times in  in East Asia first held ,"When were the Olympic Games, which have been held three times in East Asia, first held?",['in 1896'],"['The Olympic Games were first held in East Asia in 1964 in Tokyo, Japan.']","The query is underspecified due to several issues: 1) A missing word in 'three times in  in East Asia' (likely intended as 'three times in East Asia'), creating ambiguity about the event's location and frequency. 2) Reference to 'the game' without identifying which specific game (e.g., Olympic games, Asian Games, etc.) is being asked about. 3) Grammatical redundancy in 'first held', which repeats the core inquiry. Without specifying the exact event or clarifying the temporal details, the query cannot be resolved definitively.",0.1333333333,0,0.0,['1964'],0,0.0,0.0
What is the population of the town at the intersection of Interstate Highways 77 and  the longest Interstate highway within the borders of Virginia?,"What was the population of the town of Wytheville, Virginia, located at the intersection of Interstate Highways 77 and 81, according to the 2010 census?","['8,211 at the 2010 census']","['The population of Wytheville, Virginia, is approximately 8,000.']","The query requires identifying the 'longest Interstate highway within the borders of Virginia.' While Interstate 64 is commonly cited as the longest Interstate in Virginia, this is not definitively established in public records. Additionally, the intersection of Interstate 77 with the longest Interstate in Virginia could refer to multiple locations depending on the definition of 'longest' (e.g., total length vs. segment within Virginia). Without explicit clarification on which specific Interstate qualifies as the 'longest,' the query remains ambiguous. Furthermore, the term 'town' could apply to non-municipal areas, adding uncertainty.",0.0,0,0.5,"['8,211']",0,0.4,1.0
These three apps that have similar functionality to Google for Education are compatible with what Microsoft file format?,Applications offering similar functionality to Google for Education are compatible with the file formats of which Microsoft productivity suite?,['Microsoft Office'],"['Microsoft Word (.docx)' 'Microsoft Excel (.xlsx)'
 'Microsoft PowerPoint (.pptx)']","The query references 'these three apps' but does not name them, leaving ambiguity about which specific applications are being referred to. While Google for Education (Google Workspace) competes with platforms like Microsoft 365, SharePoint, and OneDrive, the term 'similar functionality' could apply to numerous alternatives. Additionally, the question assumes prior knowledge of the three apps, which may not be universally known. Since the identity of the apps is unspecified, the compatibility with specific Microsoft file formats cannot be definitively answered without further context.",0.4,0,0.25,['Microsoft Office'],1,1.0,1.0
"The younger brother, who became king, of Princess Mafalda of Savoy reigned for how many days?","For how many days did Umberto II of Italy, the younger brother of Princess Mafalda of Savoy (1902–1944), reign as King of Italy?",['34 days'],['34 days'],"The query requires identifying the specific historical figure referenced. 'Princess Mafalda of Savoy' is ambiguous as multiple individuals share this name, and the relationship between the princess and the king is unclear. Additionally, the text does not specify a particular country, dynasty, or timeframe, making it impossible to determine the exact reign length without further contextual clues. Historical records may lack clarity on this specific lineage or event.",1.0,1,1.0,['- 34 days'],1,1.0,1.0
" ""Prostitute"" is a song written by Axl Rose and Paul Tobias with additional work by an American guitarist has played in two different bands on a list of what? ","What is the name of the list that includes artists such as Axl Rose and Paul Tobias, who wrote the song 'Prostitute' (with additional work by an American guitarist who has played in two different bands)?",['100 Greatest Artists of Hard Rock'],"[""A list of Guns N' Roses songs.""]","The query seeks to identify the specific 'list' that includes the song 'Prostitute,' which was written by Axl Rose and Paul Tobias with contributions from an American guitarist associated with two bands. While the songwriters and the guitarist's band experience are clearly stated, the critical missing element is the **specific type or context of the list** (e.g., a music chart, a collaborative project list, a band roster, or a songwriter credits list). The ambiguity lies in determining which list the question refers to, making the query incomplete without clarifying the target list's purpose or source.",0.1666666667,0,0.0,['Chinese Democracy songwriting credits'],0,0.0,0.0
What is the nationality of the most praised player in the 2002–03 Olympique de Marseille season?,What is the nationality of the defender who scored the most goals for Olympique de Marseille in the 2002–03 season?,['Belgian'],['Ivory Coast'],"The query specifies a particular team (Olympique de Marseille) and season (2002–03), which narrows the scope of players under consideration. However, the term 'most praised' is ambiguous and not operationally defined. It depends on subjective criteria such as fan opinion, media coverage, or statistical performance metrics, none of which are explicitly stated in the query. This ambiguity prevents unambiguous identification of the player, making the query underspecified.",0.0,0,0.0,['Cameroonian'],0,0.0,0.0
"When was the movie released that starred an American male actor born on February 28, 1923 and was written by Christopher Knopf?","When was the movie released that starred **Charles Durning**, an American male actor born on February 28, 1923, and was written by Christopher Knopf?","['December 23, 1977']","[""The movie 'The Proud Ones,' starring American actor Charles Durning (born February 28, 1923) and written by Christopher Knopf, was released in 1956.""]","The query provides two key constraints: (1) an American male actor born on February 28, 1923, and (2) a movie written by Christopher Knopf. While the actor’s birthdate narrows the pool of potential candidates, there may be multiple individuals sharing that birthdate. Additionally, 'Christopher Knopf' is not a widely recognized filmographer, and his association with films remains unclear. Without further context (e.g., movie titles, genres, or additional actors), the combination of these clues does not definitively identify a singular movie. Thus, the query lacks sufficient uniqueness to guarantee a precise answer.",0.0,0,0.0,"[""The movie 'The Man Who Broke 1,000 Chains' was released on October 18, 1987.""]",0,0.0,0.0
Who was an American senior operations officer for the Central Intelligence Agency for 30 years and worked for Eclipse Group?,"Who was an American senior operations officer for the Central Intelligence Agency for 30 years, and after retiring, co-founded and worked for the private intelligence firm Eclipse Group?","['Duane ""Dewy"" Clarridge']",['Duane Clarridge'],"The query seeks to identify an individual based on two distinct professional roles: a 30-year tenure as a senior operations officer at the CIA and prior/worked-at Eclipse Group. Key ambiguities include: (1) the historical accuracy of a 30-year CIA career (as most agency positions have maximum terms), (2) the identity of 'Eclipse Group' (a vague or obscure reference), and (3) the lack of temporal clarity—whether the 30-year tenure preceded or followed work at Eclipse Group. These factors create insufficient constraints to uniquely pinpoint an individual.",0.8,0,0.75,['Duane R. Clarridge'],0,0.6666666667,1.0
"Although a dependent territory remains politically outside of the controlling state's integral area, what else can it contain?","Although a dependent territory remains politically outside of the controlling state's integral area, what national symbols of the controlling state can it still display?",['the flags'],['A degree of autonomy or self-governance.'],"The query seeks to identify characteristics or components of a dependent territory beyond its political status. While 'dependent territory' is defined, the phrase 'what else can it contain?' is ambiguous. The scope of 'contain' could refer to geographic features, administrative entities, populations, legal systems, economic assets, or cultural elements. Without clarification on the specific dimension(s) being asked (e.g., geopolitical, socioeconomic, infrastructural), the query lacks sufficient specificity to yield a precise answer. Additionally, the definition of 'integral area' may vary across contexts, further complicating the interpretation.",0.0,0,0.0,['Flag' 'Coat of arms' 'National anthem'],0,0.0,1.0
Ara Berberian sand for which role an opera by Giuseppe Verdi?,Which role did Ara Berberian sing in Giuseppe Verdi's opera *Rigoletto*?,['Sparafucile'],"[""Ara Berberian sang the role of Sparafucile in Giuseppe Verdi's opera *Rigoletto*.""]","The query contains several ambiguities and inconsistencies. First, 'Ara Berberian' appears to be a misspelling or misinterpretation; the name does not correspond to a known figure in classical music. Second, 'sand' is irrelevant to the context of opera roles. Third, the phrase 'for which role an opera by Giuseppe Verdi?' is grammatically awkward and semantically unclear. Even if interpreted as 'which role did [a performer] sing in a Verdi opera?', the critical missing element is identification of the specific opera or performer (assuming 'Ara Berberian' refers to a real individual). Additionally, the lack of clarity around the relationship between the subject ('sand') and the requested information further undermines specificity.",0.1666666667,0,1.0,['Sparafucile'],1,1.0,1.0
What muffler repair shop owner inspired Andrey Zvyagintsev's film Leviathan?,"Which real-life muffler repair shop owner, known for his conflict with local authorities, provided thematic inspiration for Andrey Zvyagintsev's film Leviathan?",['Marvin John Heemeyer'],['Dmitry Mezhuev'],"The query seeks a real-world 'muffler repair shop owner' as the source of inspiration for a character in Andrey Zvyagintsev's film *Leviathan*. However, the film's narrative and its titular character (Kolya), a muffler repair shop owner, are primarily fictional constructs derived from Zvyagintsev's own creative vision and thematic exploration of Soviet-era Russia. There is no documented real-person counterpart to this character in historical records or biographical contexts. The query assumes a direct link to a real individual, which may not align with the film's artistic origins. Additionally, the phrase 'inspired' could refer to cultural motifs or symbolic representations rather than a literal person, further complicating the specification.",0.0,0,0.0,['Dmitri Yefremov'],0,0.0,0.0
When was the younger brother of Farshid Karimi born ?,When was the younger brother of the Iranian footballer Farshid Karimi born?,['8 November 1978'],"[""Farshid Karimi's younger brother's birthdate is not publicly available.""]","The query refers to 'Farshid Karimi' and asks about his 'younger brother,' but fails to specify which individual named Farshid Karimi is being referenced (there could be multiple persons with this name). Additionally, while 'younger brother' implies a familial relationship, the query does not provide sufficient contextual clues (e.g., full name, nationality, profession) to uniquely identify the target individual or their sibling. Without further constraints, the query cannot be resolved definitively.",0.0,0,0.0,"[""Mehdi Karimi, Farshid Karimi's younger brother, was born on September 20, 1981.""]",0,0.0,0.0
Which Outer Banks landmark and premiere BBQ restaurant has been featured in the magazine Southern Living?,Which premiere BBQ restaurant located in the Outer Banks has been featured in Southern Living magazine?,"[""Pigman's Bar-B-Que""]",['Corolla Village BBQ'],"The query seeks a singular entity that satisfies two distinct criteria: being both a 'landmark' and a 'premier BBQ restaurant' in Outer Banks, while also having been featured in Southern Living. While 'Outer Banks' provides geographic context, the overlap between a 'landmark' (typically non-commercial, culturally significant site) and a 'BBQ restaurant' (a commercial food establishment) creates conceptual ambiguity. Additionally, although Southern Living is a specific source, the query lacks explicit temporal constraints (e.g., year of publication) or further qualifiers to disambiguate potential candidates. Without confirming that any such dual-role entity exists in Outer Banks, the query remains underspecified.",0.0,0,0.0,['High Cotton Barbeque'],0,0.0,0.0
The casino owner who was focused on the documentary Nobody Speak: Trials of the Free Press focuses belongs to which nationality? ,"Considering the documentary 'Nobody Speak: Trials of the Free Press' examines issues of free press, what is the nationality of prominent casino owner Sheldon Adelson?",['American'],['American'],"The query contains grammatical ambiguities and unclear references. Key issues include: 1) 'focused on' likely refers to the documentary's focus rather than the casino owner's actions, but the phrasing is convoluted. 2) The documentary 'Nobody Speak: Trials of the Free Press' is unrelated to casinos or notable casino owners, as it centers on legal trials related to free press, not gambling. 3) The query fails to explicitly identify a specific casino owner or clarify how the documentary connects to the subject. Without precise context or explicit linkage, the query cannot resolve the intended entity.",1.0,1,1.0,['American'],1,1.0,1.0
Gleanntáin Ghlas' Ghaoth Dobhair is a song that can be heard in pubs licensed to serve what?,"Considering the documentary 'Nobody Speak: Trials of the Free Press' examines issues of free press, what is the nationality of prominent casino owner Sheldon Adelson?",['alcoholic drinks'],['Alcohol'],"The query contains grammatical ambiguities and unclear references. Key issues include: 1) 'focused on' likely refers to the documentary's focus rather than the casino owner's actions, but the phrasing is convoluted. 2) The documentary 'Nobody Speak: Trials of the Free Press' is unrelated to casinos or notable casino owners, as it centers on legal trials related to free press, not gambling. 3) The query fails to explicitly identify a specific casino owner or clarify how the documentary connects to the subject. Without precise context or explicit linkage, the query cannot resolve the intended entity.",0.0,0,0.75,['American'],0,0.0,0.0
who starred in the English-language Danish experimental horror film  which  Lars von Triers received award for ,Who starred in the English-language Danish experimental horror film for which Lars von Triers won Best Director at the 2009 Cannes Film Festival?,['Willem Dafoe'],['Willem Dafoe' 'Charlotte Gainsbourg'],"The query seeks information about a film that meets multiple contradictory criteria: being 'English-language', 'Danish', and 'experimental horror'. While Lars von Triers directed *Antichrist* (2009), a Danish experimental horror film, it is primarily in Danish with limited English dialogue. The term 'English-language' suggests the primary language should be English, which conflicts with its Danish origin. Additionally, the phrase 'received award for' lacks specificity regarding which award or context (e.g., Cannes, Berlinale). Without clarifying the exact film or award, the query remains ambiguous due to overlapping and conflicting descriptors.",1.0,1,1.0,['Willem Dafoe' 'Charlotte Gainsbourg'],1,1.0,1.0
When was the football club founded in which Walter Otto Davisplayed at centre forward?,"When was Southampton F.C., the football club for which Walter Davis played at centre forward, founded?",['1885'],['1889'],"The query requires identifying a football club associated with Walter Otto Davi (likely a misspelled or incomplete name), but the name 'Walter Otto Davi' is either non-existent, incorrectly spelled, or ambiguous. Even assuming it refers to a real individual, the lack of clarity around their identity (e.g., 'Davii', 'Davies', or another variant) renders the subject indeterminate. Additionally, no further contextual clues (such as nationality, team, or era) are provided to resolve ambiguity. Without precise identification of the player and club, the question cannot be answered definitively.",0.0,0,0.0,['1885'],1,1.0,1.0
"When was the director of an American short slasher film with French-speaking serial killers that was released on October 31, 2011 born?","When was the director of the American short slasher film *Terrifier*, which was released on October 31, 2011, born?","['June 11, 1986']","['July 5, 1983']","The query specifies a narrow set of constraints: an American short slasher film, featuring French-speaking serial killers, released on October 31, 2011. While the release date and genre are precise, the combination of 'short slasher' and 'French-speaking serial killers' creates ambiguity. No widely known film meets all three criteria simultaneously. Additionally, the term 'short slasher' is vague—there is no universally recognized film under this exact descriptor. Without a definitive title, the query lacks sufficient specificity to identify a singular, unambiguous subject.",0.0,0,0.0,"['Damien Leone, the director of *Terrifier*, was born on January 21, 1981.']",0,0.0,0.0
What running back ended his career in 2006 and was one of the rushers Matt O'Dwyer blocked for?,"What running back, who ended his NFL career in 2006, played on the same team as offensive lineman Matt O'Dwyer and had O'Dwyer block for him during rushing plays?",['Curtis Martin'],['Edgerrin James'],"The query seeks a running back who (1) concluded their NFL career in 2006 and (2) was blocked by Matt O'Dwyer during a play. While 'Matt O'Dwyer' is a specific person (a defensive end who played for the Patriots in the early 2000s), the phrase 'blocked for' introduces ambiguity. It could imply O'Dwyer blocked the running back's path (e.g., in a pass coverage or rushing attempt). However, the exact context of the play, the sport's rules, and the timeline of events (retirement vs. game-specific actions) lack sufficient specificity. Additionally, multiple runningbacks could have ended careers in 2006, and verifying O'Dwyer's role in blocking a particular individual requires external data not provided in the query.",0.0,0,0.0,['Corey Dillon'],0,0.0,0.0
"1995's ""Highest paid model"" according to Forbes played a what in the film ""Fair Game""?","What role did Cindy Crawford play in the film ""Fair Game""?",['family law attorney'],['Lawyer'],"The query seeks to identify a specific individual (the 'highest paid model' in 1995 according to Forbes) and their role in the film 'Fair Game'. While the query provides contextual clues (year, source, film title), the phrase 'Highest paid model' is overly broad and does not uniquely identify a single person. Multiple models could have been ranked highly in 1995, and without explicit naming or further qualifiers, the query cannot be resolved definitively. Additionally, the relationship between the subject and their role in 'Fair Game' relies on external knowledge that may not align with historical records.",0.0,0,0.75,['Kate McQuean'],0,0.0,0.0
Who composed the theme music in 1989 of an animated television series which has the current arrangement by a person who  has scored or orchestrated music for more than 30 films and television shows?,"Who composed the theme music in 1989 for the animated television series that premiered that year, and whose iconic theme has a current arrangement by Alf Clausen, an individual with over 30 film and television scoring or orchestration credits?",['Danny Elfman'],['Danny Elfman'],"The query seeks the composer of a 1989 animated TV series' theme music, with the constraint that the current arrangement of that theme is by someone with >30 film/TV scoring/orchestration credits. While the year, genre (animated), and the arranger's experience threshold are specified, critical ambiguities remain: (1) The target TV series is not identified, leaving multiple possibilities (e.g., 'The Simpsons', 'Family Guy', etc.), and (2) The 'current arrangement' refers to a reworked version of the original theme, requiring inference about which artist's work fits both the historical timeline (1989) and modern arrangement attribution. Without explicit naming of the series or the arranger, the query relies heavily on contextual knowledge to narrow possibilities, rendering it underspecified.",1.0,1,1.0,['Danny Elfman'],1,1.0,1.0
Which Grammy Nominated album was created by a band whose members include John Bowman?,"Which Grammy Nominated album was created by the band The 432Hz Orchestra, whose members include John Bowman?","[""Nature's Symphony in 432""]",['Carrying the Tradition by The Nashville Bluegrass Band'],"The query asks for a Grammy-nominated album linked to a band containing John Bowman. While 'Grammy Nominated' provides contextual criteria, the critical ambiguity lies in identifying 'John Bowman' as a musician and determining which band (if any) he belongs to. There is insufficient information to confirm the existence of such a band or its associated album. Additionally, the query does not specify constraints like genre, year, or other band members, making it impossible to uniquely resolve the answer.",0.0,0,0.0,['The Green Album'],0,0.0,0.0
"Who did Muhummad Ali fight next, in Houston, after the so-called Fight of the Century with Joe Frazier?","Who was Muhammad Ali's very next professional opponent, in Houston, following his March 8, 1971 bout with Joe Frazier, known as the 'Fight of the Century'?",['Jimmy Ellis'],['Jimmy Ellis'],"The query asks for Muhammad Ali's next opponent after the 'Fight of the Century' (Ali vs. Joe Frazier in 1971), specifying the venue as Houston. Historical record shows Ali's immediate post-1971 bout was a rematch with Frazier in 1975 at Madison Square Garden in New York, not Houston. While Houston hosted notable boxing matches (e.g., Ali vs. Jerry Quarry in 1972), these occurred prior to the 1971 Fight of the Century. The specificity of 'Houston' introduces inconsistency with established facts, creating ambiguity about whether the intended reference is accurate or hypothetical.",1.0,1,1.0,['Jimmy Ellis'],1,1.0,1.0
The scientists who discovered Tedatioxetine were from what international pharmaceutical company?,What nationality of international pharmaceutical company would be associated with the discovery of a drug referred to as 'Tedatioxetine'?,['Danish international pharmaceutical company'],['Lundbeck'],"The query asks for the pharmaceutical company associated with the discovery of 'Tedatioxetine.' While the question includes specific terms ('scientifically accurate' details), the name 'Tedatioxetine' appears to be either non-existent (as no major pharmaceutical product by that name is recognized) or possibly a misspelling/mispronunciation of a different drug (e.g., 'Trazodone'). Additionally, the phrase 'international pharmaceutical company' introduces potential ambiguity, as multiple companies could fit this description. Without definitive evidence linking 'Tedatioxetine' to a specific company, the query lacks sufficient specificity to yield a reliable answer.",0.0,0,0.75,['Danish'],0,0.4,1.0
"Which was fought earlier in our nation's history, the Seven Days Battles or the Battle of Manila?",Which event occurred earlier in United States history: the Seven Days Battles (American Civil War) or the Battle of Manila (Spanish-American War)?,['The Seven Days Battles'],['The Seven Days Battles'],"The query asks for a comparison of two historical events based on their occurrence in 'our nation's history.' The term 'our nation' introduces ambiguity because it depends on the speaker's nationality/country. Additionally, 'the Battle of Manila' could refer to multiple historical engagements (e.g., 1898 Spanish-American War, 1768 British siege, etc.), while the Seven Days Battles are clearly tied to the American Civil War (1862). Without clarification on the intended 'nation' and precise definition of 'Battle of Manila,' the query lacks sufficient specificity to yield a definitive answer.",1.0,1,1.0,['The Seven Days Battles (American Civil War)'],0,0.6666666667,1.0
Who was the pivotal in the formation of schools catering for the primary and early secondary education of children in remote and outback Australia?,"Who pioneered the use of two-way radio for providing primary and early secondary education to children in remote Northern Territory, starting in the early 1950s?",['Adelaide Laetitia'],['John Flynn'],"The query is underspecified due to several critical ambiguities. First, 'pivotal' is too vague; it does not define what qualifies as 'pivotal' (e.g., political leader, educator, settler, etc.). Second, the temporal scope is missing—a specific time period is required to identify a single individual (e.g., 19th century vs. modern era). Third, while 'remote and outback Australia' narrows geographic focus, it still encompasses vast regional variations across Queensland, Northern Territory, WA, etc., each with distinct historical contexts. Finally, the term 'catering for primary and early secondary education' is overly broad, as educational systems evolved over time and may involve multiple stakeholders (government officials, missionaries, community leaders) rather than a singular 'pivotal' figure.",0.0,0,0.0,['Adelaide Miethke'],0,0.5,0.0
What is the name of the conditions that the radiologist who served as chief of radiology at the U.S. Army's flagship medical center from 1909 to 2011?,What are the names of the radiological signs associated with Aubrey Otis Hampton?,"[""Hampton's hump and Hampton's line""]","[""Hodgkin's disease"" 'Albers-Schönberg disease']","The query contains multiple ambiguities. First, 'conditions' is likely a misstatement—either referring to 'diseases,' 'qualifications,' or mistakenly using 'conditions' to mean 'person.' Second, the timeframe '1909–2011' is unrealistic for a single individual serving as chief of radiology at a military medical center, as such roles typically last decades, not centuries. Third, the term 'U.S. Army's flagship medical center' is vague without specifying a location or institution. These inconsistencies render the query underspecified due to logical contradictions and lack of clarity.",0.0,0,0.0,"[""Hampton's hump""]",0,0.5714285714,0.5
"Which magazine eventually had more monthly publications, Vogue or Y'all?","Considering their respective publication histories, which magazine, Vogue or Y'all, has at any point released a higher number of distinct print issues within a single calendar month?","[""Y'all""]",['Vogue'],"The query asks for a comparative analysis of monthly publications between two magazines, but critical details are missing. 'Eventually' introduces ambiguity regarding the timeframe (e.g., present day vs. long-term). The query does not specify whether publication frequencies (e.g., monthly vs. bi-monthly) have changed historically, nor does it clarify if 'monthly publications' refers to the number of issues per month or cumulative totals. Additionally, no contextual information about the magazines' operational timelines, editorial strategies, or publication volumes is provided, requiring reliance on external knowledge. This lack of specificity makes the query ambiguous and dependent on assumptions.",0.0,0,0.0,['Vogue'],0,0.0,0.0
"Iola is a city along the Neosho River in a region of Kansas that can be defined by Woddson County in the northwest, and what county in the northeast?","Iola is a city along the Neosho River in Allen County, Kansas. Considering a conceptual rectangular region of Kansas that encompasses Iola, if Woodson County is located at the northwest corner of this region, which county is located at its northeast corner?",['Bourbon County'],['Allen County'],"The query seeks to identify the county in the northeastern portion of the region encompassing Iola, Kansas, which is described as being bounded by Woddson County in the northwest. While the query specifies spatial relationships (northwest vs. northeast) and references Iola's location along the Neosho River, it lacks explicit coordinates, clear boundaries beyond 'Woddson County,' or direct contextual clues about adjacent counties. Determining the exact northeast county requires geographically specific knowledge of Kansas' county layouts, which is not fully encapsulated in the query. Without additional definitive landmarks or standardized regional definitions, the query hinges on assumptions about adjacency that may not align with official administrative divisions.",0.5,0,0.0,['Anderson County'],0,0.5,0.0
"When was the designer of the Disneyland attraction with variants in California, France, Hong Kong, Tokyo, and the Tomorrowland Speedway born?","When was the designer of the Disneyland attraction, Big Thunder Mountain Railroad, which has variants in California, France, and Tokyo, born?","['born October 25, 1931']","['July 17, 1913']","The query seeks the birthdate of the designer of a specific Disneyland attraction that exists in multiple global locations. While the locations listed (California, France, Hong Kong, Tokyo, Tomorrowland Speedway) suggest a widely replicated theme park ride, the query does not explicitly identify the attraction's name. Multiple rides (e.g., Space Mountain, Seven Dwarfs Mine Shafts, It's a Small World) could match the description, leading to ambiguous answers depending on which ride is intended. Additionally, ""Tomorrowland Speedway"" is a distinct ride at Epcot, not Disneyland, further complicating the identification. Without clear specificity on the attraction's name or design elements, the query remains underspecified.",0.0,0,0.0,"['Tony Baxter, the designer, was born on February 1, 1947.']",0,0.1538461538,0.0
The Collection at RiverPark is anchored by Target and an American supermarket chain that features foods without what type of fat?,"The Collection at RiverPark is anchored by Target and Whole Foods Market, which features foods without what type of fat?",['hydrogenated'],['Trans fat'],"The query asks about a supermarket chain 'that features foods without what type of fat?' However, the chain is not explicitly named. While Target is clearly identified, the second chain is described only as an 'American supermarket chain'—a vague descriptor that could refer to multiple brands (e.g., Walmart, Kroger, Albertsons). Since the specific chain is unspecified, the answer depends on assumptions about its dietary policies, which cannot be definitively determined from the given information. Additionally, the question requires knowledge of which fat type (e.g., trans fat, saturated fat) the chain avoids, which varies between retailers.",0.0,0,0.25,['Trans fat'],0,0.0,0.5
What team won the XLII super bowl in their 48th overall season?,What team played in Super Bowl XLII in their 49th overall season since their inception?,['2007 New England Patriots'],['New York Giants'],"The query specifies Super Bowl XLII (2008) and asks for the team that won it in their '48th overall season.' While Super Bowl XLII is unambiguously identifiable (won by the New York Giants), the phrase '48th overall season' requires interpretation. This term could refer to the team's total NFL seasons since inception, cumulative playoff appearances, or other metrics. Without explicit definitions of 'overall season,' the query lacks clarity on how the 48th season is calculated. Additionally, historical context shows the Giants changed franchises (NY Giants → 49ers → Giants again), making it unclear whether '48th season' includes prior iterations. Thus, the query relies on assumptions about terminology that are not explicitly defined.",0.2857142857,0,0.0,['New York Giants'],0,0.2857142857,0.0
Luke Rockhold defeated the MMA fighter who was the first to earn a win against which champion in the UFC?,Luke Rockhold defeated the MMA fighter whose first career victory against a former UFC champion was against which specific champion?,['Anderson Silva'],['Anderson Silva'],"The query asks for the champion in the UFC that was first defeated by the fighter who subsequently lost to Luke Rockhold. To answer this, the system must identify (1) the specific MMA fighter defeated by Rockhold, (2) the champion the fighter first defeated, and (3) ensure the fighter was indeed the 'first' to achieve that victory. While the query provides sufficient structural clues, it relies on external knowledge about UFC history, specific matchups, and title holders. The ambiguity lies in determining which fighter meets all criteria (e.g., earliest win against a champion). Without direct references to names or dates, the query hinges on inferential reasoning rather than explicitly stated facts.",1.0,1,1.0,"[""Maurício 'Shogun' Rua""]",0,0.0,0.0
"Which of these artist lives closer to Canada, Koshi Inaba or Jonathan Davis?","Considering their current primary residences, which artist, Koshi Inaba or Jonathan Davis, lives geographically closer to Canada?",['Jonathan Howsmon Davis'],['Jonathan Davis'],"The query requires determining the proximity of two artists' residences to Canada. While Koshi Inaba (Japanese) and Jonathan Davis (Canadian-born) may have different origins, the question hinges on their current residences. The query lacks explicit information about their present locations, making it impossible to compute geographical distances without additional context. Furthermore, 'living closer to Canada' could refer to citizenship, residency, or physical proximity, all of which are ambiguous without clarification.",0.8,0,1.0,['Jonathan Davis'],0,0.8,1.0
In which part of New York was the singer who released the song No Problem raised ?,"In which part of New York was the rapper A$AP Rocky, who released the song 'No Problem' on his 2011 mixtape Live.Love.A$AP, raised?",['Harlem'],"[""Chancelor Bennett, known as Chance the Rapper, released 'No Problem,' but he was raised in Chicago, not New York.""]","The query is underspecified due to ambiguity in identifying the correct singer associated with the song 'No Problem.' Multiple artists have released songs titled 'No Problem,' including Migos, Bobby Brown, and others. Without clarification on which specific song or artist is intended, the query cannot accurately determine the singer's origin. Additionally, even if the artist were identified, the query assumes the singer was raised in New York, which may not align with historical or geographic data (e.g., Migos hail from Atlanta). The lack of specificity regarding the song and the potential misalignment between the assumed location (New York) and actual origins further contribute to the underspecification.",0.0,0,0.0,['Harlem'],1,1.0,1.0
"The announcer of ""Screen Gems Network"" was the voice of a mascot for what cereal?","The voice actor who served as an announcer for ""Screen Gems Network"" also voiced the mascot for what cereal?",['Honey Nut Cheerios'],['Frosted Flakes'],"The query requires identifying the announcer of Screen Gems Network and linking them to a cereal mascot. While Screen Gems Network is a known entity, the specific announcer (a person or role) is ambiguous. Without explicit identification of the announcer (e.g., a specific individual or character), the query cannot uniquely resolve the connection to a cereal mascot. Additionally, the term 'announcer' could refer to multiple roles (e.g., a host, studio voice, or promotional figure), further complicating specificity.",0.0,0,0.0,['Frosted Flakes (Tony the Tiger)'],0,0.0,0.0
Were Basil Dean and Francis Ford Coppola both alive at some point in time?,Was there any period when both Basil Dean and Francis Ford Coppola were alive simultaneously?,['yes'],['No'],"The query is ambiguously phrased. 'Both alive at some point' could be interpreted in two ways: (1) whether each was alive at *some* point in time (trivially true for both as historical figures), or (2) whether they were alive *simultaneously* at *any* point in time. While the second interpretation requires checking for temporal overlap (Basil Dean died in 1973; Coppola was born in 1939, so they overlapped), the lack of clarity about the intent makes the query underspecified. Without explicit clarification on the required condition (individual vs. concurrent survival), the question remains ambiguous.",0.0,0,0.0,"['- No, Basil Dean (1888–1978) passed away before Francis Ford Coppola (born 1939) became prominent. However, they were alive at the same time from 1939 to 1978.']",0,0.0,0.75
When is the birthday of the British-Irish heiress who worked on the Optimist In Black studio album?,When is the birthday of the British-Irish heiress Jemima Goldsmith?,['9 November 1967'],"['April 15, 1987']","The query seeks the birthdate of a specific individual described as a 'British-Irish heiress' associated with the album 'Optimist In Black.' While the terms 'British-Irish heiress' and 'studio album' provide some constraints, critical ambiguities exist: (1) The album title 'Optimist In Black' is unclear—there is no prominent known album by that name, raising doubts about its existence or correct spelling. (2) Multiple individuals could fit the 'British-Irish heiress' descriptor, and without additional identifiers (e.g., full name, genre, role in the album), the query cannot narrow down to a unique candidate. Thus, the query lacks sufficient specificity to yield a definitive answer.",0.0,0,0.0,['30 January 1974'],0,0.0,0.0
What are some foods that may have been served at the Hawaiin Cottage?,What are some traditional Hawaiian foods typically served at a Hawaiian cottage?,"['poi, Kalua pig, poke, lomi salmon, opihi, haupia']","['Hawaiian chicken' 'Pineapple glazed ham' 'Poi' 'Lomi-lomi salmon'
 'Coconut shrimp' 'Tropical fruit salad' 'Mai Tai cocktails']","The query lacks sufficient contextual information to determine the specific identity of 'the Hawaiin Cottage.' This term is ambiguous and could refer to a variety of entities (e.g., a historical site, a restaurant, a cultural event, or a fictional location). Additionally, the phrase 'may have been served' introduces uncertainty but does not clarify the temporal, geographical, or cultural parameters needed to identify relevant foods. Without specifying the cottage's purpose, era, location, or cultural background, the answer cannot be definitively narrowed down.",0.2222222222,0,0.5,['- Kalua pig  \n- Lomi-lomi salmon  \n- Poi  \n- Haupia  \n- Poke  \n- Laulau  \n- Chicken long rice  \n- Coconut shrimp  \n- Spam musubi  \n- Sweet bread rolls'],0,0.4615384615,0.5
Wade Watts is the uncle of a politican who played college footbal for which team ?,"Which college football team did the politician, who is the nephew of former Oklahoma State Senator and University of Oklahoma Regent Wade H. Watts, play for?",['the Oklahoma Sooners'],['Oklahoma Sooners'],"The query contains several ambiguities. First, 'Wade Watts' could refer to either the video game developer (real-world) or the protagonist from ""Ready Player One"" (fictional). Second, the term 'politican' is misspelled, though this likely indicates a typo for 'political'. Third, even if Wade Watts is clarified, there is insufficient information to confirm the identity of his uncle as a politician or to link them to a specific college football team. Without explicit confirmation of the uncle's identity or background, the query cannot be resolved definitively.",1.0,1,1.0,['Oklahoma Sooners'],1,1.0,1.0
What was the Roud Folk Song Index of the nursery rhyme inspiring What Are Little Girls Made Of?,What is the Roud Folk Song Index number for the traditional nursery rhyme 'What Are Little Boys Made Of?',['821'],['821'],"The query seeks the Roud Folk Song Index number of a specific nursery rhyme that inspired the song 'What Are Little Girls Made Of?'. While the target song is identifiable, the critical issue lies in the ambiguity surrounding the 'nursery rhyme' it references. The phrase 'inspiring' introduces uncertainty about which specific traditional song is being referred to. Additionally, the Roud Folk Song Index requires precise identification of the song title or author to retrieve its index number. Since the query does not explicitly state the name of the nursery rhyme nor confirm its association with the song, the request hinges on external assumptions rather than explicit specifications.",1.0,1,1.0,['821'],1,1.0,1.0
Gül Train is a project of which Eurasian political and economic intergovernmental organization?,"The 'Gül Train' project, a railway initiative focused on enhancing regional connectivity and trade among its member states in Central Asia, West Asia, and the Caucasus, is a project of which Eurasian political and economic intergovernmental organization?",['Economic Cooperation Organisation'],['Economic Cooperation Organization (ECO)'],"The query asks about the 'Gül Train,' which likely refers to the Turkmenistan-Europe Railway (also known as the Trans-Caspian International Transport Route). While the term 'Eurasian political and economic intergovernmental organization' narrows the scope, the specific entity depends on geopolitical alliances. Key candidates include the Eurasian Economic Union (EAEU) and the Shanghai Cooperation Organization (SCO). However, the EAEU excludes Turkmenistan, while the SCO includes it. Additionally, the project's alignment with economic corridors like the Belt and Road Initiative (BRI) complicates identification. Without explicit clarification on the project's formal association with a single organization, the query lacks sufficient specificity.",0.5714285714,0,1.0,['Economic Cooperation Organization (ECO)'],0,0.5714285714,1.0
Which country did the Falkland Islands beat in the 2010 Commonwealth games that has eleven administrative divisions?,"Which country, that has eleven administrative divisions, participated in the 2010 Commonwealth Games alongside the Falkland Islands?",['Samoa'],['Sri Lanka'],"The query contains multiple inconsistencies. First, the Falkland Islands are a British overseas territory, not a sovereign state, and do not participate in the Commonwealth Games as independent teams. Second, no country has exactly eleven administrative divisions; examples include Indonesia (34 provinces), Brazil (26 states), or Belgium ( Flemish, Wallonian, and Brussels-Capital Regions). Additionally, the 2010 Commonwealth Games took place in New Delhi, India, where the Falkland Islands likely did not compete. These contradictions make the query logically unsound and based on false premises.",0.0,0,0.0,['Bangladesh'],0,0.0,0.0
When was the composer who created Peter Schmoll und seine Nachbarn born?,When was the composer who created the opera Peter Schmoll und seine Nachbarn born?,['19 November 1786'],"['November 18, 1786']","The query contains sufficient specificity to identify a target (the composer of 'Peter Schmoll und seine Nachbarn') and ask for a concrete fact (birth date). However, the phrase 'Peter Schmoll und seine Nachbarn' appears to describe a non-musical work (likely a book or art-related publication) rather than a musical composition. This creates ambiguity because no widely recognized composer is historically associated with this title. Additionally, while the structure of the query is clear, the accuracy of the referenced work introduces potential inaccuracies, making the query technically underspecified due to reliance on potentially erroneous premises.",0.6666666667,0,0.25,"['November 18, 1786']",0,0.6666666667,0.25
"Which son of Robin Fox MC, is an English theater and film producer","Which son of Robin Fox, the English theatrical agent and recipient of the Military Cross (MC), is an English theater and film producer?",['Robert Michael John Fox'],['Robert Fox'],"The query seeks to identify a specific individual based on two conditions: being a son of 'Robin Fox MC' and being an English theater/film producer. However, 'Robin Fox MC' is not a clearly defined entity in public records or mainstream media. This ambiguity creates uncertainty about the potential candidates. Additionally, while the profession and nationality are specified, the lack of clarity around 'Robin Fox MC' prevents verification of the lineage claim. Without explicit identification of 'Robin Fox MC,' the query cannot be resolved conclusively.",0.6666666667,0,0.75,['Robert Fox'],0,0.6666666667,0.5
Hobart Paving is a single by a band formed in which year ?,"Hobart Paving is a single by the band Saint Etienne, which was formed in which year?",['1990'],['1988'],"The query seeks the formation year of a band associated with the song 'Hobart Paving'. While the song title and the fact that it is a single by a band are provided, the query lacks critical specificity: (1) It does not clarify which band or artist is referenced by 'Hobart Paving' (multiple bands may share similar names or have songs with matching titles), and (2) It assumes prior knowledge of the band's existence and formation date, which may not be universally established. This ambiguity prevents unambiguous identification of the correct band and its formation year.",0.0,0,0.0,['1990'],1,1.0,1.0
Are Des Moines International Airport and Grand Canyon National Park Airport both major airline hubs?,"Considering current aviation industry classifications, do both Des Moines International Airport (DSM) and Grand Canyon National Park Airport (GCN) serve as primary connecting hubs for major airlines, characterized by a high volume of connecting passenger traffic and extensive international flight operations?",['no'],"['No, Des Moines International Airport is not a major airline hub, but it serves as a regional airport.'
 'No, Grand Canyon National Park Airport is not a major airline hub; it primarily serves charter and tour flights.']","The query asks whether two airports are 'major airline hubs,' but the term 'major' is not explicitly defined in the question. A 'major airline hub' typically refers to an airport with significant passenger traffic, multiple gate assignments, and connectivity through major airlines. However, without specifying criteria such as passenger volume, frequency of international flights, or role in air transport networks, the classification remains ambiguous. Additionally, the query lacks context about the time frame (e.g., current vs. historical data), geographic region, or operational metrics (e.g., number of daily departures). These factors make the query dependent on external knowledge that may vary by source or definition.",0.1176470588,0,1.0,"['- No, neither DSM nor GCN serves as a primary connecting hub for major airlines.']",0,0.1428571429,1.0
"How many records did the boy band who released ""Said and Done"" sell worldwide as of 2013?",What were the Backstreet Boys' total worldwide record sales (albums and singles combined) as of 2013?,['25 million'],['Westlife sold over 50 million records worldwide as of 2013.'],"The query identifies a specific artist (the boy band associated with ""Said and Done"") and asks for global record sales as of 2013. While the song ""Said and Done"" is definitively by the Backstreet Boys, the critical ambiguity lies in the lack of clarity regarding the definition of 'records' (physical vs. digital) and the source of sales data. Additionally, historical sales figures may not be precisely documented or standardized across all reporting entities (e.g., Billboard, Nielsen, etc.). The query does not specify whether it refers to album sales, single sales, or combined totals, nor does it clarify the timeframe for cumulative sales (e.g., through 2013 or ending in 2013). These gaps make the query underspecified.",0.1666666667,0,0.0,['Over 130 million records.'],0,0.3333333333,0.0
Ferrari 360 was replaced by the sports car that debuted at what event?,"The Ferrari F430, which replaced the Ferrari 360, debuted at what event?",['2004 Paris Motor Show'],['2004 Geneva Motor Show'],"The query seeks information about the event associated with the debut of the sports car that replaced the Ferrari 360. While 'Ferrari 360' refers to a specific model (the Ferrari 360 Spider), its replacement is likely the Ferrari 360 Modena, which succeeded it. The key ambiguity lies in determining the 'event' of its debut. Although the 360 Modena debuted at the 1994 Geneva Motor Show, the query lacks specificity regarding the time frame or alternative events (e.g., Frankfurt, Tokyo). Additionally, the term 'sports car' is vague, as multiple models could qualify. However, given contextual knowledge, the most plausible answer is the Geneva Motor Show. The query relies on external knowledge rather than explicitly providing sufficient constraints.",0.75,0,0.0,['2004 Paris Motor Show'],1,1.0,1.0
Where was the rapper in 13 Dead Men from?,"Where are the members of the rap duo $uicideboy$, who perform the song '13 Dead Men', from?",['New Orleans'],"['San Diego, California']","The query references '13 Dead Men,' which appears to be a song title or lyric reference. However, the query lacks critical specificity: (1) It does not identify the artist or album associated with '13 Dead Men,' making it ambiguous which work is being referenced; (2) The phrasing 'where was the rapper... from?' implies a geographical origin, but without clarifying context (e.g., a specific song lyric, album, or cultural reference), the request remains vague. Additionally, the phrase 'in 13 Dead Men from?' contains grammatical ambiguity that further obscures meaning.",0.0,0,0.0,"['New Orleans, Louisiana, USA']",0,0.6666666667,1.0
Dianne Hiles is the current Australian Greens candidate for which 1968 federal proclamation? ,For which federal electoral division is Dianne Hiles the current Australian Greens candidate?,['Division of Sydney'],['Dianne Hiles is not associated with any 1968 federal proclamation as the Australian Greens candidate.'],"The query contains contradictory temporal and contextual references. The Australian Greens political party was founded in 1992, meaning Dianne Hiles (a real-world figure who became a Greens candidate later) cannot have been associated with a 1968 'federal proclamation.' Additionally, 'federal proclamation' is not a standard term in Australian political history; relevant events in 1968 include the 1968 Federal Election, but this is unrelated to the Greens. The query conflates non-existent historical data with modern political roles, creating ambiguity.",0.0,0,0.0,['Division of Wentworth'],0,0.6666666667,0.0
The Voyage is a wooden roller coaster located at a theme park divided into how many sections ?,"The Voyage, a wooden roller coaster located at Holiday World & Splashin' Safari, is divided into how many sections?",['four sections'],['Three sections'],"The query asks for the number of sections in 'The Voyage' roller coaster but fails to specify which particular theme park it is located at. Multiple attractions named 'The Voyage' exist across different theme parks (e.g., Cedar Point, Six Flags Magic Mountain), each potentially having different configurations. The lack of specificity regarding the theme park makes the query unable to yield a definitive answer without additional context.",0.5,0,0.0,['Three sections'],0,0.5,0.0
"Why did basketball player, ""The Process"" not play in the 77th season?",Why did NBA basketball player Lonzo Ball not play in the 77th season (2022-2023)?,['leg injury'],"[""Joel Embiid, nicknamed 'The Process,' did play during the 77th NBA season (2022-2023).""]","""The Process"" is not a recognized basketball player, nor is there any widely-known athlete with that moniker. Additionally, the term '77th season' is ambiguously defined - basketball has multiple leagues (e.g., NBA, WNBA, college) with varying seasonal numbering. Without clarifying which league, season, and specific player being referenced, the query lacks sufficient specificity to generate a meaningful response.",0.0,0,0.0,['Lonzo Ball did not play in the 2022-2023 NBA season due to a knee injury and subsequent surgeries.'],0,0.1111111111,0.25
"Who gained recognition earlier, Tim Roth or Polly Draper","Given the ambiguity surrounding 'Polly Draper' as a recognized public figure, which of the two individuals, Tim Roth or 'Polly Draper', is a well-documented actor known for gaining significant professional recognition in their career?","['Timothy Simon ""Tim"" Roth']",['- Tim Roth gained recognition earlier.'],"The query asks to compare the recognition timelines of two individuals. Tim Roth is a well-documented actor with a established career (born 1962, began acting in the 1980s). 'Polly Draper' is ambiguously referenced; it could refer to a fictional character (from *Mad Men*) or a less prominent real-life individual. The lack of clarity around Polly Draper's identity, profession, or context makes it impossible to definitively assess their recognition timelines. Additionally, 'recognition' is vague—does it refer to film roles, awards, cultural impact, etc.? Without explicit definitions or contextual clues, the comparison cannot be resolved objectively.",0.4444444444,0,0.5,['Tim Roth'],0,0.6666666667,1.0
Where does the descendant of the Red Setter originate? ,Where does the Scottish Red Setter originate?,['Scotland'],['Ireland'],"The query refers to 'the descendant of the Red Setter,' but fails to specify which particular descendant breed or variation is being asked about. While the Red Setter is a recognized English breed originating from England, the term 'descendant' could apply to numerous related breeds or variants (e.g., American Red Setter, Scottish RedSetter) with differing geographic origins. Additionally, the phrase 'originate' may ambiguously imply either the birthplace of the original breed or the source of a specific descendant lineage, further complicating clarity.",0.0,0,0.0,"['The Scottish Red Setter does not exist; you may be referring to the Irish Red Setter, which originates from Ireland.']",0,0.0,0.0
James Fowle Baldwin helped design a historic railroad that operated in Massachusetts and whose line later operated as part of what?,"James Fowle Baldwin helped design the Boston and Lowell Railroad, which operated in Massachusetts. This railroad's line later operated as part of what?","[""Boston and Maine Railroad's Southern Division""]",['Boston and Albany Railroad'],"The query references a specific individual (James Fowle Baldwin), a geographic region (Massachusetts), and a historical railroad. While these elements narrow down potential candidates, the name 'James Fowle Baldwin' is ambiguous—there is no widely recognized historical figure by this exact name associated with railroad design in Massachusetts. Additionally, the phrase 'line later operated as part of what?' requires knowledge of the specific railroad's legacy, which is not explicitly tied to the queried information. Multiple railroads could fit the description, leading to uncertainty about the intended answer.",0.4,0,0.0,['Boston and Maine Railroad'],0,0.6,0.5
"How many total staff (including part-time, flexible, and fixed contract staff) does the broadcaster, who released HyperNormalisation, employ?",How many total staff does Warner Bros. Discovery employ?,"['35,402']","['The BBC, which released HyperNormalisation, employs approximately 22,000 staff.']","The query requires identifying the specific broadcaster associated with 'HyperNormalisation' (an album by Sigur Rós, not a traditional broadcaster). Even assuming the correct entity, the query lacks clarity on whether the broadcaster is a media outlet (e.g., BBC, Netflix, etc.), a record label, or another organization. Furthermore, most organizations do not publish granular staffing statistics (by contract type) publicly. The query also assumes access to non-public financial or HR data, making it impossible to verify without additional context or sources.",0.0,0,0.0,"['Warner Bros. Discovery employs approximately 11,000 staff.']",0,0.0,0.0
"Which ""novel with a key"" was written by John Ehrlichman about the CIA, base on events leading up to the Watergate coverup?","Which novel about the CIA, based on events leading up to the Watergate coverup, was written by Robert Littell?",['The Company'],['The Company'],"The query contains multiple inconsistencies and ambiguities. First, 'novel with a key' is either a non-standard title (possibly a misspelling of 'The Key') or references a fictional work. Second, John Ehrlichman was a real-life figure involved in the Watergate scandal (a former Nixon advisor), but he is not known as a novelist. Third, the phrasing 'base on events' contains a grammatical error ('base' vs. 'based'). Finally, while there may be historical fiction or nonfiction works about Watergate and the CIA, the combination of author, title, and subject matter does not correspond to any verified publication. These contradictions and errors suggest the query is incomplete or factually flawed.",1.0,1,1.0,['The Company'],1,1.0,1.0
The Pluralist school is said to have included what creator of the theory of atomism? ,Who is widely recognized as the founder of the theory of atomism?,['Leucippus'],['Democritus'],"The query asks for the creator of the theory of atomism who is associated with the Pluralist school. While the Pluralist school refers to a philosophical tradition emphasizing multiplicity (e.g., Heraclitus, Anaximander), the theory of atomism is traditionally attributed to Democritus and Leucippus. These thinkers are not typically categorized under the Pluralist school. The query conflates two distinct intellectual traditions, leading to ambiguity about whether the Pluralist school historically included atomists. This creates confusion between 'pluralism' (multiple principles) and 'atomism' (indivisible building blocks), making the query underspecified due to potential misalignment of concepts.",0.0,0,0.0,['Democritus'],0,0.0,0.0
"Maria Radu is best known for winning the 3000 meters at which Edmonton, Alberta, sporting event? ","What was the name of the Edmonton, Alberta, sporting event in 1983 where Maria Radu won the 3000 meters?",['1983 Summer Universiade'],['The 2001 World Championships in Athletics'],"The query provides a location (Edmonton, Alberta) and a sport (3000 meters), but does not specify the type of sporting event beyond 'sporting event.' While Edmonton hosts various athletic meets (e.g., indoor track, cross-country championships), the term 'sporting event' is too vague to pinpoint a unique event. Additionally, historical data on Maria Radu’s wins (she competed internationally, e.g., at the 2015 World Cross Country Championships) does not align with Edmonton, suggesting possible ambiguity or error in the query. Without further constraints (e.g., date, event category), the query lacks sufficient specificity to yield a definitive answer.",0.0,0,0.0,['The Universiade (World University Games)'],0,0.2857142857,0.5
Who created the manga series originally serialized from 1994-1995with a superheroine?,"What is the title of the manga series originally serialized from 1994-1995, which features a schoolgirl who transforms into a pig superheroine?",['Tonde Burin'],['Naoko Takeuchi'],"The query specifies a time frame (1994-1995) and the genre (manga series featuring a superheroine). While this provides constraints, it lacks uniqueness. Multiple manga series could match these criteria (e.g., 'Sailor Moon' debuted in 1992 but had subsequent releases; 'Tokyo Ghoul' and others also feature female protagonists). Without further specificity (e.g., title, protagonist name, or publisher), the query cannot definitively identify a single work. Thus, the necessary details to resolve the query ambiguously.",0.0,0,0.0,['Super Pig'],0,0.0,0.0
What kind of political party that combined conservative policies with liberal stances were Pio Cabanillas Gallas and Jose Maria de Areilza the leaders of?,"What is the classification for a political party that combines conservative policies with liberal stances, a type of party with which figures like Pio Cabanillas Gallas and Jose Maria de Areilza were associated?",['liberal conservative'],['A centrist reformist political party.'],"The query seeks to identify a political party associated with two specific leaders (Pio Cabanillas Gallas and Jose Maria de Areilza) that blends conservative and liberal policies. However, the names provided do not align with any widely recognized political figures or parties in major democratic nations. While the combination of conservative/liberal policies might suggest a center-right or centrist ideology (e.g., 'centrists', 'moderate conservatives'), the lack of verified references to the mentioned leaders or their association with a specific party makes the query underspecified. Without corroborating evidence or contextual clues, the identity of the party remains ambiguous.",0.0,0,0.25,['Centrist'],0,0.0,0.0
What show did the co-creator with Chris Spencer of Wild 'N Out debut on?,"What show did Nick Cannon, the creator of Wild 'N Out who also worked with Chris Spencer, debut on?",['All That'],['In Living Color'],"The query asks about a show debuted by a co-creator of *Wild 'N Out* who also worked with Chris Spencer. While *Wild 'N Out* was co-created by Chris Spencer and others (e.g., Steve Spencer, Michael Tunnell), the term 'co-creator' is vague and could apply to multiple individuals. Additionally, the phrase 'with Chris Spencer' may imply collaboration beyond co-creation (e.g., writing or production roles), further complicating identification. Without explicit clarification of which specific co-creator is intended, the query cannot be resolved uniquely.",0.0,0,0.0,['All That'],1,1.0,1.0
"For which band, was the female member of Fitz and The Tantrums, the front woman for ten years ?","Which band featured Noelle Scaggs, the female vocalist of Fitz and The Tantrums, as its frontwoman for ten years?",['The Rebirth'],['The Rebirth'],"The query asks for a band where the female member of Fitz and The Tantrums served as frontwoman for ten years. Fitz and The Tantrums' lead vocalist is Laura Jane Grace, who has been the frontwoman for over a decade. However, the phrasing is ambiguously structured, potentially implying a separate band. While the intent likely refers to Fitz and The Tantrums themselves, the question's redundancy and lack of clarity create uncertainty. Without explicit confirmation of the timeline or additional context, the query remains underspecified.",1.0,1,1.0,['The Rebirth'],1,1.0,1.0
When did the baseball draft with which Alex Lange was the 30th pick began? ,"When did the 2017 Major League Baseball Draft, in which Alex Lange was the 30th pick, begin?","['June 12, 2017']","['June 12, 2017']","The query seeks the start date of the baseball draft in which Alex Lange was the 30th pick. While it specifies the event (baseball draft) and the positional detail (30th pick), it lacks critical temporal and contextual information. The term 'baseball draft' refers to annual events (e.g., Major League Baseball Draft), and without specifying the year, the query cannot distinguish between multiple possible drafts. Additionally, the name 'Alex Lange' may be incorrect or non-existent as a professional athlete, further complicating identification of the correct draft. Since the query does not include the year or confirm the subject's identity, it remains underspecified.",1.0,1,1.0,"['June 12, 2017']",1,1.0,1.0
"How long did the state exist whose army ransacked and looted the city, Halebidu, twice in the 14th century ?","How long did the Delhi Sultanate exist, whose army ransacked and looted the city of Halebidu twice in the 14th century?",['320 years'],['The Delhi Sultanate existed for approximately 320 years (1206–1526).'],"The query references 'the state' and 'Halebidu,' but does not explicitly identify which state or city is being referred to. While 'Halebidu' may correspond to a historical site (e.g., a town in present-day Karnataka, India), the lack of a clear reference to a known civilization or empire (such as the Delhi Sultanate, Bahmanid Dynasty, or Vijaynagar Empire) creates ambiguity. Additionally, the phrase 'twice in the 14th century' provides temporal context but does not pinpoint the exact time frame of the state's existence. Without further clarification on the specific state, historical event, or geographic location, the query cannot be fully resolved.",0.4,0,1.0,"['The Delhi Sultanate existed from 1206 to 1526, lasting 320 years.']",0,0.3333333333,1.0
who is a British physicist  and also a  British government's chief scientific adviser,Who is a British physicist who also served as the British government's chief scientific adviser to Winston Churchill?,['Frederick Alexander'],['Patrick Vallance'],"The query seeks a single individual who fulfills two distinct roles: (1) British physicist and (2) Chief Scientific Adviser to the UK government. While the titles are separate, the combination of these roles likely refers to a specific historical figure. Historically, Sir Paul Nurse served as the UK’s Chief Scientific Adviser from 2003–2010 and was recognized as a distinguished physicist. Other candidates may exist, but the query implicitly assumes a singular, well-known individual due to the specificity of the combined roles. Without additional constraints (e.g., timeframe), ambiguity remains possible, but the core requirements narrow the search significantly.",0.0,0,0.0,['Frederick Lindemann'],0,0.5,0.0
What are the anchor stores for the shopping mall constructed by C.J. Segerstrom & Sons in California?  ,"What are the anchor stores for South Coast Plaza, the shopping mall constructed by C.J. Segerstrom & Sons in Costa Mesa, California?","[""three Macy's stores, Sears, Nordstrom, Bloomingdale's, and Saks Fifth Avenue""]","['Nordstrom' ""Macy's""]","The query specifies the developer (C.J. Segerstrom & Sons) and location (California), but does not identify a specific shopping mall. Since the developer owns multiple malls across California, the query lacks sufficient detail to pinpoint which mall is being referenced. Anchor stores depend on the specific mall's configuration, which cannot be determined without additional context.",0.1818181818,0,0.5,"[""Bloomingdale's"" ""Macy's"" 'Nordstrom' 'Saks Fifth Avenue']",0,0.4615384615,0.5
Who is younger Chris Gould or Robbie Gould ?,"Considering NFL player Robbie Gould and his brother Chris Gould, who is younger?",['Chris Gould'],['Chris Gould'],"The query asks to compare the ages of two individuals identified only by their full names, 'Chris Gould' and 'Robbie Gould'. While these names may refer to real-world individuals (e.g., NFL player Robbie Gould), the lack of contextual clues (such as profession, notable achievements, or additional identifiers) creates ambiguity. Without explicit confirmation that these names correspond to specific, uniquely identifiable people, the question remains underspecified due to potential overlaps with other individuals sharing the same name. Additionally, the absence of temporal or relational context (e.g., 'as of when?' or 'in which field?') further complicates definitive resolution.",1.0,1,1.0,['Chris Gould'],1,1.0,1.0
Jon S. Cardin is the nephew of a senator who has been in office since when ?,Jon S. Cardin is the nephew of Senator Ben Cardin. Since when has Senator Ben Cardin been in office?,['since 2007'],['Since 2007'],"The query seeks to determine the duration of service for a senator related to Jon S. Cardin. While the subject (Jon S. Cardin) and the relationship (nephew of a senator) are established, the query lacks critical specificity. There may be multiple senators sharing the surname 'Cardin' or similar names, and the query does not clarify the senator's state representation, political party, or other distinguishing characteristics. Additionally, the phrase 'since when' implies a need for a precise starting date, but without confirming the identity of the senator, the query cannot be fully resolved. The absence of unique identifiers (e.g., full name, state, election dates) leads to potential ambiguities.",1.0,1,1.0,['Since 2007.'],1,1.0,1.0
What 2003 Christmas-themed romantic comedy did Gregor Fisher have a role in?,What 2003 Christmas-themed romantic comedy features Gregor Fisher in a role as the manager of an aging rock star attempting to achieve a Christmas number one hit?,['Love Actually'],['Love Actually'],"The query includes specific constraints: the year (2003), genre (Christmas-themed romantic comedy), and actor (Gregor Fisher). While these filters narrow down potential candidates, the combination may not yield a uniquely identifiable film. Gregor Fisher's filmography does not include a prominent 2003 Christmas-themed romantic comedy. Additionally, the term 'romantic comedy' can overlap with other genres, and 'Christmas-themed' may refer to broader holiday settings rather than a strict subgenre. Without explicit confirmation of the film's title or further details, the query lacks sufficient specificity to guarantee a definitive answer.",1.0,1,1.0,['Love Actually'],1,1.0,1.0
Where does the founder of The International Grenfell Association act as a missionary to?,"Where did Sir Wilfred Grenfell, the founder of The International Grenfell Association, act as a medical missionary?",['Newfoundland and Labrador'],['Labrador and Newfoundland'],"The query is underspecified due to several ambiguities: (1) The 'founder' of The International Grenfell Association is not explicitly identified, as the organization may have multiple founders or the term 'founder' could refer to a different individual altogether. (2) The association's focus on 'missionary activity' is vague; it could relate to religious missions, social work, advocacy, or other non-religious efforts. (3) Without additional context, the geographic location or scope of the missionary work remains unclear. These uncertainties prevent precise identification of the intended subject or answer.",1.0,0,1.0,['Labrador and Newfoundland'],0,1.0,1.0
What election will take place on the same day as the United States Senate election in Texas?,What election will take place on the same day as the United States Senate election in Texas in 2018?,['The 2018 Texas gubernatorial election'],['United States presidential election'],"The query asks for an election coinciding with the U.S. Senate election in Texas, but it lacks critical temporal context. While U.S. Senate elections in Texas typically occur on Tuesdays in even-numbered years (e.g., Nov 5, 2024), the query does not specify a particular year or date. This omission creates ambiguity, as the 'same day' could refer to any future election cycle. Additionally, while federal elections often overlap with presidential elections (also held on Tuesdays), the absence of a specific year prevents precise identification of concurrent elections. The query relies on assumptions about timing that are not explicitly stated.",0.25,0,0.0,['The United States House of Representatives elections in Texas in 2018.'],0,0.2857142857,0.0
Operation light house was an experiment by Wernher von Braun and another man born in what year?,"The V-2 rocket program was a project involving Wernher von Braun and Walter Dornberger, who was born in what year?",['1895'],['1901'],"The query references 'Operation Light House,' which does not correspond to any historically documented mission or project involving Wernher von Braun. Von Braun was primarily associated with the V-2 rocket program, the Apollo missions, and the Space Shuttle, but no credible source identifies an 'Operation Light House' under his leadership. Additionally, the query lacks specificity regarding the 'another man'—there are numerous engineers and scientists linked to von Braun's work, and without further context (e.g., full name, field, or time period), it is impossible to definitively identify the individual or their birth year. This ambiguity renders the query underspecified.",0.0,0,0.0,['Walter Dornberger was born in 1895.'],0,0.2857142857,1.0
"What Division was the college footbal team that fired their head coach on November 24, 2006?","What Division was the Washington State University college football team that fired their head coach on November 24, 2006?",['NCAA Division I FBS football'],['Division I FBS'],"The query asks for the division of a college football team whose head coach was fired on a specific date (November 24, 2006). However, it does not specify which team is being referred to. Multiple college football teams could have experienced coaching changes on that date, and without additional context (e.g., team name, conference, location, etc.), the query cannot uniquely identify the correct team or its division. The critical missing element is the specific identifier for the team.",0.75,0,1.0,['NCAA Division I FBS'],0,0.8888888889,1.0
"In 2008, who were the two actors stared along with a South Korean actor, singer, and model who won best actor in five prestigious award ceremonies.","What specific award category did the South Korean actor, singer, and model, who was active in 2008 and co-starred with two other actors, win in five prestigious award ceremonies?",['Best Actor prize'],['Jang Dong-gun' 'Kate Bosworth' 'Geoffrey Rush'],"The query requires identifying two actors who co-starred with a specific South Korean performer. The target actor must meet three criteria: being a South Korean actor, singer, and model; having won 'Best Actor' in five prestigious award ceremonies; and being active in 2008. While the query provides sufficient descriptors, the ambiguity lies in determining which unique individual fulfills all these conditions. Multiple South Korean celebrities could potentially match the traits (e.g., Park Bo-gum, Lee Min-ho, or others), leading to uncertainty about which one is intended. Without explicitly naming the actor or providing additional constraints (like film title, award years, or roles), the query lacks specificity to definitively narrow down the subject. This makes the query underspecified due to potential ambiguities in identifying the central figure.",0.0,0,0.0,['Best New Actor'],0,0.6666666667,0.0
What is Gary Cole's character based on?,What is Gary Cole's character Harvey Birdman based on?,"['the Hanna-Barbera show ""Birdman and the Galaxy Trio.""']","[""Gary Cole's character Bill Lumbergh in *Office Space* is based on stereotypical corporate management personalities.""]","The query asks about the origin or inspiration behind Gary Cole's 'character,' but it fails to specify which particular character or role within his career portfolio is being referenced. Gary Cole has played numerous roles across films, television, and theater (e.g., ""Frasier,"" ""The West Wing,"" ""Kung Fu""), each with distinct sources. Without clarification on the specific character in question, the query cannot be resolved definitively. Additionally, the phrase 'based on' could refer to literary works, historical figures, or fictional premises, further requiring contextual specifics.",0.0,0,0.0,['Harvey Birdman is based on the Hanna-Barbera cartoon character Birdman from the 1967 series *Birdman and the Galaxy Trio*.'],0,0.4545454545,1.0
Creation Entertainment is located in a city with what estimated 2014 population?,"What was the estimated 2014 population of Glendale, California, the city where Creation Entertainment is located?","['200,167']","['Burbank, California, with an estimated 2014 population of 104,709.']","The query requires identifying the city housing 'Creation Entertainment' and retrieving its 2014 population estimate. However, 'Creation Entertainment' is not a universally recognized entity (e.g., it could refer to a fictional company, a niche business, or multiple entities). Without explicit clarification of the specific organization or its geographic location, the query lacks specificity to resolve ambiguity about which city to reference. Additionally, while 2014 population estimates are historically available, the absence of a definitive city name renders the query unable to produce a unique answer.",0.0,0,0.0,"['The estimated 2014 population of Glendale, California, was approximately 200,167.']",0,0.2,1.0
What current NHL team owner played for the team that won the Stanley cup in 1992?,"Which current co-owner of the Pittsburgh Penguins, the team that won the Stanley Cup in 1992, also played for that team during their 1992 championship season?",['Mario Lemieux'],['Mario Lemieux'],"The query seeks a current NHL team owner who formerly played for the 1992 Stanley Cup-winning team (the New York Rangers). While the Rangers' 1992 championship is well-documented, identifying a current owner with a playing career tied to the team requires specific historical data about ownership transitions. Current Rangers ownership includes entities like the Rangertown Group, but none of their current stakeholders (e.g., David Stern, Kevin Lefebvre) have a verified playing history with the Rangers. Additionally, the query implicitly assumes the existence of such an owner, which may not align with actual ownership histories. This ambiguity around ownership lineage and player backgrounds makes the query underspecified.",1.0,1,1.0,['Mario Lemieux'],1,1.0,1.0
What broadcasting company did both Andrew Collins and Stuart Maconie of Collins and Maconie's Hit Parade both work together from 1194 to 1197?,What broadcasting company did Andrew Collins and Stuart Maconie work for together on their show 'Collins and Maconie's Hit Parade'?,['BBC'],['BBC Radio 1'],"The query contains historically implausible details: Andrew Collins and Stuart Maconie are 20th-century British broadcasters, while '1194–1197' refers to the 13th century. This temporal discrepancy renders the timeframe invalid for the subjects mentioned. Additionally, the reference to 'Collins and Maconie's Hit Parade' is accurate (a UK music quiz programme), but the timeline does not align with its actual existence (late 1960s onwards). The contradiction between the time period and the subject matter creates ambiguity, making the query underspecified due to conflicting factual premises.",0.5,0,0.75,['BBC Radio 1'],0,0.5,0.75
In which county is this site located where Operation Buster–Jangle was conducted?,"In which county was Operation Buster–Jangle, the 1951 nuclear weapons testing series, conducted?",['Nye County'],['Nye County'],"The query references 'Operation Buster–Jangle,' which historically refers to a 1943 U.S. military operation in the Pacific Theatre, primarily involving the Battle of Guadalcanal in Papua New Guinea. However, the query assumes the existence of a 'county' (a U.S.-specific administrative division), while Guadalcanal is a territory of Papua New Guinea, not a U.S. state. Additionally, the phrase 'this site' is vague and does not specify a particular location, leading to ambiguity about which geographic entity (e.g., a military installation, strategic point, etc.) is being referenced. Without explicit clarification of the site or jurisdiction, the query cannot be fully resolved.",1.0,1,1.0,"['Nye County, Nevada']",0,0.8,1.0
"which American actress, singer, and songwriter too the tour of  I Stand tour ","Which American actress, singer, and songwriter took part in the Idina Menzel World Tour?",['Idina Kim Menzel'],['Idina Menzel'],"The query seeks to identify an individual who meets three distinct categories: American actress, singer, and songwriter, while also participating in a tour titled 'I Stand Tour.' However, the term 'I Stand Tour' is ambiguous and likely refers to a non-existent or obscure event. Furthermore, the phrasing 'too the tour' contains a grammatical error ('too' should be 'took'). Even assuming the tour exists, the combination of roles (actress, singer, songwriter) narrows down potential candidates, but without additional contextual clues (e.g., year, genre, or other specifics), the query lacks sufficient specificity to definitively pinpoint a single individual. Multiple artists could fit the role descriptions, and the tour's existence remains uncertain.",0.8,0,1.0,['Idina Menzel'],0,0.8,0.5
"What song was on an American radio network that is owned by Disney Channels Worldwide, Inc. is a song by Senegalese-American R&B and rapper Akon? ",What song by Senegalese-American R&B and rapper Akon was played on an American radio network owned by The Walt Disney Company?,"['""Lonely""']","[""'Rush' by Akon""]","The query contains multiple ambiguities and structural issues. First, 'Disney Channels Worldwide, Inc.' primarily operates television networks, not radio networks, creating a factual inconsistency. Second, the phrase 'that is owned by...' incorrectly links the radio network to Disney, while the subsequent clause ('a song by Akon') introduces a new unrelated assertion. The query fails to explicitly state that the song by Akon was broadcast on a Disney-owned radio network, instead merging disconnected ideas into a single question. This lack of logical coherence and clarification renders the query underspecified.",0.0,0,0.0,"[""Don't Matter""]",0,0.0,0.0
Selena Quintanilla-Pérez's assistant and head of her fan club will be eligible for parole on what date?,"On what specific date is Yolanda Saldivar, Selena Quintanilla-Pérez's former assistant and head of her fan club, who was convicted of Selena's murder, scheduled to become eligible for parole?","['March 30, 2025']","['March 30, 2025']","The query seeks information about parole eligibility for two specific individuals (Selena's assistant and head of her fan club). However, critical missing information includes: 1) Whether these individuals have been convicted of crimes requiring parole; 2) Their specific sentencing details; 3) Jurisdictional rules governing parole eligibility; and 4) Any publicly available records about their incarceration status. The query assumes prior legal involvement without explicitly stating it, making the request underspecified due to lack of foundational context.",1.0,1,1.0,"['March 30, 2025']",1,1.0,1.0
What conference does Ralphie the Buffalo's football team play in?,What conference does the University of Colorado Boulder football team play in?,['Pac-12'],['Pac-12 Conference'],"The query references 'Ralphie the Buffalo,' which appears to be a fictional or non-traditional team name. While 'Buffalo' may reference institutions like the University of Buffalo (NYS) or the University of Texas at Austin (though their mascot is the Longhorn), neither has a team explicitly named 'Ralphie the Buffalo.' Additionally, the name 'Ralphie' suggests a personal or fictional character rather than a real athletic team. Without explicit clarification of the team's affiliation (e.g., university, league, or fictional context), the query lacks specificity to determine the correct conference.",0.6666666667,0,1.0,['Pac-12 Conference'],0,0.6666666667,1.0
The Argentine PGA Championship record holder has won how many tournaments worldwide?,"How many professional tournaments worldwide did Roberto De Vicenzo, the record holder for the most wins in the Argentine PGA Championship, win?",['230'],['The Argentine PGA Championship record holder has won 230 tournaments worldwide.'],"The query contains several ambiguities. First, 'record holder' is undefined—does it refer to the individual with the most wins in the Argentine PGA Championship alone, or the global PGA Tour record holder? Second, the phrase 'tournaments worldwide' could imply all PGA Tours globally, but the scope of 'tournaments' is unclear (e.g., including amateur events?). Third, no explicit names or dates are provided, making it impossible to identify the specific individual being referenced. These uncertainties prevent precise retrieval of numerical data.",0.1818181818,0,1.0,['230'],1,1.0,1.0
The Out of Control Tour began in an indoor arena above what?,"The Out of Control Tour began in an indoor arena in Manchester, above what?",['Manchester Victoria station'],['A swimming pool.'],"The query asks for the geographical feature 'above' which an indoor arena hosting the Out of Control Tour began. However, the critical missing information is the specific location (city, country) of the tour's start. Without knowing the venue or city, it is impossible to identify what the arena is situated above (e.g., a river, mountain, urban area). While the tour's name implies a reference to Green Day's '21st Century Breakdown Tour,' the lack of explicit location data renders the question underspecified.",0.0,0,0.0,['Above a railway station.'],0,0.3333333333,0.5
 Kenneth Anderson served under the General who was which President of the United States?,"During World War II's Operation Torch, British General Kenneth Anderson served under the Supreme Allied Commander who later became which President of the United States?",['34th'],['Ulysses S. Grant'],"The query seeks to identify a president who was also a general, with whom Kenneth Anderson served. While historical figures like Ulysses S. Grant (22nd President, Union General) and Dwight D. Eisenhower (34th President, Five-Star General) fit the 'General who was a President' criterion, the query lacks specificity regarding the timeline or exact identity of Kenneth Anderson. Without additional contextual details (e.g., date range, branch of service), multiple plausible answers exist, making the query ambiguous.",0.0,0,0.0,['Dwight D. Eisenhower'],0,0.0,0.75
"The city in which the Disney Resort & Spa, Aulani is located in, is colloquially known as what?","The master-planned community on the island of Oahu, where the Disney Resort & Spa, Aulani is located, is colloquially known as what?","['the ""second city"" of Oahu']",['Ko Olina'],"The query seeks the colloquial name of the city containing the Disney Resort & Spa, Aulani. While Aulani is physically located in Waikiki, Hawaii, which is a neighborhood on the island of Oahu, the administrative city is Honolulu. However, 'colloquially' may imply the local nickname for the area rather than the formal city name. The query's phrasing ('city') could ambiguously point to either Honolulu (formal city) or Waikiki (a widely recognized coastal area), leading to potential misinterpretation. Without clarification between formal vs. informal nomenclature, the query remains ambiguous.",0.0,0,0.0,['Ko Olina'],0,0.0,0.0
"Over what time period was the motion picture studio which produced Marvel One-Shots known as ""Marvel Films""?","During what time period was the motion picture studio, which eventually became Marvel Studios (the producer of Marvel One-Shots), officially known as ""Marvel Films""?",['from 1993 to 1996'],['1993 to 1996'],"The query references a fictional or obscure entity named 'Marvel Films' as the producer of 'Marvel One-Shots.' While 'Marvel One-Shots' are officially produced by Marvel Studios, the query uses a non-standard name ('Marvel Films') for the studio, which may not correspond to any historically documented entity. Additionally, the query lacks explicit temporal markers or contextual clues (e.g., years, milestones) needed to definitively identify the time period. The ambiguity around the studio's true identity and the absence of concrete date-based information render the query underspecified.",0.8571428571,0,1.0,['1993 to 1996'],0,0.8571428571,1.0
Is Chicago Rockford International Airport or McClellan–Palomar Airport closer to their nearest cities?,"Which airport is geographically closer to its primary associated city: Chicago Rockford International Airport, which is primarily associated with Rockford, Illinois, or McClellan–Palomar Airport, which is primarily associated with Palmdale, California?",['McClellan–Palomar Airport'],"['- Chicago Rockford International Airport is closer to its nearest city (Rockford, IL).  \n- McClellan–Palomar Airport is farther from its nearest city (Carlsbad, CA).']","The query asks which airport is closer to its ""nearest cities,"" but fails to specify which cities are being referenced. While Chicago Rockford International Airport (ORD) is primarily served by the city of Rockford, Illinois, and McClellan–Palomar Airport (MCC) serves the City of Palmdale, California, the term ""nearest cities"" is vague. The comparison depends on defining ""closest"" — e.g., distance to the airport's primary service area, neighboring municipalities, or other geographic landmarks. Additionally, the phrase ""closer to their nearest cities"" implies a comparative relationship between the two airports and their respective urban centers, but the lack of clarity around the reference points (e.g., Rockford vs. Sacramento) makes the query ambiguous.",0.1666666667,0,0.0,"['Chicago Rockford International Airport is geographically closer to its primary associated city, Rockford, Illinois.']",0,0.125,0.0
This radio programme that originally aired from October 1995 to April 2000 starred a critic working in what field?,"John Peel, who hosted a radio programme that originally aired from October 1995 to April 2000, worked as a critic in what field?",['pop music and popular culture'],['Film'],"The query references a radio programme with a specific time frame (October 1995–April 2000) and mentions a 'critic' starring in it. However, multiple radio programmes could match this timeframe. While some shows (e.g., ""The Archers,"" ""The World at One"") may fit, none are definitively identified by the given constraints alone. Additionally, the term 'critic' is ambiguous—without specifying which critic or their field (e.g., arts, politics, science), the question lacks sufficient uniqueness to resolve the answer conclusively.",0.0,0,0.0,['Music'],0,0.3333333333,0.5
"Brandy was handpicked by a producer that herself had been recognized by the ""Guinness World Records"" for what?","Brandy was handpicked by a producer who, as a female act, had been recognized by the ""Guinness World Records"" for what specific achievement, a title that identifies her as the most awarded female artist in history?",['most awarded female act of all-time'],"[""Being the world's most prolific music producer.""]","The query asks for the specific achievement or category under which a producer (associated with Brandy) was recognized by Guinness World Records. While the query provides the key entities (Brandy, producer, Guinness World Records), it lacks critical contextual clues such as the specific category of recognition (e.g., longest-running music artist, most produced albums, etc.), the time period, or the nature of the producer's contribution. Multiple possible answers could exist depending on which producer and recognition category is referenced, making the query ambiguous without further constraints.",0.1666666667,0,0.0,['Whitney Houston was recognized by the Guinness World Records as the most awarded female artist in history.'],0,0.2857142857,0.25
Who is the current governor of the state where former wrestler Stephen Cepello painted the Governor's Mansion?,"As of 2015, who was the governor of the state known as the 'Land of 10,000 Lakes'?",['Mark Dayton'],['Gavin Newsom'],"The query is underspecified because it hinges on obscure factual connections. While 'Stephen Cepello' is a real person (a retired WWE wrestler), the claim that he 'painted the Governor's Mansion' is not explicitly tied to a specific state or verified historical event. The query assumes familiarity with a non-trivial or niche fact linking Cepello to a state's Governor's Mansion, which is not clearly defined or universally known. Additionally, the term 'Governor's Mansion' refers to a physical building, and its location depends on the state, further requiring contextual knowledge beyond basic geography.",0.0,0,0.0,['Mark Dayton'],1,1.0,1.0
"Which son of Rick Barry was born first, Brent Robert Barry or Drew William Barry?",Which son of Rick Barry was born first: Brent Robert Barry (born 1971) or Drew William Barry (born 1973)?,['Brent Robert Barry'],['Drew William Barry'],"The query provides explicit names for both individuals (Brent Robert Barry and Drew William Barry) and references their father (Rick Barry). The key elements required to answer the question—birth orders of the two sons—are not included in the query. While the names suggest sibling relationships, determining birth order requires external factual knowledge (e.g., historical records of their births), which is not part of the query itself. Thus, the query lacks sufficient contextual details to resolve the question definitively without relying on pre-existing knowledge.",0.3333333333,0,0.0,['Brent Robert Barry'],1,1.0,1.0
What is the 2010 population of the city 2.1 miles southwest of Marietta Air Force Station?,"What is the 2010 population of Smyrna, Georgia?","['51,271']","['The 2010 population of Marietta, Georgia, was 56,579.']","The query requires identifying a specific city located 2.1 miles southwest of Marietta Air Force Station. While the reference point (Marietta Air Force Station) may be geographically defined, the lack of additional contextual details (e.g., state, county, or official name of the city) creates ambiguity. Multiple locations could satisfy the '2.1 miles southwest' criterion depending on the exact geographic coordinates of Marietta Air Force Station. Additionally, the absence of a unique identifier for the target city makes it impossible to definitively retrieve population data from reliable sources like the U.S. Census Bureau. Without further constraints, the query cannot be resolved to a singular, unambiguous answer.",0.0,0,0.0,"['51,271']",1,1.0,1.0
What is the population of the city that Munsonville is in the northwest corner of?,What is the population of the town in New Hampshire that contains the unincorporated community of Munsonville?,['729 at the 2010 census'],"['Nelson, New Hampshire, population approximately 700.']","The query requires identifying a city whose northwest corner contains 'Munsonville.' However, 'Munsonville' is not a recognized proper noun (it may be a made-up or obscure name), and the geographic relationship described ('northwest corner of') lacks contextual anchors. Without specifying which city or region Munsonville belongs to, the query cannot resolve the target city. Additionally, no explicit geographic coordinates, states, or countries are provided to narrow down the search, leading to ambiguity.",0.0,0,0.5,"['As of the 2020 census, the town of Nelson, New Hampshire, which contains Munsonville, has a population of 629.']",0,0.1,0.0
Tile Kolup pretended to be a member of what House?,"Historically, Tile Kolup pretended to be a member of what German imperial dynasty?",['Hohenstaufen'],['House of Hohenzollern'],"The query asks about 'Tile Kolup' and their association with a 'House,' but provides no contextual clues (e.g., literary work, gaming franchise, historical period) to identify which specific 'House' is being referenced. The term 'House' could relate to multiple domains (e.g., noble families in fiction, political parties, organizational groups), and 'Tile Kolup' does not appear to be a widely recognized public figure or canonical character in mainstream media. Without additional context, the query cannot be resolved definitively.",0.0,0,0.0,['Hohenstaufen dynasty'],0,0.6666666667,1.0
A book that attracted 600 people at a 2015 reading is based on a person who is documented for what attribute of the transgender movement?,"Nicole Maines, the subject of a book that attracted 600 people at a 2015 reading, is documented for what attribute of the transgender movement?",['youngest person to become a national transgender figure'],['Pioneering gender confirmation surgery.'],"The query seeks information about a book tied to the transgender movement, specifying a 2015 event with 600 attendees. While the time frame, attendance count, and thematic focus (transgender movement) are provided, critical ambiguities remain unresolved. Key missing elements include: (1) the specific book's title or author, which is essential to identify the source material; (2) the precise 'attribute' of the transgender movement being referenced (e.g., advocacy, visibility, legal milestones); and (3) the identity of the person central to the story. Without additional context or constraints, multiple plausible answers exist, making the query reliant on domain-specific knowledge not explicitly stated.",0.0,0,0.0,['Being the first transgender person to play a superhero on television.'],0,0.375,0.0
A holdout is an accessory used by cheats in order for them to recieve what?,"In the context of cheating in games, a holdout is a specialized accessory used by dishonest players to secretly manipulate game elements in order for them to receive what?",['reward'],['Extra cards or items during a game.'],"The query contains multiple ambiguities. 'Holdout' is not clearly defined - it could refer to a firearm (e.g., a pistol), a legal term (e.g., a dispute resolution method), or a technical term in computing/networking. The reference to 'cheats' suggests context involving deception or exploitation, but the connection between 'holdout' and 'cheats' remains unclear. Additionally, the phrasing 'recieve what?' lacks specificity about the intended outcome (e.g., advantage, data, resources). The lack of contextual clues about the domain (gaming, technology, law, etc.) prevents definitive interpretation.",0.0,0,0.0,['An unfair advantage'],0,0.0,0.25
What type of vegetation does Tabernaemontana and Crinum have in common?,What is the overarching biological classification that Tabernaemontana and Crinum share?,['plants'],['Both have tropical and subtropical vegetation.'],"The query asks for shared vegetation between two genera (Tabernaemontana and Crinum). While both are plant genera, the question lacks specificity regarding the species within each genus. Vegetation type depends on ecological niches, which vary among species. For example, Tabernaemontana may include forest understory species, while Crinum may include bulbous plants in wetlands or gardens. Without clarifying which species are referenced, the query cannot be definitively answered. Additionally, 'vegetation' could refer to ecosystem type (e.g., tropical forests) or plant communities, further requiring contextual specifics.",0.0,0,0.0,['Kingdom Plantae'],0,0.0,1.0
"No Smoking is a film loosely based upon the short story Quitters, Inc., which of three stories that are connected by the presence of what animal? ","No Smoking is a film loosely based upon the short story Quitters, Inc. In the anthology film *Cat's Eye*, which adapts 'Quitters, Inc.' and two other Stephen King stories, what animal serves as the connecting element between these three segments?",['cat'],['A cat'],"The query references 'three stories' connected by an animal but fails to name them explicitly. While 'Quitters, Inc.' is a known short story by Raymond Carver, the other two stories in the trilogy (likely 'The Life of David Gale' and 'The Baby') are not mentioned. The absence of explicit titles for the three stories creates ambiguity, as the connection to the animal (a cat) requires prior contextual knowledge not directly stated in the query. This reliance on external domain-specific knowledge makes the query underspecified.",1.0,1,1.0,['A cat'],1,1.0,1.0
" Heikki Seppa studied metalsmith at Goldsmith's school in Helsinki, and later at a silver factory founded by who?","Heikki Seppa studied metalsmith at Goldsmith's school in Helsinki, and later continued his studies at the Georg Jensen silversmithy, which was founded by who?",['Georg Arthur Jensen'],['August Holmström'],"The query asks for the founder of a 'silver factory' where Heikki Seppa studied after Goldsmith's school. While the subject (Heikki Seppa) and locations (Helsinki) are specified, the term 'silver factory' is ambiguous. Multiple historical silver factories exist in Finland (e.g., Suomen Kulta, Säätänen-Kallio). Without explicit identification of the specific factory, the query lacks clarity. Additionally, the connection between Heikki Seppa and the factory is not definitively stated, relying on contextual knowledge. This ambiguity renders the query underspecified.",0.0,0,0.0,['Georg Jensen'],0,0.8,1.0
"The publication of which magazine ended first, Right On! or Castle of Frankenstein?","Considering the horror/sci-fi magazine *Castle of Frankenstein* (published from 1962 to 1975) and the teen music magazine *Right On!* (published from 1971 to 2014), which magazine's publication ended first?",['Castle of Frankenstein'],['Castle of Frankenstein'],"The query asks which magazine publication occurred earlier between 'Right On!' and 'Castle of Frankenstein.' 'Right On!' is a well-documented satire magazine co-founded by Daniel Ellsberg in 1967. However, 'Castle of Frankenstein' does not refer to a recognized publishing entity. This term may be a misspelling or confusion with other works (e.g., a play or fictional concept), making the second option ambiguous. Since one of the magazines in the comparison lacks clear historical context, the query cannot be definitively answered without further clarification.",1.0,1,1.0,['Castle of Frankenstein'],1,1.0,1.0
"When Jeris Pendleton was first drafted out of college, what was the name of the field that him and his teammates played their home games on?","When Jeris Pendleton was first drafted into American football out of college by the Jacksonville Jaguars, what was the name of the stadium where he and his teammates played their home games?",['EverBank Field'],['Municipal Stadium'],"The query contains a potential error in the subject's name (""Jeris Pendleton""). There is no widely recognized professional athlete named Jeris Pendleton, and the name may be a misspelling or fictional. Even if assuming the name is correct, the query lacks critical context: (1) The sport type (e.g., football, baseball) is unspecified, which determines the relevant league and team structure; (2) The ""field"" refers to a sports field, but the question conflates ""field"" with ""stadium,"" which is ambiguous. Additionally, the draft process varies by sport, requiring further clarification on the specific sport and team involved.",0.0,0,0.0,['- EverBank Field'],1,1.0,1.0
How does George Abbott's career connect to the drama film Heat Lightning?,What were George Abbott's primary professional roles?,"['American theater producer and director, playwright, screenwriter']","[""George Abbott co-wrote the play 'Heat Lightning,' which the 1934 drama film 'Heat Lightning' was based on.""]","George Abbott (1884–1953) was a renowned American stage director and producer primarily active in Broadway and off-Broadway theatre, not film. 'Heat Lightning' (1976), a drama directed by Martin Ritt, is unrelated to Abbott's career. The query contains factual inaccuracies (e.g., Abbott’s lack of film involvement) and assumes a non-existent connection between a theatrical director and a 1970s film. Without additional contextual clues or corrections, the query lacks sufficient specificity to yield meaningful results.",0.0,0,1.0,['Theatre producer' 'Playwright' 'Director' 'Actor'],0,0.25,0.5
"Which university has more schools, Ateneo de Davao University or University of Rochester?","Which university has more academic divisions (e.g., colleges, faculties, schools), Ateneo de Davao University or University of Rochester?",['Ateneo de Davao University'],['University of Rochester'],"The query asks for a comparison between two universities based on their 'number of schools.' While 'schools' can ambiguously refer to physical campuses or academic divisions, the context implies academic subdivisions (e.g., Schools of Science, Business, etc.). Both institutions are singular universities, so the question hinges on clarifying whether 'schools' refer to campus locations (both have 1) or academic divisions (University of Rochester has ~25 schools; Ateneo de Davao has 6–7). The query lacks explicit definition of 'schools,' leading to potential misinterpretation. However, the core intent is discernible through contextual knowledge of institutional structures.",0.2857142857,0,0.0,['University of Rochester'],0,0.2857142857,0.0
What is another name for a forest which has the hamlet of Oakenclough on the edge of it?,"What is another name for the Forest of Bowland, a geographical area in Lancashire, England, which has the hamlet of Oakenclough on its edge?","['""Switzerland of England""']",['Forest of Bowland'],"The query requires identifying an alternate name for a specific forest associated with a hamlet called Oakenclough. While the presence of 'Oakenclough' suggests a possible reference to a fictional or localized setting (e.g., a novel, game, or regional legend), the query lacks explicit context linking Oakenclough to a known entity. Without prior knowledge of Oakenclough's geographical or narrative origin, the answer depends on external assumptions. Additionally, 'Oakenclough' itself may not correspond to a universally recognized location, making the query reliant on unspecified cultural or creative references.",0.3333333333,0,0.0,['The Bowland Fells'],0,0.0,0.0
"Hayden is a singer-songwriter from Canada, but where does Buck-Tick hail from?","Hayden is a singer-songwriter from Canada, but where does the Japanese rock band Buck-Tick hail from?","['Fujioka, Gunma']",['Japan'],"The query presents two distinct entities: 'Hayden' (a Canadian singer-songwriter) and 'Buck-Tick' (likely a musical act or individual). While Hayden's nationality and profession are explicitly stated, Buck-Tick's origins require contextual understanding. The query hinges on the assumption that 'Buck-Tick' refers to a known entity (e.g., the Japanese rock band Buck-Tick), whose origin is well-documented. However, without explicit clarification of what 'Buck-Tick' represents (e.g., a band, person, or fictional character), the query may lack specificity for those unfamiliar with the reference. Nevertheless, the structure of the question suggests the intended audience already recognizes 'Buck-Tick' as a known entity.",0.0,0,0.25,['Buck-Tick hails from Japan.'],0,0.0,0.25
"Where is the American hip hop group, that released the song ""RedEye to Paris"", from?","Where is the American hip hop group M.O.P., which released the song ""RedEye to Paris"", from?","['Flatbush section of Brooklyn, New York City']","['Seattle, Washington']","The query contains several specific elements: 'American hip hop group,' 'released the song RedEye to Paris,' and asks for the group's origin. To assess specification, we must confirm whether these clues uniquely identify a single group. While 'RedEye to Paris' may refer to a song by a particular artist (e.g., M.O.P.), the phrasing 'hip hop group' rather than 'artist' introduces ambiguity. Additionally, if multiple groups share the same song title or if the song is obscure, the query lacks clarity. However, given the explicit mention of 'American' and the song title, the intent appears focused on identifying a specific entity. Still, without external verification, the query hinges on assumptions about the song's association with a unique group.",0.0,0,0.0,"['Brownsville, Brooklyn, New York']",0,0.5454545455,0.5
Simon Walker released a historical novel by James Fenimore Cooper named what? ,What is the name of a historical novel written by James Fenimore Cooper?,['The Last of the Mohicans'],['The Spy'],"The query presents a contradiction and lack of clear context. James Fenimore Cooper (1785–1851) was a 19th-century American novelist whose major works include 'The Last of the Mohicans' (1826), 'The Sea Wolf' (1851), and others. Simon Walker is not a recognized figure associated with Cooper's works. Additionally, the phrase 'released a historical novel by [author]' implies either a publishing relationship or collaboration, but no credible evidence exists of Simon Walker being linked to Cooper's oeuvre. The query also fails to specify whether 'Simon Walker' refers to a publisher, editor, or fictional character, further contributing to ambiguity.",0.0,0,0.0,['The Last of the Mohicans'],1,1.0,1.0
What city is the army division that conducted Operation Blue Hearts in the Korean War based out of?,What city is the 1st Cavalry Division based out of?,"['Fort Hood, Texas']","['Fort Riley, Kansas']","The query contains several potential ambiguities. First, 'Operation Blue Hearts' is not a widely recognized or documented operation in the Korean War (1950–1953). Major operations during this period include the UN Counteroffensive (1950), the Battle of Chosin Reservoir (1950), and the Pusan Perimeter (1950), but 'Blue Hearts' does not appear in standard historical records. Second, even if such an operation existed, the question assumes a singular Army division carried it out, whereas military campaigns often involve coordinated efforts across multiple units. Finally, determining a 'base-out-of' city requires precise identification of the division's headquarters location, which depends on accurate operational history. Without verification of the operation's existence or clarification of the division's identity, the query remains unresolved.",0.3333333333,0,0.0,"['Fort Cavazos, Texas']",0,0.6666666667,0.5
How many minutes outside of Carson City is the Moonlite BunnyRanch on Moonlight Road?,How many minutes does it take to drive from Carson City to the Moonlite BunnyRanch on Moonlight Road?,['a few minutes'],['Approximately 10 minutes.'],"The query seeks to determine travel time (in minutes) between two points: Carson City and the Moonlite BunnyRanch on Moonlight Road. Key issues include: 1) Ambiguity about 'Moonlight Road' - its existence, location, and relation to Carson City are unspecified. 2) Lack of contextual details about transportation modes (e.g., driving, walking, flying) required to calculate time. 3) No reference to map coordinates, landmarks, or geographic boundaries to establish proximity. 4) The term 'Moonlite BunnyRanch' may be a fictional or misspelled entity, further complicating verification. Without precise spatial data or clear definitions, the query cannot be resolved with available information.",0.4,0,0.5,"['Approximately 10-15 minutes, depending on traffic.']",0,0.25,0.5
"Who wrote the jukebox musical depicting the recording session between the ""King of Rock and Roll"" and 3 other famous musicians?","Who wrote the jukebox musical *Million Dollar Quartet*, which depicts the famous 1956 recording session between Elvis Presley, Johnny Cash, Jerry Lee Lewis, and Carl Perkins?",['Floyd Mutrux and Colin Escott'],['Floyd Mutrux' 'Colin Escott'],"The query specifies a jukebox musical centered around the recording sessions of the 'King of Rock and Roll' (Elvis Presley) with three other notable musicians. While the exact title of the musical is not explicitly stated, the reference to a jukebox musical tied to Elvis's career suggests the intended work is 'Elvis,' a Broadway musical written by David Rabe. This interpretation relies on contextual understanding of cultural references and historical accuracy. However, the absence of explicit mention of the musical's title introduces ambiguity, as there may be alternative works fitting the description. Despite this, the core elements (genre, subject, and key figures) sufficiently narrow the search to a single well-known production.",0.5714285714,0,0.5,['Colin Escott' 'Floyd Mutrux'],0,0.5714285714,0.5
M.F.A. starred the actress known for starring in what E! reality series?,"Francesca Eastwood, who starred in the 2017 film *M.F.A.*, is known for starring in what E! reality series?",['Mrs. Eastwood & Company'],['Keeping Up with the Kardashians'],"The query hinges on resolving 'M.F.A.' as a reference to a specific person (an actress). However, 'M.F.A.' is ambiguous—could refer to a person's initials (e.g., Mary Frances Anderson) or a mispelling/abbreviation. Without explicit clarification of who 'M.F.A.' denotes, the identity of the actress remains unclear. Additionally, while E! reality series are well-known (e.g., ""The Real Housewives""), linking them to the unspecified actress requires precise identification of the target individual. This lack of specificity renders the query unable to be fully resolved without further context.",0.0,0,0.0,['Mrs. Eastwood & Company'],1,1.0,1.0
What occupation did Nicholas Christopher and Roger Ebert share?,What occupation did the author Nicholas Christopher and Roger Ebert share?,['author'],['Film critic'],"The query asks for the shared occupation between Nicholas Christopher and Roger Ebert. While Roger Ebert's occupation (film critic) is well-documented, Nicholas Christopher is either a lesser-known individual, a potential typos (e.g., 'Nicholas Cage'), or a non-public figure. Without definitive confirmation of Nicholas Christopher's profession or clarification of the name, the query lacks sufficient specificity to yield a reliable answer. The ambiguity around the first subject makes the query underspecified.",0.0,0,0.0,['Film critic'],0,0.0,0.0
Randall Cunningham II was a multi-sport athlete at the high school located in what Nevada city?,"Randall Cunningham II, a multi-sport athlete, has family ties to what Nevada city?",['Summerlin'],['Las Vegas'],"The query seeks to identify a Nevada city associated with Randall Cunningham II's high school. While Cunningham II attended St. Mary's High School in San Jose, California, and other schools in California, there is no credible evidence linking him to a high school in Nevada. The assumption of a Nevada location contradicts established biographical records. Additionally, the query lacks specificity regarding which high school or additional context (e.g., year attended, sports) might narrow the search. The presence of 'Nevada' introduces inconsistency with known facts, making the query underspecified due to conflicting premises.",0.0,0,0.25,['Las Vegas'],0,0.0,0.0
Are Super High Me and All in This Tea both documentaries?,Are the 2007 film 'Super High Me' and the 2007 film 'All in This Tea' both classified as documentaries?,['yes'],['Yes' 'Yes'],"The query asks whether two unspecified titles ('Super High Me' and 'All in This Tea') are both documentaries. While the term 'documentary' refers to a film genre, the response requires verification of the nature of these specific works. However, neither title appears to correspond to a widely recognized documentary, and without contextual clues (e.g., directors, production years, or explicit references), the query cannot be resolved definitively. Additionally, the phrasing does not clarify whether these are hypothetical titles or refer to existing films, leaving ambiguity about the scope of the question.",1.0,1,1.0,['Yes'],1,1.0,1.0
"Before moving to Boston to play at the New England Patriots, in which city did Dean Caliguire play his college and NFL football?","Prior to joining the New England Patriots in Boston, in what single city did Dean Caliguire play both his college and NFL football?",['Pittsburgh'],['Pittsburgh'],"The query seeks to identify the city where Dean Caliguire played both college and NFL football prior to joining the New England Patriots in Boston. While the question implies a singular location for both eras, this is inherently contradictory. College football and professional NFL careers typically occur in distinct locations. The ambiguity lies in whether the query intends to ask for (1) the city of his college football career and (2) the city of his NFL career separately, or (3) a single city that satisfies both. The phrase 'play his college and NFL football' suggests a unified answer, which is impossible due to the nature of these leagues. This lack of clarity regarding the intended scope of the question renders it underspecified.",1.0,1,1.0,['Pittsburgh'],1,1.0,1.0
"Who wrote the film, other than The Good Shepherd, in which Leonard Logsdail appeared as a tailor ?","Who wrote the film, other than The Good Shepherd, that is renowned for its extensive and meticulously tailored costume design, particularly the numerous bespoke suits worn by the protagonist, a casino executive?",['Martin Scorsese'],['Christopher Nolan'],"The query requires identifying the writer(s) of a film featuring Leonard Logsdail as a tailor, excluding 'The Good Shepherd.' However, the name 'Leonard Logsdail' appears to be fictitious or obscure, as there is no verified record of this individual appearing in any film, let alone as a tailor. Additionally, the reference to 'The Good Shepherd' introduces uncertainty: if this film is not linked to Logsdail's portrayal as a tailor, the exclusion becomes irrelevant. Since the foundational elements of the query lack concrete references or established facts, the question cannot be resolved with certainty.",0.0,0,0.0,['Nicholas Pileggi'],0,0.0,0.0
What county is Ron Teachworth from?,"What county is Ron Teachworth, the artist and educator, from?",['Oakland County'],['Macomb County'],"The query asks for the county of origin of a person named Ron Teachworth. While the name provides a potential subject, it does not include sufficient contextual clues (e.g., occupation, notable achievements, or geographic region) to unambiguously identify the intended individual. Multiple individuals may share this name, and without additional constraints, the query cannot be resolved definitively. The lack of specificity regarding the subject makes the query underspecified.",0.5,0,0.0,['Macomb County'],0,0.5,0.0
What sport do The Basham Brothers and Doug Basham have in common?,What sport do the professional wrestling tag team The Basham Brothers and professional wrestler Doug Basham have in common?,['wrestling'],['- Professional wrestling'],"The query references 'The Basham Brothers' and 'Doug Basham,' but does not explicitly clarify who these individuals are. While 'The Basham Brothers' may refer to a specific group (e.g., siblings in athletics), the term is not uniquely defined in mainstream contexts. Additionally, 'Doug Basham' could refer to multiple individuals (e.g., a baseball player, actor, etc.). Without explicit identification of these persons, the query lacks sufficient specificity to determine a definitive answer. The ambiguity hinges on external contextual knowledge about the individuals involved, which is not provided within the query itself.",0.6666666667,0,1.0,['Professional wrestling'],0,0.6666666667,1.0
"Danglemah, New South Wales is between which town and the town on the south-eastern edge of the Northern Tablelands, New South Wales Australia?","Danglemah, New South Wales is between which town and Uralla, New South Wales Australia?",['Tamworth'],['Tamworth' 'Walcha'],"The query contains two key elements: (1) 'Danglemah' is explicitly named and located in New South Wales, making its geographic identity clear. (2) The reference to 'the town on the south-eastern edge of the Northern Tablelands' is ambiguous due to the lack of specificity. While the Northern Tablelands region spans parts of NSW, its southeastern border includes multiple potential towns (e.g., Narrabri, Inverell, Gunnedah), none of which are definitively identified by the phrase 'south-eastern edge.' Additionally, the use of 'the town' implies a singular answer, but the geographical description does not narrow down the candidate towns sufficiently. This ambiguity renders the second part of the query underspecified.",1.0,1,1.0,['Tamworth'],1,1.0,1.0
"This work of literature _______ , known by its Greek title Oedipus Tyrannus was argued by Sigmund Freud to be one of the greatest works of world literature in his 1928 article. ","This work of literature, commonly referred to by its English title _______, and also known by its Greek title *Oedipus Tyrannus*, was argued by Sigmund Freud to be one of the greatest works of world literature in his 1928 article.",['Oedipus Rex'],['Oedipus Rex'],"The query presents a sentence with a single blank that appears to require filling in the English title of the literary work associated with the Greek title 'Oedipus Tyrannus.' While the context provides sufficient cues (e.g., reference to Freud’s 1928 article), the blank must be completed with the proper English equivalent of the Greek title, which is 'Oedipus Rex' or 'Oedipus the King.' However, the query lacks explicit instructions clarifying whether the blank should contain a noun (title), adjective, or other grammatical form. Additionally, while the Greek title is specified, the connection between the blank and the title is ambiguous without further contextual guidance. This ambiguity makes the query underspecified, as the solution relies on domain-specific knowledge not clearly articulated in the prompt.",1.0,1,1.0,['Oedipus Rex'],1,1.0,1.0
"Which band has more members, Test Icicles or X Ambassadors?",Which of the following bands has a publicly verifiable current member count that is greater than zero: Test Icicles or X Ambassadors?,['X Ambassadors'],['X Ambassadors'],"The query requires knowing the current member counts of two bands. While X Ambassadors is a known band with a documented history of lineups (e.g., originally formed in 2007 with 4 members, later reduced to 3 after splits), 'Test Icicles' is not a widely recognized band. Without verified, public sources confirming the member count of Test Icicles (or clarifying if they exist), the comparison cannot be resolved definitively. Additionally, the query does not specify a timeframe (current vs historical), adding ambiguity.",1.0,1,1.0,['X Ambassadors'],1,1.0,1.0
"Which university is this American philosopher, theologian, and Christian apologist, who supports theistic science, professor at?","Which university is William Lane Craig, the American philosopher, theologian, and Christian apologist who supports theistic science, a professor at?",['Biola University'],['Houston Baptist University'],"The query seeks to identify a specific individual based on their profession (philosopher, theologian, Christian apologist) and ideological stance (theistic science), then determine their affiliated university. However, the description lacks sufficient uniqueness to unambiguously identify the subject. Multiple individuals worldwide meet these criteria, and no distinctive identifiers (e.g., name, notable work, institutional affiliation) are provided. The absence of explicit naming or narrowing constraints renders the target ambiguous.",0.4,0,0.0,['Houston Christian University'],0,0.4,0.0
How many disciplines are combined in the degree that Hector Janse van Rensburg graduated from the University of York with?,"How many disciplines are combined in the Philosophy, Politics and Economics (PPE) degree that Hector Janse van Rensburg graduated from the University of York with?",['three'],['3'],"The query requires identifying Hector Janse van Rensburg's specific degree program at the University of York to determine the number of disciplines combined. However, the query does not explicitly state which degree or program he pursued. While the name and institution are provided, critical information about the specific degree type (e.g., joint honours, interdisciplinary studies) is absent. Additionally, verifying the accuracy of the individual's credentials and degree structure would depend on external data sources, which are not included in the query itself.",0.0,0,1.0,['Three'],1,1.0,1.0
"What movie was the actor born on May 4, 1946 involved in in 1972?","What movie was Eddie Aikau, born on May 4, 1946, involved in in 1972?",['Five Summer Stories'],['The Godfather'],"The query specifies the actor's birthdate (May 4, 1946) and the year (1972) of involvement. While the birthdate narrows down potential candidates, it does not guarantee uniqueness. Multiple actors could share the same birthday, and without further distinguishing factors (e.g., full name, notable roles, or films), the query lacks clarity. Additionally, verifying the actor's activity in 1972 requires cross-referencing external data, which introduces uncertainty. Thus, the query remains underspecified due to potential ambiguities in identifying the correct individual.",0.0,0,0.0,['The Sunshine Sea'],0,0.0,0.0
When was Erik Watts' father born?,"When was Bill Watts, the father of professional wrestler Erik Watts, born?","['May 5, 1939']","[""Erik Watts' father, Bill Watts, was born on May 5, 1939.""]","The query seeks the birth date of Erik Watts' father. However, 'Erik Watts' is not a uniquely identifiable individual in public record, and without explicit clarification (e.g., full name, profession, or context), the query cannot be resolved. Additionally, even if Erik Watts refers to a specific person, the absence of definitive information about his father's identity or biographical details makes the query underspecified.",0.4285714286,0,1.0,"['May 5, 1939']",1,1.0,1.0
"Who is Bruce Spizer an expert on, known as the most influential act of the rock era?","Bruce Spizer is a recognized expert on which musical group, widely acclaimed as the most influential act of the rock era?",['The Beatles'],['The Beatles'],"The query appears underspecified due to two key issues: 1) 'Bruce Spizer' is not a recognized public figure in music or academia, while 'Bruce Springsteen' is a prominent musician. This suggests a possible typographical error or confusion with a different name. 2) Even if 'Bruce Spizer' existed, the phrase 'most influential act of the rock era' is overly broad and lacks specificity regarding which field (e.g., music theory, cultural studies) the expertise pertains to. Without clarification on these points, the query cannot be accurately answered.",1.0,1,1.0,['The Beatles'],1,1.0,1.0
"What heritage site, known for a British explorer, is listed Seventeen Seventy Australia?","What heritage site in Australia, known for the British explorer Captain Cook, commemorates his landing in 1770?","[""Captain Cook's Landing Place""]","[""The site is associated with Captain James Cook's second landing in Australia.""]","The query contains several ambiguities. 'Seventeen Seventy' appears to be a misspelled or non-standard phrase, likely intending 'Seventeenth Century' or referencing an undefined listing titled 'Seventeen Seventy Australia.' This lack of clarification prevents determining the specific historical period or authoritative source (e.g., UNESCO, National Heritage List). Additionally, while the query mentions a 'British explorer,' multiple explorers (e.g., James Cook, William Dampier) could relate to Australian heritage sites, further broadening the scope. Without precise definitions for these terms, the query cannot yield a definitive answer.",0.4,0,0.25,['Cooktown'],0,0.0,0.0
What Theo Avgerinos movie did the actor known for the role as Matt McNamara appear in?,"In which movie did Theo Avgerinos, known for his role as Matt McNamara, appear?",['Fifty Pills'],['Fifty Pills'],"The query contains redundancy and ambiguity. 'Theo Avgerinos' is an actor who portrays the character 'Matt McNamara' in *Brooklyn Nine-Nine*. The query asks for movies featuring Theo Avgerinos (the actor) and the actor known for playing Matt McNamara (who is technically Theo Avgerinos). This creates a circular reference. Additionally, the phrase 'known for the role as Matt McNamara' lacks specificity, as it does not clarify whether this refers to a distinct actor or the same individual. Without explicit clarification, the query risks conflating the actor, the character, and the role, making it ambiguous whether the user seeks movies co-starring Theo Avgerinos with another actor or simply movies featuring him.",1.0,1,1.0,['Theo Avgerinos did not play Matt McNamara; that role was portrayed by John Hensley in the TV series *Nip/Tuck*.'],0,0.0,0.0
The 2013–14 Phoenix Suns season brought back a player who now plays for what team?,"The 2013–14 Phoenix Suns season brought back Gerald Green, who now plays for what team?",['Houston Rockets'],['Golden State Warriors'],"The query references the '2013–14 Phoenix Suns season' and seeks to identify a player 'brought back' during that period whose current team needs to be determined. While the timeframe and team are clearly defined, the phrase 'a player' introduces ambiguity. Multiple players could have been 'brought back' (e.g., trades, re-signings) during that season, and without specifying which individual, the question lacks clarity. Additionally, the term 'brought back' is vague—it could imply a trade acquisition, a re-signing, or a return from injury, each leading to different possible answers. The absence of a unique identifier (e.g., name, position, role) means the query cannot be resolved definitively without further context.",0.0,0,0.0,['Gerald Green is currently an assistant coach for the Houston Rockets.'],0,0.3636363636,0.0
What was the company that was co-owned by the person who Abbe error was named after?,What was the company that was co-owned by Ernst Abbe?,['Carl Zeiss AG'],['Carl Zeiss AG'],"The query contains ambiguous terminology ('Abbe error') that lacks clarity. 'Abbe error' does not clearly reference a known historical figure, technical term, or proper noun in mainstream contexts. This ambiguity prevents identification of the person being referenced, making it impossible to determine the intended company. Additionally, the phrase 'named after' suggests a naming convention (e.g., a person's name used in a term), but without clarification on which entity or individual is being referred to, the query remains unresolved.",1.0,1,1.0,['Carl Zeiss AG'],1,1.0,1.0
What type of arts that have existed since ancient times did the Stieber Twins specialize in?,What type of art did the Stieber Twins specialize in?,['Graffiti'],['Mosaic art'],"The query references 'the Stieber Twins,' a term that does not correspond to any historically documented or widely recognized artistic duo. Without clarification on who the Stieber Twins are (e.g., a specific historical figure, fictional character, or modern artist), the query lacks sufficient contextual information to identify the correct subject. Additionally, while the phrase 'artforms existing since ancient times' is broadly defined, the absence of specifics about the twins' specialization (e.g., visual arts, performance arts, etc.) further undermines the query's precision.",0.0,0,0.0,['Street art'],0,0.0,0.25
One Raffles Place is one of the tallest skyscrapers in the city of Singapore and tallest in the wolrd outside North America until it was succeeded by a Building in city?,One Raffles Place was the tallest skyscraper in the world outside North America until it was succeeded by a building located in which city?,['Hong Kong'],['Kuala Lumpur'],"The query seeks information about the building that succeeded One Raffles Place in Singapore as the tallest outside North America. While the query provides contextual details (location, height claims, and succession), critical specifics such as the exact name of the subsequent building, the year of replacement, or precise architectural details are missing. Additionally, the phrase 'Building in city?' appears incomplete, potentially leading to ambiguity. The query relies on external factual knowledge (e.g., Marina Bay Sands) not explicitly stated, making it reliant on assumptions rather than fully defined parameters.",0.0,0,0.0,['Hong Kong'],1,1.0,1.0
What other roles is the director of the American romantic comedy written by Peter Chiarelli and released in 2009 known for?,"What other roles is the director of the 2009 American romantic comedy 'The Proposal', written by Peter Chiarelli, known for?","['dancer, actress, choreographer']","[""Director of 'The Proposal' (2009), Anne Fletcher, is also known for directing 'Step Up' (2006), '27 Dresses' (2008), and 'Hot Pursuit' (2015).""]","The query seeks to identify the director of a specific film based on three attributes: genre (American romantic comedy), writer (Peter Chiarelli), and release year (2009). While these filters narrow down potential candidates, they do not uniquely identify a single film. Multiple films could match these criteria, leading to ambiguous results. Additionally, the query assumes the existence of a distinct director tied to this film, but without explicit confirmation of the film's title or further context, the identification of the director remains uncertain. Even after determining the director, the 'other roles' aspect requires additional data about their career trajectory.",0.0,0,0.0,"[""Anne Fletcher, the director of 'The Proposal,' is also known for her roles as a choreographer and director of films like 'Step Up,' '27 Dresses,' and 'Dumplin'.""]",0,0.0740740741,0.5
"What company headquartered in Whitley, Coventry, United Kingdom will start production in Nitra in 2018?","Which automotive company, headquartered in Whitley, Coventry, United Kingdom, began vehicle production at its new manufacturing plant in Nitra, Slovakia, in 2018?",['Jaguar Land Rover'],['Jaguar Land Rover'],"The query specifies three critical pieces of information: the headquarters location (Whitley, Coventry, UK), the production location (Nitra), and the year (2018). While these details narrow down the search space, they do not unambiguously identify a single company. Key uncertainties include: (1) Whether 'Whitley' refers to a specific entity (e.g., a town, industrial zone, or corporate office); (2) Potential ambiguity around 'Nitra' as a location (though it is clearly a Slovakian city); and (3) The absence of a company name, leaving room for multiple candidates. Additionally, historical records from 2018 may not align perfectly with modern data sources due to changes in business structures or mergers. Without explicit confirmation of the company's identity, the query remains open to interpretation.",1.0,1,1.0,['Jaguar Land Rover'],1,1.0,1.0
Of what county is the city 7 miles east of Trace State Park the seat?,Of what county in Mississippi is the city 7 miles east of Trace State Park the seat?,"['Lee County, Mississippi']",['Pontotoc County'],"The query requires identifying a city located 7 miles east of Trace State Park and determining its associated county. However, the critical missing element is the geographic location of Trace State Park itself. Without explicit identification of the park's location (e.g., state, region, or coordinates), the reference frame for '7 miles east' cannot be resolved. Additionally, while the term 'seat' implies a county seat, the query does not confirm whether the city in question is indeed a county seat. These ambiguities make the query dependent on external geographic knowledge not explicitly provided.",0.4,0,0.0,['Pontotoc County'],0,0.4,0.0
"What is the name of the Australian specialist electronic music magazine that features avant-rock, experimental sound art, and experimental hip hop?","What is the name of the Australian specialist experimental electronic music magazine that features avant-rock, experimental sound art, and experimental hip hop?",['Cyclic Defrost'],['Cyclic Defrost'],"The query explicitly identifies the key attributes required to pinpoint the magazine: 'Australian', 'specialist electronic music', and the specific genres (avant-rock, experimental sound art, experimental hip hop). While there may be limited publications matching these criteria, the query contains sufficient specificity to narrow down the search. The absence of ambiguous parameters (e.g., publication frequency, year, or alternative names) suggests the intent to find a unique match. However, the rarity of such a niche publication introduces potential uncertainty, which may lead to multiple plausible answers.",1.0,1,1.0,['Cyclic Defrost'],1,1.0,1.0
 What is the title of the memoir written by the honoree of the Black and White Ball?,"What is the title of the memoir written by Katharine Graham, the honoree of Truman Capote's Black and White Ball?",['Personal History'],['Answered Prayers'],"The query references 'the Black and White Ball,' which is vague and ambiguous without contextual clarification. It does not specify which event, organization, or cultural reference the 'Black and White Ball' denotes. Additionally, the term 'honoree' is too general; without identifying which specific individual or group was honored, the author of the memoir cannot be determined. The lack of specificity regarding both the event and the honoree makes the query unable to yield a definitive answer.",0.0,0,0.0,['Personal History'],1,1.0,1.0
Postal 2 has scenes that are used in a song that was released in what year?,In what year was the video game Postal 2 released in Europe?,['June 2003'],['2010'],"The query requires identifying a specific song derived from scenes in ""Postal 2"" and determining its release year. While ""Postal 2"" is a known video game, the reference to a song using its scenes introduces ambiguity. Without specifying which song (e.g., a track featuring gameplay clips, sample audio, or visual motifs), the query cannot uniquely identify the intended song. Additionally, the connection between the game's content and a specific song may depend on external cultural references or obscure media that are not explicitly defined in the query. This lack of specificity prevents a definitive answer.",0.0,0,0.0,['2003'],0,0.6666666667,0.75
Said Fazal Akbar was appointed Governor by the President of Afghanistan that served until what day?,Said Fazal Akbar was appointed Minister by the President of Afghanistan that served until what day?,['29 September 2014'],"['Served until December 22, 2001.']","The query seeks information about the tenure of Said Fazal Akbar as Governor of Afghanistan, specifically the end date of his service. While the query includes key entities (person, title, appointing body), critical ambiguities exist: 1) There is no widely recognized figure named 'Said Fazal Akbar' serving as Governor of Afghanistan in official records; this may indicate a misspelling or misidentification (e.g., potential reference to Abdul Rahim Mardan or others). 2) The term 'Governor' is vague—Afghanistan has provincial governors, but the presidency directly appoints ministers, not governors. 3) No specific province or timeframe is mentioned, making it impossible to uniquely identify the individual or their tenure. Without clarification on these points, the query cannot be fully resolved.",0.0,0,0.0,"['April 14, 2021']",0,0.0,0.0
Which airport Grand Forks International Airport or El Paso International Airport is closer to their town ?,"Which airport, Grand Forks International Airport or El Paso International Airport, is closer to the city it serves?",['El Paso International Airport'],"['- Grand Forks International Airport is closer to its town (Grand Forks, ND) at about 5 miles.  \n- El Paso International Airport is farther from its town (El Paso, TX) at about 6 miles.']","The query asks for comparison between two airports based on proximity to 'their town,' but fails to specify which town is being referenced. While Grand Forks International Airport serves the city of Grand Forks, North Dakota, and El Paso International Airport serves El Paso, Texas, the term 'their town' introduces ambiguity without defining a specific location. Without knowing the exact town in question, the query cannot be resolved definitively.",0.2222222222,0,0.0,['- Grand Forks International Airport'],0,0.5,0.0
What type of sprite did Milada Šubrtová portray in Antonín Dvořák's reknowned opera?,What type of sprite did Milada Šubrtová portray in Antonín Dvořák's opera *Rusalka*?,['water sprite'],['Water sprite'],"The query asks about a 'sprite' portrayed by Milada Šubrtová in Dvořák's opera. While the name 'Milada Šubrtová' and the composer 'Antonín Dvořák' are specific, the reference to 'the renowned opera' is ambiguous. Dvořák composed multiple operas (e.g., *Rusalka*, *Jenufa*), and without identifying which specific work is intended, the answer cannot be determined. Additionally, the term 'sprite' may not directly correspond to a known role in Dvořák's operas, further complicating the interpretation.",1.0,1,1.0,['Water sprite'],1,1.0,1.0
Who served as the head coach for the Grizzlies in the 2004-05 season and as head coach for the Brooklyn Nets?,Who served as an interim head coach for the Grizzlies during the 2004-05 season and as head coach for the Brooklyn Nets during the 2014-15 season?,['Lionel Hollins'],['Lionel Hollins'],"The query specifies two distinct entities (Memphis Grizzlies and Brooklyn Nets) and precise temporal contexts (2004-05 season). While the Brooklyn Nets portion lacks a specified season, the Grizzlies' role is clearly tied to a defined timeframe. The combination of team identities and seasonal context provides sufficient constraints to narrow down potential candidates. However, the absence of a stated season for the Nets introduces ambiguity, as the question assumes a direct connection between the two roles. This creates a dependency on external knowledge (e.g., historical coaching assignments), making the query partially reliant on domain-specific expertise rather than purely explicit parameters.",1.0,1,1.0,['Lionel Hollins'],1,1.0,1.0
"In what city was the second bowl game to air on all the ""big four"" television networks played?","In what city was the second BCS National Championship Game, which aired on one of the ""big four"" television networks (ABC, CBS, ESPN, Fox), played?",['Miami'],['Orlando'],"The query seeks information about a specific historical event involving college football bowl games and their broadcasting rights. While 'big four' television networks (ABC, CBS, ESPN, Fox) are broadly understood, the exact timeline of bowl games airing on all four networks is unclear. The phrase 'second bowl game to air on all the big four' depends on historical records of broadcasting agreements, which are not explicitly defined in the query. Additionally, the query assumes prior knowledge of which bowl games met this criterion, which is not directly stated. This lack of specificity regarding the timeframe or definitive list of qualifying bowl games makes the query dependent on external factual knowledge rather than being self-contained.",0.0,0,0.0,"['Miami, Florida']",0,0.6666666667,1.0
What is the name of the statue whose replica have been created in many landmarks world-wide such as near Pont de Grenelle in Paris?,"What is the formal name of the iconic statue, originally located in New York Harbor, whose design has been replicated in numerous landmarks worldwide, including a notable replica near Pont de Grenelle in Paris?",['Liberty Enlightening the World'],['Statue of Liberty'],"The query seeks the name of a statue with global replicas, specifically referencing a location near Pont de Grenelle in Paris. While the phrase 'Pont de Grenelle' suggests a specific European site, the query lacks explicit confirmation of the original statue's location. However, the most well-known statue with international replicas is the Statue of Liberty. Although the original resides in New York, a smaller replica exists in Paris (near the Seine River). Additionally, the term 'statue' could refer to the 'Liberty Bell,' but this is a bell, not a statue. Given contextual clues and historical references, the intended answer aligns with the Statue of Liberty due to its widespread recognition and replica distribution.",0.3333333333,0,1.0,['The Statue of Liberty'],0,0.3333333333,0.25
The Combs–Hehl Bridge is a twin span single pier cantilever bridge carrying an intersate loop that encloses and area of over how many acres? ,"The Combs–Hehl Bridge is a twin span single pier cantilever bridge carrying Interstate 275, an interstate loop that encloses an area of approximately how many acres?","['250,000']","['Over 1,500 acres']","The query provides descriptive details about the bridge (twin span, single pier cantilever) and specifies the feature being asked about (an interstate loop enclosing an area). However, it fails to include critical numerical data or contextual references needed to definitively answer 'over how many acres.' Without explicit measurements, historical records, or authoritative sources specifying the enclosed area, the query relies on external knowledge not embedded within the question itself. This lack of concrete data makes the query underspecified.",0.0,0,0.0,"['Approximately 250,000 acres']",0,0.5,1.0
Ralf D. Bode is best known for his work on a film starring who as Loretta?,"Ralf D. Bode is best known for his work on the film *Coal Miner's Daughter*, starring who as Loretta?",['Sissy Spacek'],['Cher'],"The query requires identification of a specific film associated with Ralf D. Bode and the actor playing 'Loretta' in that film. While the query references 'best known for his work,' it does not explicitly name the film (e.g., 'The Candidate', 'Gangs of New York'), leaving ambiguity about which project is being referenced. Additionally, 'Loretta' may refer to a character in multiple films, requiring further clarification to pinpoint the correct title and actor. Without explicit details about the film or the context of 'Loretta,' the query cannot be resolved definitively.",0.0,0,0.0,['Sissy Spacek'],1,1.0,1.0
Was the famous opera comique that was based on a Prosper Merimee novella a comedy or a tragedy? ,"Was Bizet's opera *Carmen*, perhaps the most famous *opéra comique*, which was based on Prosper Mérimée's novella *Carmen*, a comedy or a tragedy?","['""Carmen"", perhaps the most famous ""opéra comique"", is a tragedy']",['A tragedy'],"The query references an 'operacomique' based on a Prosper Merimee novella but fails to specify which exact opera or novella is being referenced. While Merimee authored notable works like 'Carmen,' which inspired an opera by Bizet, this is a grand opera, not a comique. Additionally, there may be ambiguity around which Merimee novella (e.g., 'L'Étranger') is being referenced. Without identifying the specific opera or novella, the query cannot be resolved definitively as the answer depends on context that is missing.",0.2222222222,0,1.0,['Tragedy'],0,0.2222222222,1.0
What colloquial umbrella do Rutgers and the many Ivy league schools fall under?,"Considering Rutgers University is a public institution and not part of the Ivy League, what shared historical colloquial umbrella term applies to both Rutgers and many of the Ivy League schools?",['colonial colleges'],['Ancient Eight'],"The query contains conflicting information. Rutgers University is a public research university and not part of the Ivy League (a group of eight私立 liberal arts Colleges). The phrase 'colloquial umbrella' suggests seeking a shared informal label, but Rutgers and Ivy League schools belong to distinct categorizations (public vs. private, regional affiliations). The contradiction between Rutgers (non-Ivy) and Ivy League schools creates ambiguity about what unifying term the user seeks. Additionally, the phrasing 'many Ivy league schools' implies pluralization of a singular entity, further complicating clarity.",0.0,0,0.0,['Colonial Colleges'],1,1.0,1.0
"What was the country which has border with the village where an Austrian forest caretaker, naturalist, pseudoscientistref>Ronald Engert: ""Die Forellenturbine als Prinzip der kostenlosen Energiegewinnung born?","What was the country that borders the village of Gmünd in Lower Austria, where the Austrian forest caretaker, naturalist, and pseudoscientist Ronald Engert lived?",['Czech Republic'],['Germany'],"The query seeks a country bordering the village where Ronald Engert lived. While the text identifies Engert as Austrian, it does not explicitly state the specific village in Austria where he resided. Austria borders multiple countries (Germany, Switzerland, Italy, Hungary, Czech Republic, Slovakia). Since the village is unspecified, the query lacks sufficient details to pinpoint the exact neighboring country. Additionally, the term 'born' may refer to his birthplace rather than residence, further complicating identification.",0.0,0,0.0,['Czech Republic'],1,1.0,1.0
"Which film director is younger, Robert Z. Leonard or Sinclair Hill?","Which film director is younger, Robert Z. Leonard (born 1889) or Sinclair Hill (born 1894)?",['Sinclair Hill'],['- Sinclair Hill'],"The query asks about the age comparison between two individuals whose identities are unclear. 'Robert Z. Leonard' appears to be a misspelled or incorrect name; no prominent film director shares this name. 'Sinclair Hill' is also not a recognized film director. Additionally, the query does not provide any contextual clues (e.g., birthdates, biographical details) necessary to resolve the ambiguity. Without verified identification of the individuals in question, the query lacks sufficient specificity to generate an accurate response.",1.0,1,1.0,['Sinclair Hill'],1,1.0,1.0
How many Grammy awards were won by an album named after the Joni Mitchell song from Love Actually?,"How many Grammy awards were won by Joni Mitchell's album 'Both Sides Now', which is named after her song featured in the film 'Love Actually'?",['two Grammy awards'],['2'],"The query contains several ambiguous references. First, 'the Joni Mitchell song from Love Actually' is unclear because 'Love Actually' is a film, not a musical work, and no known Joni Mitchell song is explicitly tied to it. Second, the phrase 'an album named after the Joni Mitchell song' lacks specificity—the song itself (and thus the album) is undefined. Without knowing which particular Joni Mitchell song is being referenced, or whether the film 'Love Actually' is relevant, the query cannot be accurately answered. These ambiguities make the query underspecified.",0.0,0,1.0,['2'],0,0.0,1.0
Which British racing driver has raced for 7 different teams and won the European Grand Prix in 1999?,"Which British Formula 1 racing driver, who competed for exactly 7 distinct teams, won the 1999 Formula 1 European Grand Prix?",['Johnny Herbert'],['Johnny Herbert'],"The query requires identifying a British driver who meets two criteria: racing for 7 teams and winning the European Grand Prix in 1999. Historical records show that the 1999 European Grand Prix was won by Michael Schumacher (Ferrari). However, Schumacher was German, not British. No British driver is documented as having won the 1999 European Grand Prix. Additionally, while some British drivers (e.g., Damon Hill, Nigel Mansell) raced for multiple teams, none achieved the exact combination of 7 teams and a 1999 European GP victory. The lack of a valid candidate makes the query underspecified due to conflicting constraints.",1.0,1,1.0,['Johnny Herbert'],1,1.0,1.0
"Prior to playing for Michigan State, Keith Nichol played football for a school located in what city?","Prior to playing for Michigan State, Keith Nichol played football for the University of Oklahoma, which is located in what city?",['Norman'],['Norman'],"The query seeks information about Keith Nichol's pre-Michigan State football career. While it specifies 'Michigan State' as the target school, it does not explicitly state the name of the school he played for prior to Michigan State. To answer this, one would require additional context (e.g., the name of the previous institution) or outside knowledge about Nichol's athletic history. Since the query lacks explicit details about the predecessor school, it relies on assumptions or prior knowledge that may not be universally accessible.",1.0,1,1.0,['Norman'],1,1.0,1.0
Which FC Barcelona signee was a contender for the Rookie of the Year Award when he played for the Timberwolves?,"Which player, who previously played for FC Barcelona's basketball team, was a contender for the NBA Rookie of the Year Award when he played for the Minnesota Timberwolves?",['Ricard Rubio i Vives'],['Ricky Rubio'],"The query contains conflicting information. 'FC Barcelona' is a Spanish football (soccer) club, while 'Timberwolves' is an NBA basketball team. A single athlete cannot simultaneously play for both organizations in their respective sports. Additionally, there is no historically documented player who has transitioned between these two leagues (football vs. basketball) in recent years. The term 'Rookie of the Year Award' applies to basketball (e.g., NBA), further highlighting the inconsistency. The query assumes a scenario that violates established sports realities.",0.3333333333,0,1.0,['Ricky Rubio'],0,0.3333333333,1.0
"""Aroma-scope"" used in Spy Kids 4 is reminiscent of what marketing gimmick used in Polyester in 1981?","Spy Kids 4: All the Time in the World (2011) utilized a scratch-and-sniff card technology called ""Aroma-scope"" to allow viewers to experience scents during the film. What was the name of the similar scratch-and-sniff marketing gimmick used with the 1981 film Polyester?","['""Odorama""']",['Scratch-and-sniff cards'],"The query requires knowledge of two distinct cultural references: 'Aroma-scope' from *Spy Kids 4* (2001) and a specific marketing gimmick from *Polyester* (1981). While *Polyester* is famously associated with its controversial marketing tactics (e.g., its infamous 'stink bomb' commercial), the term 'Aroma-scope' is not widely recognized as a formal concept in pop culture or marketing history. The query lacks sufficient contextual clarification about what 'Aroma-scope' entails (e.g., a product, slogan, or phenomenon) and does not explicitly define the marketing gimmick from *Polyester*. This ambiguity prevents definitive mapping between the two concepts.",0.0,0,0.25,['Odorama'],1,1.0,1.0
"Between Amazing Stories and Aquarium Fish International, which magazine is devoted more to hobbies related to physical activities?","Between Amazing Stories and Aquarium Fish International, which magazine is devoted more to hobbies that require significant hands-on manual effort?",['Aquarium Fish International'],['Aquarium Fish International'],"The query asks for comparison between two magazines based on their focus on hobbies tied to physical activities. ""Amazing Stories"" is widely known as a science-fiction themed magazine, focusing on speculative narratives, technology, and space themes, which are largely non-physical. ""Aquarium Fish International"" implies a focus on aquaculture, fishkeeping, or marine biology, which are typically sedentary hobbies. Neither magazine’s primary subject matter aligns strongly with physical activities. Without explicit details about specific articles, editorial focuses, or categorized hobbies within each publication, the query lacks sufficient context to definitively answer the question. The term ""hobbies related to physical activities"" is vague and its application to either magazine depends on assumptions not provided in the query.",1.0,1,1.0,['Aquarium Fish International'],1,1.0,1.0
Are both Bird Talk and Decibel monthly magazines about birds?,Are both Bird Talk and Decibel magazines published monthly and primarily focused on avian species?,['no'],"['Bird Talk is a monthly magazine about birds, but Decibel is a music magazine.']","The query asks whether two magazines (Bird Talk and Decibel) are 'monthly magazines about birds.' While the terms 'monthly magazines' are explicit, the phrase 'about birds' is ambiguous. It could refer to exclusive coverage of avian biology, birdwatching, or broader ecological themes. Moreover, the name 'Decibel' suggests a potential misalignment with the topic (as Decibel is a known music-focused magazine). The query relies on external knowledge about the magazines' actual contents, which may not be explicitly stated in the question. This ambiguity around the scope of 'about birds' and reliance on prior knowledge make the query underspecified.",0.0,0,0.5,"['Bird Talk is published monthly and focuses on avian species.'
 'Decibel is published monthly but focuses on heavy metal music, not avian species.']",0,0.0,0.25
Which actress worked closely withCharpes Lane? ,Which actress frequently co-starred with Charles Lane on her popular television series?,['Lucille Ball'],['Lucille Ball'],"The query contains a potential typographical error ('Charpes' vs. 'Charles' or other variations) and references a non-recognized entity ('Charpes Lane'). This ambiguity makes it unclear who 'Charpes Lane' refers to, as there is no widely known public figure by that name. Additionally, the phrase 'worked closely with' is vague without specifying the nature of the collaboration (e.g., production, acting, direction). Without clarification on the subject's identity or context, the query cannot be resolved definitively.",1.0,1,1.0,['Lucille Ball'],1,1.0,1.0
The boxer that defeated Oliver Lavigilante in the 2012 Summer Olympics is of what nationality?,The boxer who defeated Oliver Lavigilante in the Men's Light Flyweight (49 kg) boxing event at the 2012 Summer Olympics was of what nationality?,['a Ghanaian boxer'],['British'],"The query requires identifying the boxer who defeated Oliver Lavigilante in the 2012 Olympics. However, 'Oliver Lavigilante' appears to be a misspelling or non-existent name (the correct name may be 'Oliver Liggiliante', a fictional character from *The Wire*). Even if the name is accurate, the query lacks critical specificity: the weight class (e.g., flyweight, lightweight) determines which boxer competed in which category. Without this detail, multiple boxers could have defeated the hypothetical opponent in different events. Additionally, the query assumes the existence of such a matchup, which may not align with historical records. These ambiguities render the query underspecified.",0.0,0,0.0,['Chinese'],0,0.0,0.0
A 1946 musical comedy starred a British actor who lived in what country throughout his adult life?,"Cary Grant, a British actor who starred in a 1946 musical comedy, lived in what country throughout his adult life?",['United States'],['United States'],"The query specifies the year (1946), genre (musical comedy), and the nationality (British) of the actor, but does not narrow down the specific actor or work. Multiple British actors were active in musical comedies in 1946, and the question relies on contextual knowledge about which actor 'lived in what country throughout his adult life.' Without explicit identification of the actor, the query lacks sufficient constraints to yield a definitive answer. Additionally, the phrasing 'throughout his adult life' implies a long-term residence, but no further details are provided to confirm uniqueness.",1.0,1,1.0,['United States'],1,1.0,1.0
Name a member of a British-American supergroup who recored a version of Nobody's child in 1990,Name a member of The Traveling Wilburys who recorded a version of Nobody's Child in 1990.,['Bob Dylan'],['George Harrison'],"The query requires identifying a member of a British-American supergroup who performed a 1990 recording of ""Nobody's Child."" While the song is associated with The Clash (original release 1982), no widely recognized British-American supergroup is explicitly named. Possible candidates could include members of bands like The Police (British) or Bruce Springsteen (American), but neither aligns with the 1990 timeline or the specific song. Additionally, the term 'supergroup' lacks clarity (e.g., The Traveling Wilburys, but they existed before 1990). Without explicit references to a specific group or unique context, the query remains ambiguous due to insufficient constraints.",0.0,0,0.0,['George Harrison'],0,0.0,0.0
When was the creator of Bully Boy born?,"When was Bill Sienkiewicz, the comic book artist known for his work on Elektra: Assassin, born?",['3 May 1958'],['The birthdate of the creator of Bully Boy is not publicly available.'],"The query is underspecified due to ambiguity surrounding 'Bully Boy.' While 'Bully' may refer to the 2004 video game developed by Rockstar North, 'Bully Boy' is not a recognized title or alias for any widely known individual or work. Without clarification on the intended subject (e.g., the game 'Bully,' a fictional character, or a real person named 'Bully Boy'), the query cannot definitively identify the creator. Additionally, the term 'Bully Boy' lacks contextual specificity to resolve ambiguities in its meaning.",0.0,0,0.0,"['- May 3, 1958']",0,1.0,1.0
"Before going to the London School of Theology, John Burges spent six years working for a company headquartered in what country?","Before going to the London School of Theology, John Burges spent six years working for Shell. In what country was this company headquartered?",['the Netherlands'],['United States'],"The query asks for the country where John Burges' previous employer was headquartered. While the subject (John Burges) and the institutional context (London School of Theology) are clearly defined, the critical detail—the name of the company—remains unspecified. This omission creates ambiguity, as multiple companies could fit the description. Additionally, while John Burges is historically associated with the London School of Theology, confirming the nationality of his prior workplace requires external knowledge beyond the query's phrasing. Since the query lacks specificity about the company, it cannot be definitively answered without further information.",0.0,0,0.0,['Netherlands'],1,1.0,1.0
"In what year did the Danish plant ecologist who assisted a Danish chemist, famous for the introduction of the concept of pH die?","In what year did the Danish plant ecologist Knud Jessen, a contemporary of the Danish chemist famous for the introduction of the concept of pH, die?",['1974'],['1972'],"The query references two key individuals: a Danish chemist renowned for introducing the pH concept (Søren P.L. Sørensen) and a Danish plant ecologist who assisted him. While Sørensen is unambiguously identifiable, the plant ecologist is ambiguously described. There is insufficient historical clarity on which specific individual (if any) fit this role, as no single widely recognized Danish plant ecologist is explicitly linked to collaborating with Sørensen. Without explicit identification of the ecologist's name or further contextual clues, the query lacks sufficient specification to produce a definitive answer.",0.0,0,0.0,['- 1971'],0,0.0,0.0
Where was the movie filmed starring Choi Yoon-young in 2012?,"Where was the 2012 movie 'The Grand Heist', starring Choi Yoon-young, filmed?",['Korea'],"['Jeonju, South Korea']","The query provides the actor's name (Choi Yoon-young), the year (2012), and the context of a movie. However, it does not specify which particular movie or filmography item is being referenced. Multiple films featuring Choi Yoon-young may exist in 2012, and without additional identifying details (e.g., film title, genre, or plot keywords), the query cannot uniquely pinpoint the intended movie. This lack of specificity prevents a definitive answer.",0.5,0,0.5,['South Korea'],0,0.6666666667,1.0
Who wrote the TV serial in which Rosemary Martin played Marjorie ?,Who wrote the TV serial 'The Singing Detective' in which Rosemary Martin played Marjorie?,['Dennis Potter.'],['Carla Lane'],"The query seeks to identify the writer of a TV serial featuring Rosemary Martin as Marjorie. While it provides two key pieces of information (actor and role), it fails to specify the title of the TV serial. This creates ambiguity because Rosemary Martin may have portrayed 'Marjorie' in multiple TV shows, and without the specific title, the answer cannot be uniquely determined. The lack of the show's name makes the query underspecified.",0.0,0,0.0,['Dennis Potter'],1,1.0,1.0
Rostker v. Goldberg held that the practice of what way of filling armed forces vacancies was consitutional?,Rostker v. Goldberg held that the Selective Service Act's requirement for males to register for what system of compulsory military service was constitutional?,['Conscription'],['Male-only draft registration'],"The query appears to conflate two distinct legal concepts. Rostker v. Goldberg (1980) addressed the constitutionality of the Selective Service Act's requirement for males to register for the draft, not the methods of filling military vacancies. The case specifically concerned gender-based exemptions from the draft, not vacancy-filling practices. The phrase 'way of filling armed forces vacancies' is irrelevant to the case's holdings, which focused on compulsory registration and equal protection claims. This mischaracterization makes the query underspecified as it asks about a factual/legal element unrelated to the case's central issue.",0.0,0,0.25,['The draft'],0,0.0,0.75
Who was the opponent of the Republican of Indenosia when Nugroho Notosusanto served as a member of the Student Army,"Who was the primary adversary of the Republic of Indonesia during the Indonesian National Revolution, a period when Nugroho Notosusanto was a member of the Tentara Pelajar (Student Army)?",['the Dutch Empire'],['The Dutch during the Indonesian National Revolution.'],"The query contains multiple ambiguities and inconsistencies. First, 'Republican of Indenosia' appears to be a non-existent or misspelled entity (likely referring to 'Indonesia', but even then, no such 'Republic of Indonesia' exists historically). Second, 'Nugroho Notosusanto' is not a recognized historical figure, and 'Student Army' lacks specificity regarding its organization, timeline, or geographic context. Additionally, the phrase 'opponent of the Republican of Indenosia' is vague without defining the political or military framework. These factors prevent the query from being fully resolved without further clarification.",0.2857142857,0,0.75,['The Netherlands'],0,0.0,1.0
"Where is the academy, for which Joseph D. Stewart was appointed Superintendent, located?","Where is the United States Merchant Marine Academy, for which Joseph D. Stewart was appointed Superintendent, located?","['Kings Point, New York']","['New London, Connecticut']","The query seeks the location of an academy linked to Joseph D. Stewart being its Superintendent. While the subject (Joseph D. Stewart) and his role (Superintendent) are specified, the query lacks critical contextual details: (1) the full name of the academy, (2) geographic region or country, and (3) temporal specificity (e.g., when he was appointed). These omissions create ambiguity, as 'Joseph D. Stewart' may refer to multiple individuals, and 'academy' is too vague to narrow down the target institution. The query relies on external knowledge to resolve these ambiguities, making it underspecified.",0.2857142857,0,0.0,"['Kings Point, New York']",1,1.0,1.0
Is Edison Sault Power Canal somehow linked with or used with the Cayuga–Seneca Canal?,"Is there any direct physical or operational connection between the Edison Sault Power Canal, a hydroelectric facility in Michigan/Ontario, and the Cayuga–Seneca Canal, a historic navigation canal in New York?",['no'],"['- No, the Edison Sault Power Canal and the Cayuga–Seneca Canal are not directly linked or used together.']","The query asks about a potential connection between two distinct water management structures: the Edison Sault Power Canal (a hydroelectric facility in Michigan/Ontario) and the Cayuga–Seneca Canal (a historic New York state canal). While both involve waterway systems, the query lacks explicit contextual clues (e.g., geographic proximity, shared infrastructure, or historical records) needed to confirm a direct linkage. The terms 'Edison Sault Power Canal' may refer to a specific project, but its existence and relation to the Cayuga–Seneca Canal are ambiguous without additional specifications. The question relies on domain-specific knowledge that could vary by region or interpretation.",0.125,0,1.0,"['No, there is no direct physical or operational connection between the Edison Sault Power Canal and the Cayuga–Seneca Canal.']",0,0.1111111111,1.0
Lucy Pevensie is a character in the series of fantasy novels that have sold more than how many copies?,"Lucy Pevensie is a character in C.S. Lewis's fantasy novel series, 'The Chronicles of Narnia', which has sold more than how many cumulative copies worldwide?",['100 million'],['100 million copies'],"The query asks for the number of copies sold by the series featuring Lucy Pevensie. While the series is known as 'The Chronicles of Narnia' by C.S. Lewis, the exact sales figure is not uniquely defined. Sales numbers can vary by source, edition, translation, and inclusion of subsequent works (e.g., 'The Horse and His Boy'). Additionally, the query does not clarify whether it refers to cumulative sales across all books or a specific title within the series. Without explicit data or context, the answer relies on potentially conflicting or approximate statistics.",0.8,0,1.0,['100 million copies'],0,0.8,1.0
What Canadian actress was on the cover of Saturday Night Magazine?,What Canadian actress was on the October 2010 cover of FASHION magazine?,['Shenae Grimes-Beech'],['Nina Dobrev'],"The query seeks information about a Canadian actress associated with 'Saturday Night Magazine.' While it specifies the nationality (Canadian), profession (actress), and medium (cover of a magazine), critical ambiguities persist. First, 'Saturday Night Magazine' may refer to a non-existent or obscure publication, while 'Saturday Night Live' is a television program, creating potential confusion. Second, the term 'cover' is vague—does it refer to a single issue, a recurring feature, or a historical archive? Additionally, no timeframe is provided, leaving open the possibility of multiple candidates across different issues. Without confirmation of the magazine's existence, clarity of the reference, or constraints on temporal scope, the query lacks sufficient precision to yield a definitive answer.",0.0,0,0.0,['Evangeline Lilly'],0,0.0,0.0
FC Barcelona ambassador Ronaldinho won what French award in addition to FIFA World Player of the Year?,"In addition to winning the FIFA World Player of the Year award, what prestigious French football award did FC Barcelona ambassador Ronaldinho also receive?","[""Ballon d'Or""]","[""Ballon d'Or""]","The query seeks to identify a French award won by Ronaldinho alongside the FIFA World Player of the Year. While the Ballon d'Or (France's most prestigious player award) is sometimes equated with the FIFA World Player of the Year, they are technically distinct titles. However, Ronaldinho's primary accolades include the Ballon d'Or (twice), which is a French award. The query assumes the Ballon d'Or is separate from the FIFA World Player of the Year, which may be inaccurate. Additionally, there is no widely recognized 'French award' that Ronaldinho won outside of the Ballon d'Or. The phrasing creates ambiguity around the relationship between the two awards and lacks specificity regarding the exact French award sought.",1.0,1,1.0,"[""Ballon d'Or""]",1,1.0,1.0
Deckers Creek begins west of an unincorporated area in what West Virginia county?,Deckers Creek begins west of the unincorporated community of Aurora in what West Virginia county?,['Preston County'],['Preston County'],"The query asks for a specific West Virginia county where Deckers Creek starts west of an unincorporated area. While 'Deckers Creek' is a distinct geographic entity and 'West Virginia county' narrows the scope, the phrase 'an unincorporated area' is vague and insufficiently defined. There are numerous unincorporated areas across West Virginia, and without specifying a particular location (e.g., a town, landmark, or adjacent boundary), the query cannot uniquely determine the intended county. Additional contextual clues (such as proximity to a well-known location or a specific neighboring community) would be required to fully specify the answer.",1.0,1,1.0,['Preston County'],1,1.0,1.0
Which city in the Baltimore metropolitan area includes a lake and surrounding park?,"Which city in the Baltimore metropolitan area, known as a planned community, features multiple man-made lakes, such as Lake Kittamaqundi, each with integrated surrounding parkland and pathways?","['Columbia, Maryland']",['Columbia'],"The query specifies 'Baltimore metropolitan area' and asks for a city that contains both a lake and a surrounding park. While the metropolitan area includes multiple cities (e.g., Baltimore City, Towson, Parkville, etc.), the presence of a lake and park varies by location. Key considerations: 1) The term 'includes' may require the lake and park to be located within the same city. 2) The exact identity of the lake/park is ambiguous—examples could include Lake Jackson in Towson, or the Patapsco River/Glen Burnie Park in Howard County. 3) The query lacks clarification on whether the lake must be man-made, natural, or specifically named. Without additional constraints, multiple cities could satisfy the condition, leading to potential ambiguity.",0.6666666667,0,1.0,['Columbia'],0,0.6666666667,1.0
"What single was released by a American country singer, songwriter and multi-instrumentalist on MCA Nashville in 2000?","What single was released by American country singer, songwriter, and multi-instrumentalist Vince Gill on MCA Nashville in 2000?",['Feels Like Love'],"[""'I Hope You Dance' by Lee Ann Womack""]","The query provides details about the genre (American country), the artist's multifaceted role (singer, songwriter, multi-instrumentalist), the label (MCA Nashville), and the year (2000). However, it lacks specificity regarding the artist's name, which is critical for identifying the exact single. While MCA Nashville may have had multiple artists matching the described attributes in 2000, the absence of a unique identifier (e.g., name) means the query cannot definitively narrow down to a singular answer. This ambiguity renders the query underspecified.",0.0,0,0.0,['Feels Like Love'],1,1.0,1.0
A relative of the emu is native to which continent?,"The ostrich, a relative of the emu, is native to which continent?",['Africa'],['Australia'],"The query asks for the continent where a 'relative' of the emu is native. While emus themselves are native to Australia, the term 'relative' is vague. Emus belong to the ratite family, which includes species native to various continents (e.g., ostriches in Africa, kiwis in New Zealand). Without specifying which particular relative (e.g., ostrich, kiwi, or another ratite), the query cannot definitively narrow down the answer. The ambiguity lies in the undefined scope of 'relative,' making the question underspecified.",0.0,0,0.0,['Africa'],1,1.0,1.0
An American pharmacist was inspired to invent cola due to what recipe from  Angelo Mariani?,"What type of beverage, based on a foundational recipe from Anna Maria Mariani and popularized by her husband Angelo Mariani, inspired the invention of cola?",['coca wine'],['Vin Mariani'],"The query appears to contain conflicting historical facts. While Angelo Mariani is sometimes cited as a contributor to Coca-Cola's development, he was not an 'American pharmacist' nor did he directly create the original cola recipe. The actual historical account involves his wife Anna Maria Mariani, who provided the foundational recipe. Furthermore, the query incorrectly attributes the invention inspiration to a 'recipe from Angelo Mariani,' whereas the historical context suggests collaboration between him and his wife. These inaccuracies render the query underspecified due to flawed premises rather than missing information.",0.0,0,0.5,['Vin Mariani'],0,0.0,0.5
What reward did the founder of Chick-Fil-A receive?,What specific award did the founder of Chick-Fil-A receive?,['Call to Service Award'],"[""S. Truett Cathy, the founder of Chick-fil-A, received the President's Call to Service Award in 2008.""]","The query seeks information about a 'reward' received by the founder of Chick-Fil-A. While the entity (Chick-Fil-A) and its founder (Jerry Greenfield) are explicitly identified, the term 'reward' is ambiguous. A reward could encompass various forms: financial incentives (e.g., dividends, bonuses), legal settlements, awards, or even symbolic gestures. The lack of specificity regarding the type, timing, or context of the reward makes the query underspecified. Additionally, historical records may contain conflicting or incomplete data about the founder's compensation or accolades, further complicating the retrieval of a definitive answer.",0.4444444444,0,0.75,"['S. Truett Cathy, the founder of Chick-fil-A, received the Horatio Alger Award in 1989.']",0,0.125,0.0
"Which contributor to Fear: 13 Stories of Suspense and Horror was born on March 15, 1953 ?","Which author in the anthology Fear: 13 Stories of Suspense and Horror was born on March 15, 1953?",['Heather Graham'],['Bruce Coville'],"The query specifies a book title ('Fear: 13 Stories of Suspense and Horror'), a role ('contributor'), and a specific birthdate (March 15, 1953). While these details narrow down potential candidates, the term 'contributor' is ambiguous (could refer to authors, illustrators, editors, etc.), and the book's contributors depend on its publication history (various editions exist). Without explicit confirmation of the specific contributors listed in the target edition, the query lacks sufficient contextual specificity to guarantee a unique answer. Additionally, the birthdate alone may not uniquely identify an individual without further constraints.",0.0,0,0.0,['Bruce Coville'],0,0.0,0.0
What British singer-songwriter hosted the 16th Annual Young Hollywood Awards?,What British singer-songwriter served as a presenter at the 16th Annual Young Hollywood Awards?,['Kelly Lee Osbourne'],['Ed Sheeran'],"The query seeks information about a specific individual (a British singer-songwriter) associated with a specific event (the 16th Annual Young Hollywood Awards). While the event name and year (16th Annual) are clearly defined, the critical ambiguity lies in verifying whether a British singer-songwriter actually hosted this event. Historical records indicate that the 16th Annual Young Hollywood Awards (held in 2013) was hosted by Lady Gaga, an American pop star, not a British singer-songwriter. Since the query assumes the existence of a British host for this event, and no credible source confirms such a host, the query lacks sufficient factual grounding to yield a definitive answer.",0.0,0,0.0,['Ed Sheeran'],0,0.0,0.0
MacBook offers what brand-type of displays that are higher-resolution than other portable computers?,What specific display technology does MacBook offer that provides higher resolution than many other portable computers?,['Retina'],['Retina displays'],"The query contains ambiguities regarding the term 'brand-type', which is non-standard and likely a misphrasing. The intent may be to inquire about the specific display technology (e.g., Retina, OLED) or the manufacturer (Apple). Additionally, while the subject ('MacBook') and comparative aspect ('higher-resolution than other portable computers') are clear, the lack of precision in defining 'brand-type' renders the query underspecified. Without clarification on whether 'brand-type' refers to the manufacturer, display type, or another attribute, the query cannot be definitively answered.",0.6666666667,0,1.0,['Retina display'],0,0.6666666667,1.0
Sony/Philips Digital Interface Format can transmit over what Toshiba optical fiber connector system?,"What standardized optical fiber connector system, whose name originates from 'Toshiba Link', is used to transmit the Sony/Philips Digital Interface Format?","['TOSLINK (from ""Toshiba Link"") is a standardized optical fiber connector system.']",['TOSLINK'],"The query asks about the Toshiba optical fiber connector system compatible with S-PDIF. While S-PDIF commonly uses TOSLINK (a Sony-developed optical fiber connector), there is no widely recognized 'Toshiba' optical fiber connector system specifically associated with S-PDIF. The term 'Toshiba' introduces ambiguity, as TOSLINK is technically a Sony proprietary connector. Additionally, the question conflates manufacturers (Sony vs. Toshiba) with technical specifications, creating potential misalignment between the query's premise and factual standards.",0.1818181818,0,1.0,['TOSLINK'],0,0.1818181818,1.0
What format does a 1170 kHz AM station that Jim Angel presented the news for have?,"What format did the 1170 kHz AM station, for which Jim Angel presented the news, have, given that it was an oldies station?",['an oldies format'],['News/Talk'],"The query contains two critical pieces of information: the frequency (1170 kHz) and the reference to Jim Angel presenting news. While these elements narrow the scope, they are insufficient to uniquely identify the station. 'Format' in broadcasting terms refers to the genre of content (e.g., news, music), but the query lacks explicit confirmation of the station's actual format. Furthermore, the connection between Jim Angel and a specific 1170 kHz AM station requires contextual knowledge not provided in the query. Without additional constraints (e.g., station call sign, location, or time period), the query remains underspecified due to ambiguity in associating Jim Angel with a single station at that frequency.",0.0,0,0.0,['Oldies music format'],0,0.8,1.0
"Which of Tara Strong major voice role in animated series is an American animated television series based on the DC Comics fictional superhero team, the ""Teen Titans""?","What is the title of the American animated television series, based on the DC Comics fictional superhero team, the ""Teen Titans"", in which Tara Strong has a major voice role?",['Teen Titans Go!'],['Raven'],"The query contains conflicting elements. The first part asks for Tara Strong's major voice role (a character), while the second part describes the series ""Teen Titans,"" implying the answer should be the series title. This creates ambiguity: the query appears to conflate the concept of a voice role (character) with the series itself. Additionally, the phrasing ""which of [Tara Strong's] major voice role... is an American animated television series"" incorrectly treats the series as a potential candidate for being a voice role, which is logically inconsistent. The query lacks clarity on whether the goal is to identify the character Tara Strong voiced in *Teen Titans* or to confirm the series' identity.",0.0,0,0.25,['Teen Titans'],0,0.8,0.25
Where was the host of Australia's Got Talent born?,"Where was Ricki-Lee Coulter, a host of Australia's Got Talent, born?","['Warrnambool, Victoria']","['Perth, Western Australia']","The query seeks the birthplace of the host of 'Australia's Got Talent.' While the show has had multiple hosts over its run (e.g., David Ruffels, Emma Willis, etc.), the query does not specify which host or which iteration of the show. This lack of specificity creates ambiguity, as the answer depends on contextual details (e.g., current host, past host) not included in the query. Additionally, the phrase 'the host' implies a single individual, but the show’s history includes multiple hosts, making the query underspecified.",0.0,0,0.0,"['Auckland, New Zealand']",0,0.0,0.0
"Who has more scope of profession, Edward Dmytryk or Otto Preminger?","Who, between Edward Dmytryk and Otto Preminger, had a primary professional scope that prominently encompassed both cinematic and theatrical works?",['Otto Ludwig Preminger'],['Otto Preminger'],"The query asks for a comparison of 'scope of profession' between two individuals. However, the term 'scope of profession' is vague and lacks definitional clarity. To resolve this, one would need to specify what aspects of their careers are being measured (e.g., number of projects, industries worked in, cultural impact, versatility). While both were prominent filmmakers, their careers overlapped in certain areas (e.g., Hollywood directing), but differences exist in their primary domains (Dmytryk focused more on television, Preminger on cinematic and theatrical works). Without explicit criteria for evaluating 'scope,' the query remains ambiguous and cannot be resolved through definitive factual analysis alone.",0.8,0,1.0,['Otto Preminger'],0,0.8,1.0
Whose death dramatized in a stage play helped end the death penalty in Australia?,"Whose execution, dramatized in a stage play, became a significant point of public discussion and awareness that contributed to the eventual abolition of the death penalty in Australia?",['Ronald Ryan'],['Ronald Ryan'],"The query seeks a specific individual whose death was central to a stage play that significantly influenced the abolition of the death penalty in Australia. Historical records indicate that the death penalty in Australia was formally abolished in 1973 through legislative action, not primarily due to a single dramatic performance. While plays or theatrical works can raise awareness, the query assumes a direct causal link between a specific staged portrayal of a death and the legal abolishment. This connection lacks explicit contextual clues (e.g., the play's title, year, or the individual’s identity) and relies on external factual knowledge. Without further specificity, the query hinges on niche historical or cultural references that may not be universally understood or verifiable.",1.0,1,1.0,['Ronald Ryan'],1,1.0,1.0
"Rynella is an unincorporated community named after the daughters of a conservationist who presided of the maker of a brand of hot sauce made from vinegar, salt and what kind of peppers? ","Rynella is an unincorporated community named after the daughters of Edward Avery McIlhenny, a conservationist who presided over the McIlhenny Company, the maker of Tabasco sauce, which is made from vinegar, salt, and what kind of peppers?",['tabasco peppers'],['Tabasco peppers'],"The query requires identifying the type of peppers used in a hot sauce recipe involving vinegar and salt. While the question structure implies a singular answer, the critical ambiguity lies in the lack of explicit contextual clues linking the conservationist, the hot sauce brand, or the specific pepper variety. Although common knowledge suggests that hot sauces often use chili peppers (e.g., jalapeños, serranos), the query’s reliance on a hypothetical or obscure reference (the conservationist and brand) makes the answer dependent on prior assumptions rather than directly stated facts. This creates uncertainty about whether the query is fully specifying the required information.",1.0,1,1.0,['Tabasco peppers'],1,1.0,1.0
What is the name of the third act in a play where a character named Carlo Gérard is partly based on a revolutionary figure?,"What is the name of the famous aria performed in the third act of Umberto Giordano's opera *Andrea Chénier*, which features the character Carlo Gérard, a figure partly based on a revolutionary?",['La mamma morta'],"[""The third act is called 'La Rivoluzione' in the opera *Andrea Chénier*.""]","The query asks for the name of the third act in a play featuring a character named Carlo Gérard, who is based on a revolutionary figure. While the query provides details about the character and their inspiration, it does not explicitly identify the specific play in question. This omission creates ambiguity, as multiple plays could feature a character with this name or thematic element. Additionally, 'Carlo Gérard' may reference a real historical figure (e.g., Carlo Gesnelo, a 17th-century French revolutionaries' associate) or a fictional character, further complicating identification. Without specifying the play's title or author, the query cannot be resolved definitively.",0.1538461538,0,0.0,['Nemico della patria'],0,0.0,0.0
What year did Lindsey Broad star in the movie with Russell Brand and Jonah Hill?,"What year did Lindsey Broad star in a movie, which was also the year Russell Brand and Jonah Hill co-starred in a film?",['2010'],['2010'],"The query seeks the release year of a movie starring all three actors: Lindsey Broad, Russell Brand, and Jonah Hill. While Jonah Hill and Russell Brand co-starred in '21 Jump Street' (2012), Lindsey Broad is not part of that film. Similarly, other potential collaborations involving two of the trio do not include all three. There appears to be no widely known movie that simultaneously features all three actors, leading to uncertainty about the intended reference. Without explicit confirmation of the movie title or additional context, the query cannot definitively resolve to a single year.",1.0,1,1.0,['2010'],1,1.0,1.0
The show featuring a young boy named Gerald Bald Z premiered on what TV channel? ,"The animated series featuring a young boy named Dexter, who secretly operates a high-tech laboratory, premiered on what TV channel?",['Cartoon Network'],['Nickelodeon'],"The query references a fictional or obscure character ('Gerald Bald Z') and lacks critical contextual details (e.g., the actual title of the show, its genre, release year, or any other identifying features). While 'Gerald Bald Z' may hint at a specific media property (e.g., a children's series), the phrasing does not clearly associate the character with a known work, leaving ambiguity about which show or network is being referenced. Additionally, no explicit clues are provided to distinguish between potential candidates.",0.0,0,0.0,['Cartoon Network'],1,1.0,1.0
What kind of teacher is the actress who was killed off along with Sonny?,"What kind of teacher is Linda Purl, the actress who played Lucy Ann Cooper and was killed off along with Sonny Malph in the TV show Happy Days?",['model and yoga teacher'],['Kindergarten teacher'],"The query refers to 'Sonny' and an actress killed off alongside him, which strongly hints at the TV show 'Happy Days.' In this context, the actress in question is Brenda Walsh, who portrayed Lucy Ann 'Lucy' Cooper, a teacher character. However, the query lacks explicit contextual clues (e.g., the show title) that might be necessary for someone unfamiliar with pop culture references. While the answer is well-defined within the 'Happy Days' universe, the absence of direct clarification about the medium or additional details (e.g., full name of the actress, specific episode) introduces potential ambiguity for those outside the referenced cultural context.",0.3333333333,0,0.0,['Linda Purl is a vocal and acting coach.'],0,0.1818181818,0.0
A writer for The Kenyon Review won a Pulitzer Prize in what year?,"Robert Penn Warren, a writer for The Kenyon Review, won a Pulitzer Prize for Fiction in what year?",['1947'],['1954'],"The query seeks the year when a writer affiliated with The Kenyon Review won a Pulitzer Prize. While the subject (a writer for The Kenyon Review) and the event (winning a Pulitzer Prize) are clearly defined, the specificity lies in identifying which particular writer and corresponding year. The phrase 'a writer' implies any writer associated with the publication, leading to ambiguity since multiple individuals may have contributed to The Kenyon Review over its history. Without narrowing down to a specific individual (e.g., name), the query lacks sufficient constraints to uniquely identify the correct year. Additionally, while some notable figures like Mary Oliver have ties to both The Kenyon Review and the Pulitzer Prize, confirming a direct association requires external verification beyond the scope of the query's current phrasing.",0.0,0,0.0,['1947'],1,1.0,1.0
"Peter Marc Jacobson is best known as the co-creator of the popular sitcom ""The Nanny"", which he created and wrote with his then wife an actress born in which year ?","Peter Marc Jacobson is best known as the co-creator of the popular sitcom ""The Nanny"", which he created and wrote with his then-wife, actress Fran Drescher. In which year was Fran Drescher born?",['1957'],['1957'],"The query asks for the birth year of Peter Marc Jacobson's 'then wife' (an actress) who co-created ""The Nanny"". While the context provides sufficient background to identify the actor (Janeane Garofalo), the query lacks explicit naming of the actress. This creates ambiguity: without specifying the actress's name, the answer hinges on external knowledge (e.g., recognizing that Janeane Garofalo was Jacobson's spouse during the show's creation). Since the query does not directly reference the actress's name or provide additional clues to resolve ambiguity, it remains underspecified.",1.0,1,1.0,['1957'],1,1.0,1.0
What is the relationship of Yeshahework Yilma's mother to the man who was Ethiopia's emperor from 1930 to 1974? ,"What is the familial relationship of Yeshahework Yilma's mother to Emperor Haile Selassie I, given that she is his niece?",['niece'],"[""Yeshahework Yilma's mother was the sister of Emperor Haile Selassie I.""]","The query seeks to establish a familial relationship involving two unspecified individuals. While the emperor from 1930–1974 is definitively Haile Selassie I, the subject 'Yeshahework Yilma' is not a widely recognized historical figure. The lack of clarity regarding Yeshahework Yilma's identity (e.g., whether she is a亲属 of Selassie, a fictional character, or a misspelled name) prevents definitive resolution of the relationship. Additionally, no contextual clues exist to confirm the accuracy or specificity of the names involved.",0.0,0,0.0,"[""Yeshahework Yilma's mother is Emperor Haile Selassie I's sister.""]",0,0.0,0.0
What do Eragrostis and Rhexia have in common?,What common biological classification category do Eragrostis and Rhexia both represent?,['plant genus'],['Both are genera of flowering plants.'],"The query asks for commonalities between two genera (Eragrostis, a grass genus, and Rhexia, a genus of flowering plants). While both are biological classifications, the query lacks specificity about which species within these genera are being referenced. Since multiple species exist within each genus, the absence of precise taxonomic identification means the comparison could involve entirely different traits depending on the selected species. This ambiguity prevents a definitive answer.",0.0,0,1.0,['Genus'],0,0.6666666667,0.75
"What aviator participated to the Transatlantic flight organized by the ""heir apparent"" to Italian dictator Benito Mussolini?","What aviator participated in the 1933 Transatlantic Decennial Air Cruise, led by Italo Balbo, a prominent Fascist leader and Minister of Aviation under Benito Mussolini?",['Antonio Lippi'],['Italo Balbo'],"The query contains sufficient historical specificity to narrow down potential answers. The heir apparent to Mussolini was his son, Pietro Badoglio, though he later became Prime Minister after Mussolini's resignation in 1943. However, the reference to a 'Transatlantic flight' organized by the heir apparent introduces ambiguity. While Badoglio is historically tied to Italy's wartime leadership, there is no widely documented record of him personally organizing a transatlantic flight. Furthermore, the query lacks temporal clarity (e.g., which flight?) and does not explicitly name the aviator, leaving room for multiple interpretations. The lack of explicit dates or further contextual clues suggests the query relies on assumptions rather than definitive facts.",0.0,0,0.0,['Italo Balbo'],0,0.0,0.0
How many albums did the company who released Tift Merritt's debut album release for Tif Merritt?,How many albums by Tift Merritt were released by the record label that issued her debut album?,['two'],['Two'],"The query contains ambiguities and potential inconsistencies. First, 'Tift Merritt' and 'Tif Merritt' appear to be variants of the same artist (likely a typographical error). Second, the phrase 'company who released [artist]' implies identifying the record label, but the subsequent clause 'release for Tif Merritt' introduces confusion—labels typically release albums *on behalf of* artists, not *for* them. Finally, the query does not clarify whether 'Tif Merritt' refers to the same artist as 'Tift Merritt' or a separate entity. These uncertainties make the query underspecified.",1.0,1,1.0,['Three'],0,0.0,0.0
What type of beliefs does Mount Ida and Rhea have in common?,What shared system of beliefs and stories features both Mount Ida and the Titaness Rhea?,['Greek mythology'],['Both are associated with ancient Greek mythology and religious beliefs.'],"The query contains ambiguities regarding the identities of 'Mount Ida' and 'Rhea'. While Mount Ida is a recognized geological feature (a mountain in Greece), 'Rhea' refers to multiple possible entities: (1) Rhea, the Greek titaness (goddess of fertility), (2) Rhea, a lunar crater on Mars, or (3) a character from fiction (e.g., video games). The term 'beliefs' implies cultural, theological, or philosophical attributes, but neither Mount Ida nor Rhea (as identified) possess beliefs in the conventional sense. Additionally, there is no established conceptual link between these entities that would allow determination of shared beliefs. The lack of contextual clarification renders the query unable to be resolved definitively.",0.3333333333,0,0.75,['Greek mythology'],1,1.0,1.0
What is the name of the largest publicly owned company in Minnesota that is situated in Minnesota's most populous county?,"What is the name of the largest publicly owned company by revenue in Minnesota that is headquartered in Hennepin County, Minnesota's most populous county?",['United Healthcare'],['UnitedHealth Group'],"The query specifies three critical components: (1) 'publicly owned' (implying上市公司), (2) located in Minnesota, and (3) in the most populous county of Minnesota (Hennepin County). While the most populous county is unambiguously identified, the term 'largest' lacks definitional precision. The query does not clarify whether 'largest' refers to revenue, market capitalization, number of employees, or another metric. This omission introduces potential ambiguity, as multiple criteria could yield different results. Additionally, while Hennepin County is correctly identified as Minnesota's most populous county, the absence of a specific ranking criterion for 'largest' leaves room for interpretation.",0.0,0,0.5,['UnitedHealth Group'],0,0.0,0.5
What is the happiest town Sarasota county Florida?,"Based on general consensus regarding quality of life and resident satisfaction, what is the happiest town in Sarasota County, Florida?",['Venice'],['Venice'],"The query lacks specificity regarding the criteria used to define 'happiness' (e.g., economic indicators, quality of life metrics, surveys, or subjective opinions). Additionally, while Sarasota County is clearly identified, the term 'town' implies multiple possible locations within the county, but the query does not clarify which towns are being referenced or how 'happiness' is measured. This ambiguity prevents a definitive answer.",1.0,1,1.0,['Venice'],1,1.0,1.0
What American broadcasting company broadcasted the comedy show hosted by Emma Willmann?,"What American broadcasting company broadcasted 'The Check Spot', a comedy show hosted by Emma Willmann?",['Sirius XM Holdings'],['Netflix'],"The query seeks an American broadcasting company linked to a comedy show hosted by Emma Willmann. While 'American broadcasting company' narrows the scope to U.S.-based networks (e.g., ABC, CBS, NBC), the critical ambiguity lies in identifying the specific comedy show hosted by Emma Willmann. There is insufficient information to confirm which show (if any) is being referenced, as the name 'Emma Willmann' may not correspond to a widely recognized television personality or comedic host. Without additional context (such as the show's title, year, or other descriptors), the query cannot uniquely resolve to a single broadcasting company.",0.0,0,0.0,['SiriusXM'],0,0.0,0.5
Who constructed Auburn the Antebellum mansion and was accused of the Manhattan Well Murder?,"Who, as the master carpenter, constructed the Auburn Theological Seminary, an antebellum institution in Auburn, New York, and was accused of the Manhattan Well Murder?",['Levi Weeks'],['Lewis Robards'],"The query combines two distinct historical references: 'Auburn the Antebellum mansion' (a specific location in New York) and 'Manhattan Well Murder' (a historical crime). While 'Auburn' refers to a specific building, the connection between its constructor and the Manhattan Well Murder requires identifying a singular individual who fits both roles. Historical records indicate that the Manhattan Well Murder case (associated with Thomas Cullen) predates the antebellum period, creating ambiguity about temporal alignment. Additionally, while the mansion’s construction is tied to a specific individual (e.g., Richard B. Haskins), the link to the murder charge remains unclear due to limited or conflicting historical accounts. Without explicit evidence tying the two roles to a single person, the query lacks sufficient specificity.",0.0,0,0.0,['Levi Weeks'],1,1.0,1.0
What railroad in which Challengers were most common was completed in 1915?,"What railroad, completed in 1915, was most renowned for the immense engineering challenges encountered during its construction?",['Clinchfield Railroad'],['Union Pacific Railroad'],"The query seeks information about a railroad completed in 1915 where 'Challengers' were most common. However, 'Challengers' is not explicitly defined within the query. This term could refer to a variety of things (e.g., a type of train car, locomotive model, or even a metaphorical concept), and its meaning is ambiguous without additional context. Furthermore, while the year 1915 provides a temporal constraint, the lack of clarity surrounding 'Challengers' makes it impossible to definitively identify the intended subject. The query relies on external knowledge to interpret 'Challengers,' which introduces uncertainty and renders the question underspecified.",0.4,0,0.0,['The Panama Canal Railway'],0,0.0,0.0
"What band in the ""Art Wave"" scene is based in Glasgow?","What Glasgow-based band, prominent in the early 2000s and known for its post-punk revival and art-rock sound, is considered a key act in the 'Art Wave' scene?",['Franz Ferdinand'],['Simple Minds'],"The query seeks a band associated with the 'Art Wave' scene located in Glasgow. While the key components (scene, location) are identified, the term 'Art Wave' is vague and lacks precise definitions. It could refer to different artistic movements or genres across various disciplines (e.g., visual arts, music, performance art). Additionally, Glasgow may host multiple bands aligned with such a broad term, making the query ambiguous without further constraints on genre, timeframe, or specific characteristics of the 'Art Wave' scene. The lack of clarity around 'Art Wave' and potential overlap with other similar terms renders the query underspecified.",0.0,0,0.0,['Franz Ferdinand'],1,1.0,1.0
Who choreographed one who is said to be the last muse for the choreographer and starred in the Nutcracker?,"Who choreographed Suzanne Farrell, who was considered his last muse and starred in The Nutcracker?",['George Balanchine'],['George Balanchine' 'Suzanne Farrell'],"The query contains nested ambiguities. First, 'one who is said to be the last muse for the choreographer' implies a recursive relationship (the choreographer is both the creator and the muse?), which is logically inconsistent. Second, the phrase 'starred in the Nutcracker' references a dance production, but the connection to the choreographer/muse dynamic is unclear. Without explicitly naming the choreographer, the muse, or clarifying the temporal/narrative links, the query relies on obscure cultural references or metaphors that lack concrete specificity. The structure also misuses pronouns ('one') and logical connectors, making the intended meaning indeterminate.",1.0,1,1.0,['George Balanchine'],1,1.0,1.0
"Were Thinking Fellers Union Local 282 and the Smiths, who had a lead singer of Morrissey, both active in 1986?","Were the musical group Thinking Fellers Union Local 282 and the band The Smiths, whose lead singer was Morrissey, both active in 1986?",['yes'],['Yes'],"The query asks whether two bands were active in 1986. The Smiths are definitively active during that period (e.g., released ""The Queen Is Dead"" in 1986). However, the reference to 'Thinking Fellers Union Local 282' introduces ambiguity. This band is often associated with the 1983 film *The Candidate*, but its actual musical career began in the early 1980s and peaked in the late 1980s. While they were active in 1986, the query does not explicitly clarify whether this refers to the fictional band from the film or the real-life punk-rock group. Without additional context, the term 'Thinking Fellers Union Local 282' could be interpreted ambiguously, making the query partially underspecified due to potential misinterpretation of the band's identity.",1.0,1,1.0,['Yes'],1,1.0,1.0
When was the medieval fortress abandoned that is to the north of Yellowcraig?,"When was Tantallon Castle, the medieval fortress located to the north of Yellowcraig, abandoned?",['end of the 17th century'],"['Dirleton Castle, the medieval fortress north of Yellowcraig, was abandoned in the 17th century.']","The query contains sufficient specificity to identify the subject (a medieval fortress) and its geographic relationship (to the north of Yellowcrag). However, 'Yellowcrag' may refer to a non-standard or obscure location, and the absence of the fortress's proper name creates potential ambiguity. While the spatial relation and temporal focus (abandonment date) are clear, the query depends on external contextual knowledge to resolve references to 'Yellowcrag' and the specific fortress. This reliance on domain-specific knowledge introduces uncertainty about whether the query is fully resolvable without further clarification.",0.375,0,0.75,['1651'],0,0.0,0.0
Are Lance King and Han Seung-yeon both heavy metal vocalists?,"Are Lance King, a former member of the band Blue Murder, and Han Seung-yeon, a South Korean singer, both primarily known as heavy metal vocalists?",['no'],"['No, only Lance King is a heavy metal vocalist. Han Seung-yeon is a K-pop singer.']","The query requires verification of the musical genres of two individuals. Lance King (a former member of the band Blue Murder) is primarily associated with alternative rock rather than traditional heavy metal, though his style may overlap with heavier subgenres. Han Seung-yeon (a South Korean singer) is predominantly known for pop and R&B music. The query lacks contextual clarification about specific albums, projects, or subgenres, making definitive confirmation challenging. Without explicit evidence linking either artist to heavy metal vocals, the statement remains uncertain.",0.1428571429,0,1.0,"['No, only Lance King is primarily known as a heavy metal vocalist. Han Seung-yeon is primarily known as a K-pop singer.']",0,0.1,1.0
Which pistol was replaced by a pistol manufactured by Spreewerk?,"During World War II, which standard service pistol of the German military was replaced by a pistol manufactured by Spreewerk?",['Luger P08'],['Walther P38'],"The query references 'Spreewerk,' a company not widely recognized as a legitimate firearms manufacturer. There is no established historical or contemporary record of a pistol being replaced by a product from Spreewerk. Additionally, the query lacks contextual specificity regarding which predecessor pistol or system was involved, making it impossible to definitively identify the answer without further information.",0.0,0,0.0,['Luger P08'],1,1.0,1.0
The actor who appeared on Charlotte's Shorts and Weeds was born in what year?,"What year was the actor born who played the character of Charlotte in the 2006 film ""Charlotte's Web"" and also appeared in the TV series ""Weeds""?",['1966'],['1968'],"The query refers to ""Charlotte's Shorts"" and ""Weeds."" While ""Weeds"" is clearly a known TV show (created by Jason Bateman), ""Charlotte's Shorts"" appears to be either a misspelling or non-existent title. A plausible correction might be ""Charlotte's Web,"" a famous literary adaptation, but without explicit confirmation of the intended show names, the reference remains ambiguous. Additionally, multiple actors may have appeared in both shows, further complicating identification. The lack of precise information about the specific shows and potential ambiguities in their titles render the query underspecified.",0.0,0,0.0,['1994'],0,0.0,0.0
"Which club, founded in 1928, did Bob Johnson played for ","Which football club, founded in 1928, did Bob Johnson play for?",['The club'],['Darlington F.C.'],"The query provides two key pieces of information: the founding year (1928) and the player's name (Bob Johnson). To answer this, we need to identify a football club (assuming soccer due to common usage) founded in 1928 that Bob Johnson is historically associated with. While the query specifies 'club' and 'founded in 1928', the lack of additional contextual clues (e.g., sport, country, position, or other teammates) may lead to ambiguity. However, if Bob Johnson is a known historical figure linked exclusively to one club founded in 1928, the query could be considered fully specified. Without external knowledge, the uniqueness of the answer remains uncertain, potentially leading to underspecification.",0.0,0,0.0,['Leeds United'],0,0.0,0.0
When was the son of Kingsley Amis born ?,"When was Martin Amis, son of Kingsley Amis, born?",['1949'],"['Martin Amis was born on August 25, 1949.']","The query asks for the birthdate of 'the son' of Kingsley Amis. While Kingsley Amis (1926–1984) had multiple children, including at least two sons (Nicholas Amis and Peter Amis), the query does not specify which son is being referenced. This ambiguity prevents unambiguous identification of the subject, as different sons have distinct birth dates. Additionally, the lack of contextual clues (e.g., full name, relation type, or other identifiers) means the query relies on assumptions beyond the given information.",0.2222222222,0,1.0,"['August 25, 1949']",0,0.5,1.0
What is a common feature of both the Iron Rattler's inversion and a barrel roll?,What common structural description applies to both the Iron Rattler's signature inversion and a roller coaster barrel roll?,['combination of a loop and a roll'],['Both involve a 360-degree rotation of the train.'],"The query asks for a common feature between two distinct phenomena: an ""inversion"" on a roller coaster (specifically the Iron Rattler) and a ""barrel roll"" (likely an aerial maneuver). While both involve rotational motion, the specificity of the terms depends on contextual understanding. The Iron Rattler is a real roller coaster, so its ""inversion"" likely refers to a loop or flip. A barrel roll is a standardized aviation/aerobatic maneuver involving 360-degree rotation. However, the query lacks explicit definitions of these terms within the context of the question, leading to potential ambiguity. Additionally, the phrase ""common feature"" could be interpreted broadly (e.g., rotation) or narrowly (e.g., physical mechanics), making the query reliant on assumptions rather than concrete specifications.",0.1818181818,0,0.0,['Zero-G roll'],0,0.2857142857,0.0
James Spedding was chiefly known as the editor of the works of an author who served both as Attorney General and as what?,"James Spedding was chiefly known as the editor of the works of Francis Bacon, who served both as Attorney General and as what?",['Lord Chancellor of England'],['Lord Chancellor'],"The query seeks to identify an author edited by James Spedding (known for editing Shakespeare) who held two roles: Attorney General and another position. While Shakespeare is commonly linked to Spedding, historical records indicate Shakespeare never served as Attorney General. The premise contains inaccuracies, creating ambiguity. The second position required depends on resolving the first, but the flawed assumption ('Attorney General') undermines clarity. Without correcting this error, the query lacks sufficient specificity to yield a definitive answer.",0.6666666667,0,0.75,['Lord Chancellor'],0,0.6666666667,0.75
when does the role William Vere Reeve King-Fane change?,When does the role of High Sheriff change?,['The High Sheriff changes every March.'],"[""William Vere Reeve King-Fane's role change is not specified in the provided context.""]","The query asks about the 'change' of a role for an individual named William Vere Reeve King-Fane, but it fails to specify critical contextual details. Key ambiguities include: (1) What domain or system is this role part of (e.g., a fictional narrative, corporate structure, legal case, historical context)? (2) What defines a 'change' in this context (promotion, termination, reassignment, etc.)? (3) Are there multiple roles associated with this individual, or is this a single role being questioned? Without additional context, the query cannot be resolved uniquely.",0.0,0,0.0,['The role of High Sheriff typically changes annually in March or April.'],0,0.5,0.5
"Which magazine produces more print editions yearly, Nautilus or TV Guide?","Before TV Guide transitioned to a digital-only format in 2016, which magazine, Nautilus (typically publishing quarterly) or TV Guide (typically publishing weekly), produced more print editions annually?",['TV Guide'],['TV Guide'],"The query asks for a comparison between two magazines (Nautilus and TV Guide) based on the number of print editions produced annually. While the subject matter (magazines) and the metric (print editions per year) are clearly defined, critical details such as 'print edition' definition (e.g., weekly vs. monthly issues), geographic scope (if applicable), and temporal boundaries (exact year or historical data) are unspecified. Additionally, the query assumes both magazines currently publish print editions, which may not be accurate (e.g., TV Guide transitioned to digital-only distribution in 2016). Without explicit clarification on these factors, the query lacks sufficient specificity to yield a definitive answer.",1.0,1,1.0,['TV Guide'],1,1.0,1.0
"As a Nazi hunter, Simon Wiesenthal, was apart of a fued in what time frame?","As a Nazi hunter, Simon Wiesenthal was involved in a public feud with Austrian Chancellor Bruno Kreisky during what time frame?",['1970s'],['Simon Wiesenthal was part of a feud during the 1970s and 1980s.'],"The query asks about Simon Wiesenthal's involvement in a 'fued' (likely 'feud') and its time frame. While the subject (Wiesenthal) and context (Nazi hunter) are established, the specific feud referenced is ambiguous. Wiesenthal was involved in multiple conflicts throughout his life, including legal battles, disputes with Holocaust survivors, and clashes with collaborators. Without clarification on which particular feud is being asked about, the temporal scope cannot be definitively answered. Additionally, the use of 'fued' (a misspelling of 'feud') may indicate a lack of precision in terminology.",0.1818181818,0,0.5,['The public feud between Simon Wiesenthal and Austrian Chancellor Bruno Kreisky occurred during the 1970s.'],0,0.1428571429,1.0
Bullewijk metro station is part of a mixed rapid transit and light rail system that is how many km long?,"Bullewijk metro station is part of the Amsterdam Metro system, which has a total route length of how many km?",['42.5'],['52.2 km'],"The query references 'Bullewijk metro station' and asks for the total length of a 'mixed rapid transit and light rail system.' While the location (likely Amsterdam, Netherlands) can be inferred from the station name, the query lacks explicit details about the specific system being referenced. Multiple cities have similar mixed transport systems, and even within Amsterdam, the combination of metro and light rail networks may not have a universally agreed-upon consolidated length metric. Additionally, the phrasing 'how many km long?' implies a single numerical answer, but the system's total length depends on defining boundaries (e.g., including all lines, excluding certain branches). Without clarification on the system's scope or official data source, the query cannot be resolved definitively.",0.0,0,0.0,['The Amsterdam Metro system has a total route length of 52.2 km.'],0,0.0,0.0
Are both Jonathan Marray and Wayne Black British?,"Are both Jonathan Marray, the British professional tennis player, and Wayne Black, the professional tennis player from Zimbabwe, British?",['no'],"['No, only Jonathan Marray is British. Wayne Black is Zimbabwean.']","The query asks about the British nationality of two individuals. Jonathan Marray is a confirmed British professional tennis player. However, 'Wayne Black' is ambiguous due to potential confusion with non-British individuals sharing the same name (e.g., a Canadian-born athlete). Without explicit clarification or additional context confirming Wayne Black's nationality, the query relies on potentially uncertain information. The lack of specificity regarding Wayne Black introduces ambiguity, making the query underspecified.",0.1818181818,0,0.5,"['- No, Jonathan Marray is British, but Wayne Black is Zimbabwean.']",0,0.1818181818,1.0
"This stadium, the largest in eastern Europe, was home to the 1998 IAAF Grand Prix Final.  How many seats does it have?","How many seats does the Stade de France, located in Saint-Denis, France, which hosted the 1998 IAAF Grand Prix Final, have?","['81,000 seats']","['81,000 seats']","The query references a specific event (the 1998 IAAF Grand Prix Final) and attributes it to a stadium described as the 'largest in eastern Europe.' While these clues narrow the candidate stadiums significantly, they do not unambiguously identify a single stadium. Multiple venues across Eastern Europe could claim to be the largest in their respective regions, and the 1998 event may have been held at a stadium not explicitly tied to a singular geographic definition of 'eastern Europe.' Additionally, the lack of specificity regarding the stadium's location within Eastern Europe (e.g., country/city) introduces potential ambiguity. Thus, while the query contains strong contextual hints, it lacks definitive parameters to ensure uniqueness.",1.0,1,1.0,"['80,698 seats']",0,0.5,0.5
Where does the region where Jews supported by Kolel Chibas Jerusalem are from get its name?,"From which medieval city does the historical region of Galicia, whose Jewish community was historically supported by organizations such as Kolel Chibas Yerushalayim, derive its name?",['the medieval city of Halych'],"['The region gets its name from Galicia, a historical region in Central Europe, which was part of the Austro-Hungarian Empire.']","The query contains ambiguous terminology ('Kolel Chibas Jerusalem') that requires clarification. 'Kolel Chibas' appears to refer to a specific Jewish communal organization (possibly linked to the Israeli city of Haifa), but this is not universally established. Additionally, the phrase 'Jews supported by...' implies a relationship between the group and a geographic region, yet no clear connection is made between the term 'Kolel Chibas Jerusalem' and a known regional entity. Without explicit definitions or contextual references, the query lacks sufficient specificity to identify the intended region or its nomenclature.",0.0952380952,0,0.0,['Halicz'],0,0.0,1.0
Which award did the author of Anastasia on Her Own win in 2002?,Which award did the author of the children's book 'Anastasia on Her Own' win in 2002?,"[""the 2002 Rhode Island Children's Book Award""]",['Margaret A. Edwards Award'],"The query provides the book title 'Anastasia on Her Own', the year 2002, and specifies that the subject is an award won by the author. However, the uniqueness of the book title as a reference point is questionable. Multiple works may share similar names, and without explicit identification of the author or the award type (e.g., Pulitzer, National Book Award), the query lacks specificity. Additionally, the term 'Anastasia on Her Own' could refer to different works depending on context, further complicating the determination of the exact award.",0.2222222222,0,0.0,['Margaret Edwards Award'],0,0.2222222222,0.0
What award won by only twelve people has a man who Ted Kooshian has performed with won?,"What award, which counted only twelve competitive recipients as of 2014, has Quincy Jones, a musician Ted Kooshian has performed with, won?",['EGOT'],['EGOT'],"The query hinges on two critical pieces of information: (1) identifying an award with exactly twelve past recipients and (2) determining a male collaborator of Ted Kooshian who has won that award. While the structure of the question provides logical relationships between terms, it lacks explicit definitions or contextual clues about Ted Kooshian’s collaborators or the specific award’s historical scope. The ambiguity arises from the necessity of external domain knowledge (e.g., Ted Kooshian’s collaborations, award histories), which are not directly addressed in the query. This makes the query reliant on assumptions beyond its own phrasing.",1.0,1,1.0,['EGOT'],1,1.0,1.0
How many times has the national team Joseph Raich Garriga played for in 1941 participated in FIFA World Cups?,How many times has the Uruguay national football team participated in FIFA World Cups?,['14'],"['The Spain national team, which Josep Raich Garriga played for in 1941, has participated in 16 FIFA World Cups.']","The query contains multiple issues. First, 'Joseph Raich Garriga' appears to be a non-existent or incorrectly spelled individual; no notable footballer shares this name. Second, the FIFA World Cup was not held in 1941, as the tournament occurs every four years starting from 1930. The structure of the query is grammatically flawed ('national team Joseph Raich Garriga') and logically inconsistent (a player cannot represent a nation named after themselves). These factors render the query unable to be meaningfully answered due to missing or invalid information.",0.0,0,0.0,['The Uruguay national football team has participated in 14 FIFA World Cups.'],0,0.1666666667,1.0
What did the NBA player who visited Tlacote el Bajo win during his rookie season?,What did Magic Johnson win during his rookie season?,['a championship and an NBA Finals Most Valuable Player Award'],['Rookie of the Year award'],"The query references 'Tlacote el Bajo,' a specific neighborhood in Mexico City, but does not explicitly identify the NBA player in question. While the location may hint at a potential visitor (e.g., a player attending a game or event), there is insufficient unique contextual information to definitively narrow down which athlete is being referred to. Additionally, the term 'rookie season' requires confirmation of the player's career timeline. Without further details like the player's name, team, or year, the query remains ambiguous and reliant on outside knowledge that may not align with known facts.",0.1666666667,0,0.0,['NBA Championship' 'NBA Finals MVP'],0,0.4,0.5
"In 2017, what was 3/4th of the organization that also has a Center for Veterinary Medicine as well as part of the U.S. Department of Health and Human Services, spent on?","In 2017, what specific user fee act accounted for approximately 3/4ths of the funding for the human drug review program at the U.S. Food and Drug Administration (FDA), an agency within the U.S. Department of Health and Human Services that also includes the Center for Veterinary Medicine?",['Prescription Drug User Fee Act'],['Food safety.'],"The query references an organization with a Center for Veterinary Medicine (CVM) and affiliation with the U.S. Department of Health and Human Services (HHS). This uniquely identifies the Organization for Economic Cooperation and Development (OECD) as the only entity with both these attributes. However, the core issue lies in the ambiguity of '3/4th of the organization' and 'spent on.' The term 'spend on' is insufficiently defined; it does not clarify whether the inquiry pertains to financial allocations, operational activities, research funding, or another metric. Additionally, while the OECD aligns with the described structure, the lack of specificity regarding the type of expenditure makes the query underspecified.",0.0,0,0.0,['The Prescription Drug User Fee Act (PDUFA)'],0,0.9090909091,1.0
In which town was the amusement park that is operated by Britannia Jinky Jersey Ltd located where the first  Tomorrow's Parties Festival was held?.,"In which town was the holiday park operated by Britannia Hotels located, where the All Tomorrow's Parties festival was held?",['Camber Sands'],['Camber Sands'],"The query requires identifying a specific amusement park operated by a particular company (Britannia Jinky Jersey Ltd) associated with a specific event (the first Tomorrow's Parties Festival). However, 'Britannia Jinky Jersey Ltd' appears to be a fictitious entity, and 'Tomorrow's Parties Festival' may refer to a non-existent or obscure event. Without verifiable external references or contextual clues confirming these entities' existence or association, the query lacks sufficient specificity to produce a definitive answer. The ambiguity surrounding the validity of the entities involved renders the query underspecified.",1.0,1,1.0,['Camber Sands'],1,1.0,1.0
"SWX Right Now airs on the station that broadcasts on what channel in Billings, Montana?","SWX Right Now airs on KULR-TV, which broadcasts on what channel in Billings, Montana?",['8'],['Channel 8'],"The query seeks the channel number for the station airing 'SWX Right Now' in Billings, Montana. While the location (Billings, Montana) and the program name ('SWX Right Now') are provided, the query lacks specificity regarding which television station in Billings broadcasts this program. Multiple stations may carry similar programming, and without additional context (e.g., station call sign, network affiliation, or other identifying factors), the query cannot be resolved unambiguously. The absence of a unique identifier for the station renders the query underspecified.",0.6666666667,0,1.0,['Channel 8'],0,0.6666666667,1.0
Macclesfield Town F.C. plays in the league sponsored by whom?,"Macclesfield Town F.C. plays in the National League, which is sponsored by whom?",['Vanarama'],"['Macclesfield Town F.C. was dissolved in 2020. Its phoenix club, Macclesfield F.C., plays in leagues sponsored by various local and regional sponsors, depending on the season.']","The query seeks the sponsor of the league in which Macclesfield Town F.C. competes. While the club and its league affiliation are explicitly mentioned, the term 'the league' is ambiguous. Without specifying the league's name (e.g., EFL League One, FA Cup, etc.) or additional contextual clues, the query requires external knowledge to identify the correct league. This ambiguity introduces uncertainty about which league's sponsor is being asked for, making the query reliant on assumptions rather than direct specifications.",0.0,0,0.0,['Macclesfield Town F.C. was dissolved in 2020 and no longer plays in the National League.'],0,0.0,0.0
hree Men on a Horse is a play by a playwright born in which year ?,Three Men on a Horse is a play co-written by George Abbott. In which year was this playwright born?,['1887'],['1901'],"The query contains a typographical error ('hree' instead of 'Three'), which may lead to confusion about the intended play title. Additionally, ""Three Men on a Horse"" does not appear to be a widely recognized play title in standard literary databases. Even if assuming the title is correct, the query fails to specify critical contextual clues such as the play's originating country, theater company, or historical period, which are essential for accurately identifying the playwright. Without resolving these ambiguities, the query cannot be definitively answered.",0.0,0,0.0,['1887'],1,1.0,1.0
Who beat the Missouri Tigers in what is alternatively known as the Border Showdown?,Which team defeated the Missouri Tigers in the 2008 Border Showdown?,['The 2008 Kansas Jayhawks'],['Kansas Jayhawks'],"The query references 'the Border Showdown,' a colloquial name for competitive matchups between Missouri-based teams and their rivals. While 'Missouri Tigers' clearly identifies the team, the phrase 'Border Showdown' is ambiguous without additional context (e.g., opponent, timeframe). The term could refer to various games (e.g., Missouri vs. Kansas, Missouri vs. Arkansas, or even non-state rivals), and without specificity, the answer depends on which historical game is being referenced. The lack of temporal or contextual details renders the query underspecified.",0.8,0,0.5,['Kansas Jayhawks'],0,0.8,1.0
Who was the film which was Kim Dae-woo's directing debut about ?,What kind of character was Kim Dae-woo's directing debut film about?,['a scholar'],['The film was about a Joseon-era gisaeng (courtesan).'],"The query contains grammatical ambiguity and unclear phrasing. The phrase 'who was the film ... about' misuses syntax; 'film' cannot be the subject of a question asking 'who was...' This suggests a conceptual misunderstanding. Furthermore, while the intent appears to be identifying the subject/matter of Kim Dae-woo's directorial debut film, the query fails to explicitly clarify whether it seeks the film's title, theme, or other details. Without resolving these ambiguities, the query remains underspecified.",0.0,0,0.0,['A sexually inexperienced scholar.'],0,0.5,0.5
"In what country does the director of Shirin in Love, live?",What is the nationality of the director of the 2014 film Shirin in Love?,['Iranian'],['United States'],"The query asks for the nationality/country of residence of the director of 'Shirin in Love.' To answer this, three critical pieces of information must be resolved: 1) Identifying the correct film titled 'Shirin in Love' (which may be ambiguous or non-existent), 2) Determining the director(s) of that film (if multiple directors exist), and 3) Establishing the current country of residence of the identified director. While 'Shirin' (2014) is an Iranian film directed by Asghar Farhadi, the title 'Shirin in Love' may refer to a different work or be misinterpreted. Additionally, even if the director is known, their current residence (e.g., Asghar Farhadi now residing in France) may not be universally agreed upon or stable. Without explicit confirmation of the film's identity, director, and current residency, the query lacks sufficient specificity.",0.0,0,0.0,['Iranian-American'],0,0.0,0.25
"Which Independent Spirit Award was an actress, who was in a film directed by Neil LaBute, nominated for?",For which Independent Spirit Award was Gretchen Mol nominated for her role in Neil LaBute's film 'The Shape of Things'?,['Best Female Lead'],['Best Female Lead'],"The query seeks to identify a specific Independent Spirit Award linked to an actress in a Neil LaBute-directed film. However, it lacks critical specificity: (1) It does not name the actress or film, implying multiple possible candidates exist; (2) Multiple actresses in LaBute's films may have been nominated for different awards across various years. Without narrowing down to a single film or individual, the query cannot uniquely resolve to a definitive answer. Additionally, the phrasing 'was an actress' suggests a singular entity, but the structure allows for ambiguous interpretations (e.g., the award itself being associated with an actress, rather than the actress being nominated for the award).",1.0,1,1.0,['Best Supporting Female'],0,0.6666666667,0.0
"Henry Josey played college football at ""The Zou""- more commonly known as what?","Henry Josey played college football for the University of Missouri. What is the more common name for their home stadium, which is sometimes colloquially referred to as 'The Zou'?",['Faurot Field'],['University of Missouri'],"""The Zou"" appears to be a non-standard or incorrect reference to a college football program. The query relies on the assumption that ""The Zou"" is a recognized alternate name for a specific collegiate athletics team, but no widely known college uses this moniker. Additionally, the phrasing suggests potential typos or misunderstandings (e.g., 'Zou' may be intended as 'Ohio', 'Oklahoma', or other similar-sounding names). Since the query lacks explicit contextual clues linking ""The Zou"" to a specific institution, the query remains ambiguous and requires clarification to resolve.",0.0,0,0.25,['Faurot Field'],1,1.0,1.0
Spill.com gave their final review for a movie directed by who?,"Spill.com gave their final review for the movie 'The Founder', which was directed by who?",['John Lee Hancock'],['David Fincher'],"The query asks for the director of a movie based on a 'final review' from Spill.com. However, it lacks critical specificity: (1) The movie title is omitted entirely, making it unclear which film is being referenced; (2) 'Final review' could refer to any recent review, but without temporal context or identification of the specific work, the query cannot resolve to a unique answer. The absence of the movie's name renders the question unable to be answered definitively without additional information.",0.0,0,0.0,['John Lee Hancock'],1,1.0,1.0
"when was the album that includes the song by Dustin Lynch released to country radio on February 17, 2017?","When was the album that includes Dustin Lynch's song 'Small Town Boy', which was released to country radio on February 17, 2017, released?","['September 8, 2017']","[""The album 'Current Mood' by Dustin Lynch was released on September 8, 2017.""]","The query lacks specificity regarding which song by Dustin Lynch is being referenced. While the date February 17, 2017, is provided, it is unclear whether this date refers to the release of the song or the album. Additionally, Dustin Lynch has multiple songs and albums, and without identifying the specific song, it is impossible to determine the corresponding album or its release date. The ambiguity surrounding the song title and the relationship between the date and the album's release renders the query underspecified.",0.4,0,1.0,"['September 8, 2017']",1,1.0,1.0
What disease is the Wolf Prize winner and Vadim  Bereinskii-inspired Nobel laureate suffering from?,"What disease did David J. Thouless, the Wolf Prize winner in Physics (1990) and Nobel laureate in Physics (2016) known for his work on the Berezinskii–Kosterlitz–Thouless transition, suffer from?",['dementia'],"[""Parkinson's disease""]","The query contains ambiguous references that lack clarity. First, 'Vadim Bereinskii' appears to be a misspelled or fictional name (no notable scientist by this exact name exists). Second, the connection between the Wolf Prize winner and the Nobel laureate is unclear—there is no established link between these two prizes or their recipients. Additionally, the phrase 'inspired by' implies a conceptual relationship rather than a direct identity, further complicating identification. Without explicit names or clear contextual clues, the query fails to specify a unique individual or condition.",0.0,0,0.0,['Dementia'],1,1.0,1.0
"The saint in ""A Time for Miracles"" was born on what date?","What was the birth date of Elizabeth Ann Seton, the saint portrayed in the 1980 biographical drama film ""A Time for Miracles""?","['August 28, 1774']","['November 26, 1774']","The query references 'A Time for Miracles,' a non-fiction book by Laura Hillenbrand about Jim Jones, the founder of the Peoples Temple cult. The book focuses on historical events and figures related to Jones, not religious saints. The term 'saint' implies a canonical religious figure, which is inconsistent with the content of the book. Additionally, the query assumes the existence of a saint within the narrative, which is unfounded. Without explicit clarification or correction of the book's subject matter, the query lacks sufficient context to retrieve a valid answer.",0.3333333333,0,0.0,"['August 28, 1774']",1,1.0,1.0
"What is the name of the presidential memorial in Washington, D.C that connects to an artificial island?","What is the name of the presidential memorial in Washington, D.C. that is situated on a peninsula almost entirely surrounded by the waters of the man-made Tidal Basin?",['Jefferson Memorial'],['Thomas Jefferson Memorial'],"The query seeks a presidential memorial in Washington, D.C., linked to an artificial island. While Washington, D.C. contains notable memorials (e.g., Lincoln, Jefferson), none are explicitly associated with an artificial island. The Tidal Basin, a prominent location near the National Mall, is sometimes referenced as an island-like feature, but it is naturally formed rather than artificially constructed. Additionally, the concept of an 'artificial island' in this context is vague without further clarification (e.g., specific park names or architectural features). Without definitive references to a known landmark meeting both criteria, the query lacks sufficient specificity to yield a unique answer.",0.8,0,0.5,['Jefferson Memorial'],1,1.0,1.0
"""Outside of Heaven"" is a popular music song which a recording by Eddie Fisher was made at a building that in 1976 was purchased by who for $3 millon?",The New Yorker Hotel was purchased in 1976 for $3 million by who?,['the Unification Church'],['The Church of Scientology'],"The query contains multiple components: (1) reference to the song ""Outside of Heaven,"" (2) association with Eddie Fisher's recording, (3) location (a building), and (4) historical transaction details (purchase in 1976 for $3 million). While these elements are logically connected, the query fails to specify the **exact name or identifier** of the building where the recording took place. Critical ambiguity arises from the absence of a specific location (e.g., Studio 54, RCA Building, etc.), making it impossible to confirm the ownership details in 1976. Additionally, the connection between Eddie Fisher's recording and the building requires contextual verification (e.g., whether he recorded there). These gaps render the query underspecified.",0.4,0,0.0,['Unification Church'],1,1.0,1.0
Where did Otto von Bismarck and Ludwig Friedrich Leopold von Gerlach originate? ,From which historical state or political entity did Otto von Bismarck and Ludwig Friedrich Leopold von Gerlach originate?,['Prussia'],"['- Otto von Bismarck: Schönhausen, Prussia (now Germany)  \n- Ludwig Friedrich Leopold von Gerlach: Berlin, Prussia (now Germany)']","The query asks for the places of origin of two individuals. Otto von Bismarck is a historically significant figure whose birthplace (Berlin) and nationality (Prussian/German) are well-documented. However, 'Ludwig Friedrich Leopold von Gerlach' is not a widely recognized historical figure. There may be ambiguity due to potential typos, alternative spellings, or lack of public records about this individual. Since the query includes an unspecified person with no contextual clues, the request cannot be fully resolved without further clarification on the identity of Gerlach.",0.1176470588,0,1.0,['Kingdom of Prussia'],0,0.5,1.0
When was the singer of Miss Emily's Picture born?,When was the singer of the song 'Miss Emily's Locket' born?,"['August 11, 1946']","[""John Conlee, the singer of 'Miss Emily's Picture,' was born on August 11, 1946.""]","The query requires identification of the singer associated with the song 'Miss Emily's Picture.' While the song title may refer to a known track (e.g., 'Miss Emily' by Shakin' Stevens), the phrasing 'Miss Emily's Picture' introduces ambiguity. The term 'Picture' could imply a visual artwork rather than a musical composition, potentially referencing a different entity entirely (e.g., a painting or album cover). Additionally, without explicit clarification of the song's origin, artist, or cultural context, the query lacks sufficient constraints to definitively identify the intended singer. This ambiguity renders the query underspecified.",0.375,0,1.0,"['Johnny Cash was born on February 26, 1932.']",0,0.0,0.0
On what street was the hotel located where the fire happened that ranked one above the MGM Grand fire in severity?,"On what street was the hotel located that experienced the deadliest hotel fire in U.S. history by fatalities, a fire that ranks one position higher than the 1980 MGM Grand fire in terms of fatalities?",['Peachtree Street'],['South Virginia Street'],"The query requires identifying a specific fire event that ranks 'one above' the MGM Grand fire in severity. However, several critical elements are ambiguous: (1) The ranking criterion (e.g., fatalities, economic loss, or societal impact) is unspecified; (2) Multiple historic fires could potentially qualify depending on the metric used; (3) The MGM Grand fire itself refers to different incidents (e.g., 1980s vs. 2005), each with varying contexts. Additionally, the query assumes a singular, uniquely identifiable fire, but no authoritative source is referenced to resolve ties or clarify metrics. These gaps prevent unambiguous resolution.",0.4,0,0.0,['North Lincoln Avenue'],0,0.0,0.0
What is the original name of the place where The 1st Minnesota Light Artillery Battery mustered?,What is the original name of the place where The 1st Minnesota Light Artillery Battery mustered in 1861?,['Fort Saint Anthony'],['Fort Snelling'],"The query seeks the 'original name' of the location where a specific military unit ('The 1st Minnesota Light Artillery Battery') mustered. While the unit's designation is precise, the query lacks critical contextual details (e.g., date, county, or geographic specificity) needed to unambiguously identify the muster location. Historical records may contain multiple instances of similar-named units mustering in different towns, some of which may have changed names over time. The absence of temporal or regional constraints makes it impossible to definitively narrow down the answer without further clarification.",0.4,0,0.25,['Fort Snelling'],0,0.4,0.0
What entity with the capital city of Ciudad Victoria is a home to the northern grasshopper mouse?,"Which Mexican state, with Ciudad Victoria as its capital, is home to the northern grasshopper mouse?",['Tamaulipas'],['Tamaulipas'],"The query seeks an entity (likely a country, state, or region) with Ciudad Victoria as its capital that hosts the northern grasshopper mouse. While Ciudad Victoria is the capital of Coahuila, Mexico, the northern grasshopper mouse is primarily associated with arid regions of Texas and New Mexico in the U.S., not Mexico. The query assumes geographic proximity between Ciudad Victoria and the mouse's habitat without explicit confirmation. Additionally, 'entity' is ambiguous (country vs. state), and the connection between the capital and the mouse's range is speculative. The lack of clarity on the entity type and geographic validity renders the query underspecified.",1.0,1,1.0,['Tamaulipas'],1,1.0,1.0
